symbol,ratio,type,2020,2021,2022,2023
AALI,Cash Ratio,Liquidity,0.4862722914177135,0.6315598829339527,0.5148068208553688,0.482815281567568
AALI,Current Ratio,Liquidity,3.312619316197547,1.579460156674154,3.600013444140328,1.833576369328162
AALI,DER,Solvency,0.2999032182014413,0.2762671301571855,0.1869470615642281,0.1819151441596344
AALI,Debt Ratio,Solvency,0.2024364219137733,0.1873823228269192,0.1385934520231909,0.1388413735542614
AALI,GPM,Profitability,0.1575415656783472,0.1985858263251515,0.175096825993029,0.1335703456845741
AALI,NPM,Profitability,0.0442967031021304,0.0810525906371042,0.0790984173005028,0.0508977066948533
AALI,Operating Margin,Profitability,0.0982875936424455,0.1413489933084582,0.1086021539365504,0.0607358530702095
AALI,Quick Ratio,Liquidity,1.9604693094472208,1.0232942576298625,1.9461864185930515,1.0552558498004063
AALI,ROE,Profitability,0.0444255598442297,0.095608256618397,0.079625717296092,0.047960339833971
AALI,ROI,Profitability,0.0341760518953845,0.0749124179094245,0.0670844723193944,0.0405784967482347
ABBA,Cash Ratio,Liquidity,0.0723660825422305,0.0341519741822739,0.2319577543403974,0.0828213733071657
ABBA,Current Ratio,Liquidity,0.3952103585893552,0.3604771143820401,1.076424479582981,0.5511256114330773
ABBA,DER,Solvency,-10.671251153295852,0.3766397972836851,0.7174250551559839,5.242856468510139
ABBA,Debt Ratio,Solvency,0.4709652674019832,0.1961199719045249,0.2687657243292352,0.3733786562951657
ABBA,GPM,Profitability,0.4825991237419673,0.4581161309018253,0.4222250887530024,0.2948776503189477
ABBA,NPM,Profitability,-0.283064327063023,-0.131980975130775,-0.129364453388997,-0.2176808649422207
ABBA,Operating Margin,Profitability,-0.3185094108665158,-0.1843931715671585,-0.1404844986563351,-0.2337434901743377
ABBA,Quick Ratio,Liquidity,0.3589517484932339,0.32769589535626,1.0516199137286808,0.5314044892392739
ABBA,ROE,Profitability,4.589519356490645,-0.0815482332436025,-0.1511475182638351,-2.263403564898383
ABBA,ROI,Profitability,-0.5049463086124061,-0.0603886650573926,-0.0902070794387579,-0.3734009385014868
ABDA,NPM,Profitability,0.1523419493762886,0.199552377039325,0.1209115855446727,0.0971605645174988
ABDA,ROE,Profitability,0.099630714870054,0.1040735103257169,0.0605437767915847,0.05461060241786
ABDA,ROI,Profitability,0.099630714870054,0.1040735103257169,0.0605437767915847,0.05461060241786
ABMM,Cash Ratio,Liquidity,0.0704385562004853,0.1055786068687221,0.0645581312804099,0.0848353458564955
ABMM,Current Ratio,Liquidity,1.1959299586892589,1.652334986148174,1.1454459458010928,0.9858177349624307
ABMM,DER,Solvency,2.300243592927962,1.1143458770149828,1.7056787269231568,1.3704185296272284
ABMM,Debt Ratio,Solvency,0.5142438236567701,0.3715756801550557,0.4734955083474815,0.4823027432070786
ABMM,GPM,Profitability,0.1674039878433141,0.3585176202949,0.361047657395067,0.2625896379119529
ABMM,Interest Coverage Ratio,Solvency,0.3712597926774836,5.27868079773009,7.540415576860157,2.8803560622304154
ABMM,NPM,Profitability,-0.0588044084081193,0.1448369386829875,0.1867207300359032,0.1935705146983716
ABMM,Operating Margin,Profitability,0.066498703010499,0.2970079562547193,0.2737628196733744,0.204706863486036
ABMM,Quick Ratio,Liquidity,1.0523569119404197,1.5199095206024795,1.055253412370557,0.9014743892082084
ABMM,ROE,Profitability,-0.1928186601932051,0.4281450733411428,0.4904218591419365,0.3807543459734402
ABMM,ROI,Profitability,-0.0624883051590662,0.2221370313944202,0.1926410283363197,0.1727363106713724
ACES,Cash Ratio,Liquidity,0.2329746049786236,0.8266404148630019,0.9321658735601276,0.6599308187135176
ACES,Current Ratio,Liquidity,5.958776183673139,7.185936412098564,8.007136806017325,7.415130604576036
ACES,DER,Solvency,0.1564245635322797,0.1504276060452457,0.1202498277513516,0.1424522264550297
ACES,Debt Ratio,Solvency,0.1154578835070183,0.1163491792630384,0.0977002146951508,0.1128732053840635
ACES,GPM,Profitability,0.4936323870368337,0.4909782598980912,0.4832245761165369,0.4858320847048604
ACES,Interest Coverage Ratio,Solvency,11.997990312017771,12.267917467316128,14.939052632888774,14.863519017806553
ACES,NPM,Profitability,0.0989098220779887,0.1055681248502585,0.0982348339561783,0.10030490301244
ACES,Operating Margin,Profitability,0.1150702916206925,0.1182168806884323,0.1103624338440635,0.1133527783967801
ACES,Quick Ratio,Liquidity,3.0553020948178955,3.908668901349819,3.8105102427769655,3.925266698239241
ACES,ROE,Profitability,0.1376451653427608,0.1245403015213317,0.1127944849199361,0.1242815928694588
ACES,ROI,Profitability,0.1376451653427608,0.1245403015213317,0.1127944849199361,0.1242815928694588
ACST,Cash Ratio,Liquidity,0.0,0.0037324116888891,0.0367019210200415,0.0457822286613801
ACST,Current Ratio,Liquidity,0.8435650592592734,1.40323858491159,1.1496880336713295,0.9985521110975938
ACST,DER,Solvency,3.931466347026988,0.0475384084971598,0.0344934882280917,0.1157772981290136
ACST,Debt Ratio,Solvency,0.3542829610494693,0.0208047482705742,0.0105024859973169,0.0166135000931469
ACST,GPM,Profitability,-0.2456275961472199,-0.0988090355670244,-0.3008544947775516,-0.0170413484970876
ACST,NPM,Profitability,-1.0986193457646736,-0.4653525759180448,-0.4329424132244158,-0.1149747322779083
ACST,Operating Margin,Profitability,-0.9320906421217025,-0.4418457305989077,-0.4802926114170532,-0.1090329659292197
ACST,Quick Ratio,Liquidity,0.8263977116818337,1.3752035949099526,1.1302853806876352,0.9860722488267584
ACST,ROE,Profitability,-4.806251135084087,-0.6411854504021991,-0.6984032895688742,-0.7216520456901065
ACST,ROI,Profitability,-0.9785709795627078,-0.6121804322015028,-0.6751273463384262,-0.6467706834510845
ADCP,Cash Ratio,Liquidity,0.0,7.104028914906602e-05,0.0,0.0854554204510221
ADCP,Current Ratio,Liquidity,1.337158679957048,1.033017163383632,0.9604865366249652,1.332553931337962
ADCP,DER,Solvency,0.2250729373045796,0.4374121534778776,0.3214350937720689,0.4646854601792078
ADCP,Debt Ratio,Solvency,0.0948107270677616,0.1536540094635529,0.1249930054316537,0.1800429405176598
ADCP,GPM,Profitability,0.17973220845625,0.2604412326680559,0.2585323633604147,0.2632864967337817
ADCP,Interest Coverage Ratio,Solvency,0.0,0.0,21.669396272630003,10.68402474627359
ADCP,NPM,Profitability,0.1363574147087088,0.2312636816861631,0.1771914176990187,0.1781789638476678
ADCP,Operating Margin,Profitability,0.1426825504895464,0.2082462888907343,0.202291656941445,0.2040657703325655
ADCP,Quick Ratio,Liquidity,0.17534729912419,0.1140461360252569,0.0786344853256405,0.1391026515201633
ADCP,ROE,Profitability,0.0676462371821589,0.0620709447581156,0.0427256535934904,0.0451275861826958
ADCP,ROI,Profitability,0.0552532082697706,0.0432116752756888,0.0323572861701594,0.0308213890048761
ADES,Cash Ratio,Liquidity,1.169280721729798,0.6168157783930215,0.7207550280897773,2.071278454155428
ADES,Current Ratio,Liquidity,2.970374647933362,2.509228034743467,3.2008566302474493,4.116641121232607
ADES,DER,Solvency,0.0120255585946199,0.0041121159971417,0.0018069635520768,0.0003942634095807
ADES,Debt Ratio,Solvency,0.008786064950547,0.0030580289362537,0.0014657428192578,0.0003270697713676
ADES,GPM,Profitability,0.5087367308023595,0.5342544715664519,0.5195632505855962,0.5316061870470584
ADES,Interest Coverage Ratio,Solvency,-532.7697368421053,472.9409221902017,1074.9097387173397,2801.693641618497
ADES,NPM,Profitability,0.2016576472754706,0.2842103574579579,0.2827066317994224,0.2594639596970065
ADES,Operating Margin,Profitability,0.2620098490563796,0.349738791006069,0.3417480511110836,0.3173041309257298
ADES,Quick Ratio,Liquidity,2.5339046301189265,2.142878967980415,2.6192706472622773,3.593482902407518
ADES,ROE,Profitability,0.1938436106368521,0.2740290178456347,0.2734208546967567,0.2288103650809801
ADES,ROI,Profitability,0.1938436106368521,0.2740290178456347,0.2734208546967567,0.2288103650809801
ADHI,Cash Ratio,Liquidity,0.0019291473849354,0.0057664990632594,6.0561819733008494e-05,0.0093028184466081
ADHI,Current Ratio,Liquidity,1.1110620245017289,1.0152113634222777,1.2072055062606275,1.1440834693553894
ADHI,DER,Solvency,1.7604676503768335,1.8795295139780688,1.2484715269412665,1.400111020030531
ADHI,Debt Ratio,Solvency,0.2564071214549132,0.2637828564481,0.2620476350034146,0.2979047179307765
ADHI,GPM,Profitability,0.1603033348841097,0.152329061347268,0.1325770703968779,0.1157240054830734
ADHI,Interest Coverage Ratio,Solvency,1.3565341172562089,1.4520050177448929,1.5071638740187134,1.9788700057169355
ADHI,NPM,Profitability,0.0022144062369155,0.0047860300815455,0.0059961706515362,0.0106618843990773
ADHI,Operating Margin,Profitability,0.0920408706544104,0.072161866876903,0.0557733719020134,0.0528102475246768
ADHI,Quick Ratio,Liquidity,0.8776637668527557,0.7758393681484063,0.925056330660073,0.916527621076218
ADHI,ROE,Profitability,0.0043215094134015,0.0098548157454634,0.0096798239688389,0.0248405751933689
ADHI,ROI,Profitability,0.0015677764965552,0.0034248368827444,0.0043083973047286,0.0103542026347475
ADMF,Current Ratio,Liquidity,2.376387864739759,7.832100298205865,2.1809227421931463,2.422545266023438
ADMF,DER,Solvency,2.118033635368457,1.24194176142016,1.0647496019391598,1.4583202620978446
ADMF,Debt Ratio,Solvency,0.5808533919208797,0.4686324767579085,0.4290433002419347,0.5226242454096661
ADMF,GPM,Profitability,0.5356870993924937,0.5488162401198148,0.5653572827866936,0.5748834771221297
ADMF,NPM,Profitability,0.1320060217748738,0.1822267505882904,0.2429744501936086,0.2548886901516092
ADMF,Operating Margin,Profitability,0.0060162401543131,-0.0247633171109157,0.0511067254628046,0.0837146191518783
ADMF,ROE,Profitability,0.1280295943904184,0.1356210092761624,0.1600372035127037,0.1749473055976564
ADMF,ROI,Profitability,0.0413926323695032,0.0610431903679714,0.0781456361841958,0.0715531712599943
ADMG,Cash Ratio,Liquidity,0.2932115327746689,0.2271666589629754,0.0,0.0936204454319717
ADMG,Current Ratio,Liquidity,3.48641949762769,3.4567055075835893,2.715804929644447,2.0142209697255957
ADMG,GPM,Profitability,-0.1172828537059469,-0.0015936165659821,-0.0714237095962624,-0.0186524046904144
ADMG,NPM,Profitability,-0.253207045601674,0.0018435790369098,-0.187316374026853,-0.1823944483099096
ADMG,Operating Margin,Profitability,-0.1781493109000349,-0.0320070631998621,-0.1096631793817806,-0.0683678890654323
ADMG,Quick Ratio,Liquidity,1.9389969454477296,1.978502660046712,1.3217870971858012,0.9654696234798452
ADMG,ROE,Profitability,-0.229174098156864,0.0020400542886527,-0.1840983530249282,-0.1516965705921225
ADMG,ROI,Profitability,-0.229174098156864,0.0020400542886527,-0.1840983530249282,-0.1516965705921225
ADMR,Cash Ratio,Liquidity,0.0474767939365837,0.4479355478721902,0.7788888940825548,0.1032160506676661
ADMR,Current Ratio,Liquidity,2.134201578945731,3.424622291138573,3.280507183705277,4.217179987327591
ADMR,DER,Solvency,1.9445286495327403,3.1398273587114,0.915790896902682,0.4340259046336711
ADMR,Debt Ratio,Solvency,0.5854513074659374,0.6573677013011848,0.3804479734077308,0.2499399128103517
ADMR,GPM,Profitability,-0.090595760944762,0.522524069695973,0.5890209162279003,0.5370463731020638
ADMR,Interest Coverage Ratio,Solvency,-2.393823784933497,14.144598129791143,19.06573028018185,19.021797632174003
ADMR,NPM,Profitability,-0.2293959843309788,0.3370721382750735,0.3658133762920167,0.4061117498428381
ADMR,Operating Margin,Profitability,-0.2171589865780198,0.467982647606275,0.5063366893156712,0.52832233608309
ADMR,Quick Ratio,Liquidity,1.5953441907013874,3.0662806170489856,3.010091010333252,3.894189944382312
ADMR,ROE,Profitability,-0.1098518345458414,0.7671775837662336,0.621530587366592,0.4517134117552939
ADMR,ROI,Profitability,-0.0373771558598582,0.1855641086711989,0.3251673334810315,0.3156773660514907
ADRO,Cash Ratio,Liquidity,0.1830717000182545,0.1676351650094964,0.3140842618953451,0.2420310841809375
ADRO,Current Ratio,Liquidity,1.5126493222688338,2.084473816025465,2.173353593363383,2.01478292308946
ADRO,DER,Solvency,0.406261987888192,0.3885468891263253,0.2626971085217275,0.2125095826398593
ADRO,Debt Ratio,Solvency,0.2363177000754987,0.2118553524110392,0.1467816674112506,0.1374291718734528
ADRO,GPM,Profitability,0.2275206896524517,0.4432434246545836,0.5742709042099754,0.389299915489794
ADRO,Interest Coverage Ratio,Solvency,3.185876432764887,18.33920128638971,57.64137589639302,22.409452420805305
ADRO,NPM,Profitability,0.0579629815191637,0.2337986304066553,0.307696522968074,0.2518485456818476
ADRO,Operating Margin,Profitability,0.1616337428526117,0.3948876429539977,0.5278681042491242,0.336192738505047
ADRO,Quick Ratio,Liquidity,1.4208230597166795,1.9921251977513996,2.091964819784336,1.934662430440879
ADRO,ROE,Profitability,0.0395807741212473,0.2256566701637505,0.4138166849251402,0.2423620897183147
ADRO,ROI,Profitability,0.0288748408392485,0.1652175713711512,0.3306649760365112,0.2026463180473009
AGII,Cash Ratio,Liquidity,0.1744558123868468,0.2868695602546885,0.2182542048841276,0.0
AGII,Current Ratio,Liquidity,1.009179180071675,1.0325416277985664,1.1666753881782548,0.0
AGII,DER,Solvency,0.9974533995267034,1.163461025358637,1.0467234465102535,0.0
AGII,Debt Ratio,Solvency,0.4657952065433792,0.5020384957056678,0.4726600595947097,0.0
AGII,GPM,Profitability,0.4265798181958605,0.4495980558000856,0.4423088700935209,0.0
AGII,NPM,Profitability,0.0440603808006566,0.0745516397066904,0.0380246388084199,0.0
AGII,Operating Margin,Profitability,0.1630204841560037,0.2072901654840984,0.1643176709803465,0.0
AGII,Quick Ratio,Liquidity,0.7319580352034714,0.800623438436717,0.8842389710401194,0.0
AGII,ROE,Profitability,0.0289907716178385,0.0579561517544407,0.0273548907283117,0.0
AGII,ROI,Profitability,0.0148681479708583,0.0277503241431611,0.0138679541479964,0.0
AGRO,DER,Solvency,0.0602803106756445,0.1050678254882216,0.0326123327029734,0.0265410030446678
AGRO,Debt Ratio,Solvency,0.0092257275218603,0.0153096955004801,0.007952214600431,0.0072967989317645
AGRO,Free Cash Flow,Liquidity,775550251000.0,-1100294868000.0,225389227000.0,-847205149000.0
AGRO,NPM,Profitability,0.0431454725622926,-3.1099780349491404,0.0156257185119245,0.0438589132901505
AGRO,ROE,Profitability,0.0072907977166356,-1.2392672165269072,0.0033815903948147,0.0071196664506956
AGRO,ROI,Profitability,0.0068801195060633,-1.1226143255920429,0.0033660962663731,0.0070893303431524
AGRS,DER,Solvency,1.5623958463826917,1.5283397349830516,1.1104908157230886,0.8010490103803933
AGRS,Debt Ratio,Solvency,0.3012267563490489,0.3204518681786334,0.252877598385585,0.221937635296123
AGRS,Free Cash Flow,Liquidity,-2396417000000.0,-1321801000000.0,-247057000000.0,-2004831000000.0
AGRS,NPM,Profitability,-0.8019652031178441,0.0328653601163284,0.194481781079694,0.304850971541477
AGRS,ROE,Profitability,-0.0930937269388232,0.0042629445630264,0.0248194392630986,0.0341415458067059
AGRS,ROI,Profitability,-0.0365275424481423,0.0016976470638283,0.0118089033748301,0.0189961804510187
AISA,Cash Ratio,Liquidity,0.2040175591112542,0.006944251548568,0.0060393256730526,0.037884126096556
AISA,Current Ratio,Liquidity,0.7484316150143322,0.6010944140440543,0.6751482956419018,0.7526348409700154
AISA,DER,Solvency,0.2844170034777705,0.2490718518412064,0.396052846065874,0.2437674758728525
AISA,Debt Ratio,Solvency,0.1203411089022085,0.1180574398541354,0.1689500917129794,0.1277537778296695
AISA,GPM,Profitability,0.247916554653476,0.2242558415232244,0.2615736855985232,0.3319211766576898
AISA,Interest Coverage Ratio,Solvency,1.9401538674344871,1.3678013331876298,-0.9491478644863036,2.7441785368303973
AISA,NPM,Profitability,0.9391279412715816,0.0037813659074785,-0.033981661693776,0.0110192821298898
AISA,Operating Margin,Profitability,-0.1262152944174184,-0.0089178692059,-0.0169859269736999,0.0712535643800839
AISA,Quick Ratio,Liquidity,0.6383981448003292,0.4629510291380795,0.5031857442925353,0.6093449531524897
AISA,ROE,Profitability,1.4160306419776294,0.006887458143512,-0.0800494934494341,0.0193666965430389
AISA,ROI,Profitability,1.2038456352040434,0.0060518368077113,-0.0617062369149058,0.0163432598088281
AKPI,Current Ratio,Liquidity,1.034220843549413,1.1220053740406106,1.2395458889708035,1.1689640675327249
AKPI,DER,Solvency,0.5977757874293126,0.7538011114036306,0.58579093414193,0.6847758031474833
AKPI,Debt Ratio,Solvency,0.2970430453192433,0.3306291147703801,0.2890303558961561,0.3375350450525569
AKPI,GPM,Profitability,0.1085095400585588,0.1275302632237952,0.1207552657188933,0.0826022784573522
AKPI,Interest Coverage Ratio,Solvency,1.6669763352948976,6.051976216762173,6.003144193414416,0.4052241411331197
AKPI,NPM,Profitability,0.029601806835363,0.0546923584239293,0.0629628491398723,-0.0108851329837373
AKPI,Operating Margin,Profitability,0.0460300920712095,0.0966229799263673,0.1009320754767977,0.0059217948688919
AKPI,Quick Ratio,Liquidity,0.6480078374790164,0.6144636457291164,0.6845246464762856,0.8182811217725925
AKPI,ROE,Profitability,0.0502410395142084,0.1010391517822753,0.1103756207255764,-0.0179458241511031
AKPI,ROI,Profitability,0.0314443615365095,0.0576115222674309,0.0696028829205664,-0.0106517580069567
AKRA,Cash Ratio,Liquidity,0.0106443973992246,0.0066387055920466,0.013901399483096,0.0209092683564302
AKRA,Current Ratio,Liquidity,1.576292635655426,1.2918108146811953,1.4043088566131428,1.4458234591343295
AKRA,DER,Solvency,0.4703210084189597,0.3271789973883802,0.275011488344653,0.4109846919789903
AKRA,Debt Ratio,Solvency,0.2203233244390575,0.130059962999724,0.1109536097844896,0.1529936804401674
AKRA,GPM,Profitability,0.1155976719463218,0.0892034409259314,0.0894491939474422,0.1062910065489447
AKRA,Interest Coverage Ratio,Solvency,16.93367780513511,25.49362240910644,53.95289247035759,51.98676973123192
AKRA,NPM,Profitability,0.0522082986115589,0.0432415531044848,0.0505539664749881,0.0660620299183688
AKRA,Operating Margin,Profitability,0.0680313866396677,0.0562945699344198,0.065834246927126,0.0842269830154731
AKRA,Quick Ratio,Liquidity,0.8640809591474012,0.8074734494403563,0.9415119771544872,1.0664819888751893
AKRA,ROE,Profitability,0.1056762571943212,0.1189512838433495,0.2191052032995515,0.2468651585680252
AKRA,ROI,Profitability,0.0730739437749654,0.0917176315291524,0.1758997954189922,0.1792501344122553
ALDO,Cash Ratio,Liquidity,0.0,0.0,0.0154830348928365,0.0274154281739423
ALDO,Current Ratio,Liquidity,1.765546440415566,1.8307714870112743,1.4057089785478034,1.2894196698862177
ALDO,DER,Solvency,0.2725883560080989,0.327455430758618,0.6847114280350926,0.7152371759655128
ALDO,Debt Ratio,Solvency,0.1312557386189879,0.1886781981303025,0.3312509437786823,0.3280863720600073
ALDO,GPM,Profitability,0.2124288162032158,0.201894003932522,0.1821871522638141,0.1378220407941508
ALDO,Interest Coverage Ratio,Solvency,6.153636662118664,11.143000020084756,6.449831800135412,1.0714263345443322
ALDO,NPM,Profitability,0.0457218001141726,0.052055678921722,0.0465821878326874,0.0016452141792024
ALDO,Operating Margin,Profitability,0.086178810065513,0.0980799628450465,0.0740711984237499,0.0280898637207412
ALDO,Quick Ratio,Liquidity,1.0836492231549508,1.1634350839978094,0.6926717035799931,0.7432548454388346
ALDO,ROE,Profitability,0.1101265447590591,0.1087331334721437,0.0860443340839759,0.003383486694014
ALDO,ROI,Profitability,0.0876347116218334,0.0825838180476796,0.0513001726513011,0.0019899597765488
ALII,Current Ratio,Liquidity,0.1833815181842424,0.5333493329820234,0.226362247461043,0.0
ALII,DER,Solvency,-111.91858733268884,4.888986300152418,2.6752090670910715,0.0
ALII,Debt Ratio,Solvency,0.8518160703648805,0.7301044837257669,0.6567762698233557,0.0
ALII,GPM,Profitability,-0.0628414913909835,0.4826285544303726,0.4494959363144756,0.0
ALII,Interest Coverage Ratio,Solvency,-0.2706943067106789,1.6344746626259663,1.4780872051082328,0.0
ALII,NPM,Profitability,-0.5750423244088922,0.3012651398437427,0.2441042074674514,0.0
ALII,Operating Margin,Profitability,-0.3381385666894297,0.4067453933308037,0.3481932066525426,0.0
ALII,Quick Ratio,Liquidity,0.1833815181842424,0.5333493329820234,0.2216500994460686,0.0
ALII,ROE,Profitability,6.455618538142976,1.0410559262302044,0.474351403802796,0.0
ALII,ROI,Profitability,-0.0589085776828543,0.1802904976163961,0.1302029880896822,0.0
ALMI,Current Ratio,Liquidity,0.6504412525745399,1.4111426145379151,1.269156924015189,0.8701775521901445
ALMI,DER,Solvency,-2.199730889493701,0.7961222206851931,0.6049635354577453,0.5175769516676292
ALMI,Debt Ratio,Solvency,0.4150028352693248,0.3116524341842918,0.2759110731304776,0.206654956514951
ALMI,GPM,Profitability,-0.129783386551115,0.0319345897294136,-0.0200420163647574,-0.1207332923342565
ALMI,Interest Coverage Ratio,Solvency,-3.1674992253369068,0.4239663324329863,-1.3769375352989843,-3.104532040785735
ALMI,NPM,Profitability,-0.2781287377917824,0.0003645773594305,-0.0391926503587031,-0.1883201699013584
ALMI,Operating Margin,Profitability,-0.1519270003562947,0.0084489574898247,-0.0332971817110083,-0.1408824121557063
ALMI,Quick Ratio,Liquidity,0.2014328886097351,0.669252048744544,0.342678175751604,0.2994570350723873
ALMI,ROE,Profitability,0.9912884683417852,0.0010164997053624,-0.0942626192001156,-0.467135083423537
ALMI,ROI,Profitability,-0.8262590194373667,0.0005659412781913,-0.0587319382139304,-0.3078164062192783
AMAG,NPM,Profitability,0.1357578512656072,0.1620085240730231,0.1656054395314135,0.1361840964842638
AMAG,ROE,Profitability,0.0534562504496231,0.0803535425837695,0.0998475200408417,0.0868134090716827
AMAG,ROI,Profitability,0.0534562504496231,0.0803535425837695,0.0998475200408417,0.0868134090716827
AMAN,Cash Ratio,Liquidity,0.1912729599695134,0.272001335769426,0.324755288259042,0.1307130465242237
AMAN,Current Ratio,Liquidity,3.032756508973089,2.923735308880981,3.2349955866958986,2.3741040013537957
AMAN,DER,Solvency,0.1576560594566026,0.1661616453256371,0.2264232959863081,0.2140781022986776
AMAN,Debt Ratio,Solvency,0.1153126433931474,0.1187947571477515,0.1524578497075443,0.1392964463806505
AMAN,GPM,Profitability,0.5869278143480217,0.6049818364230872,0.5888709361925184,0.6545645963816812
AMAN,NPM,Profitability,0.2212654409783125,0.3332383343295952,0.2601806845660936,0.3096430307315673
AMAN,Operating Margin,Profitability,0.2841923268064727,0.3783743321578486,0.3309039197121549,0.3863895927765806
AMAN,Quick Ratio,Liquidity,1.2390109068997828,1.215584733817592,1.5461944919394637,0.9503129624599572
AMAN,ROE,Profitability,0.0338879381189657,0.0544051143650242,0.055171055381622,0.0781558585564758
AMAN,ROI,Profitability,0.0292830677926942,0.0467206904106522,0.0450197577776165,0.0645593428907223
AMAR,DER,Solvency,0.0080728449467636,0.0076587518587702,0.0022196342231705,0.0
AMAR,Debt Ratio,Solvency,0.0021227201024295,0.0015699852996232,0.0015649118788132,0.0
AMAR,Free Cash Flow,Liquidity,754558032000.0,492736305000.0,-2704879000000.0,0.0
AMAR,NPM,Profitability,0.0145093514777709,0.0067910852906054,-0.1892271063832378,0.0
AMAR,ROE,Profitability,0.0080467463555584,0.0038581219008378,-0.0489204234369445,0.0
AMAR,ROI,Profitability,0.0080464873898098,0.0,0.0,0.0
AMFG,Cash Ratio,Liquidity,0.0660887943281288,6.484206289057617e-05,6.293259868334934e-05,6.500466213436828e-05
AMFG,Current Ratio,Liquidity,0.8038807802482608,0.9892133931540268,1.2047449165564088,1.4438861555150737
AMFG,DER,Solvency,1.3292705362107176,0.8660210866137381,0.6450137251718469,0.4342594223598398
AMFG,Debt Ratio,Solvency,0.489162745895735,0.3852416081310995,0.3213762234615323,0.2455222630956406
AMFG,GPM,Profitability,0.0804140040750689,0.2308536039067095,0.2596617913132404,0.2542892485328224
AMFG,Interest Coverage Ratio,Solvency,-2.3197778502717195,6.782701362382637,8.660807972047165,5.991888598781549
AMFG,NPM,Profitability,-0.1143872440839972,0.0671151371095075,0.0784975394699742,0.0986371165278474
AMFG,Operating Margin,Profitability,-0.0789550582583048,0.1020448221924421,0.1464102860008324,0.1462645629159398
AMFG,Quick Ratio,Liquidity,0.3301287383014329,0.3333317771238239,0.3714221558996542,0.4418996130402472
AMFG,ROE,Profitability,-0.1471027227794583,0.0967617051110883,0.1175671447449204,0.1375461387961573
AMFG,ROI,Profitability,-0.0636812696211825,0.0522254383667652,0.0719654818422781,0.0964816837686968
AMMN,Cash Ratio,Liquidity,0.0060871831828148,0.2966211813969151,0.0687516603915317,0.0553480080607657
AMMN,Current Ratio,Liquidity,3.625529370275533,2.528676583626767,3.446784107877356,3.286722988683925
AMMN,DER,Solvency,0.8964653549056532,0.7606333846310328,0.5101655005782503,0.7066801993596
AMMN,Debt Ratio,Solvency,0.3921681283145559,0.3535739017405976,0.2770052865389672,0.3534521564291205
AMMN,GPM,Profitability,0.3576790488741967,0.5025564639046696,0.5790817498326927,0.4435622723908398
AMMN,Interest Coverage Ratio,Solvency,2.1678786297751618,4.663357302505462,10.726113397283743,3.935536655928761
AMMN,NPM,Profitability,0.0860517233472833,0.2440564716025433,0.3863748629917721,0.1240033147024759
AMMN,Operating Margin,Profitability,0.2651015944476456,0.4288331562822348,0.5397011153582778,0.3773178942295161
AMMN,Quick Ratio,Liquidity,2.555816556524939,1.5310905483854438,2.5856615457901637,2.8148633286828915
AMMN,ROE,Profitability,0.0414660274393758,0.1310878116831406,0.3098797902599476,0.0554166413001934
AMMN,ROI,Profitability,0.0218649011077973,0.0744549165246074,0.2051959140513361,0.0324704307936469
AMOR,Cash Ratio,Liquidity,4.439013220269209,4.624396834904909,2.8131759917280768,2.8472524060850666
AMOR,Current Ratio,Liquidity,7.129190300905884,5.66289898564967,5.207011439544388,5.893014591741695
AMOR,DER,Solvency,0.0003278248280814,0.0666233855495834,0.062449111470113,0.0579430825196774
AMOR,Debt Ratio,Solvency,0.000278275212224,0.0529050850068325,0.0491705271941406,0.0467190392017027
AMOR,GPM,Profitability,0.5444452959352611,0.446243388136513,0.5309860407219703,0.5246686360094011
AMOR,Interest Coverage Ratio,Solvency,8512.796812475359,89.38248847926268,124.06068376068376,105.99708454810497
AMOR,NPM,Profitability,0.2845502804999066,0.2970314447406241,0.3009615262482694,0.2851624707755904
AMOR,Operating Margin,Profitability,0.3461698084545316,0.3469953664776285,0.3687357898614233,0.3359721293852016
AMOR,ROE,Profitability,0.2786406638435696,0.3191081754258055,0.3827851373182552,0.3186112382597802
AMOR,ROI,Profitability,0.2785493484513014,0.3191081754258055,0.3827851373182552,0.3186112382597802
AMRT,Cash Ratio,Liquidity,0.0104853544653353,0.0804650153660272,0.0098164197245743,0.017129192517584
AMRT,Current Ratio,Liquidity,0.8846674299378336,0.8678462421457761,0.9007988391896778,1.003646368892135
AMRT,DER,Solvency,0.630979840756745,0.332563616059328,0.2724124800483927,0.128585561859598
AMRT,Debt Ratio,Solvency,0.1803259152038892,0.1120683399944684,0.099422934804506,0.0543439833864112
AMRT,GPM,Profitability,0.2032581849602674,0.2069933653891102,0.206577341916795,0.2156826908355976
AMRT,Interest Coverage Ratio,Solvency,4.4236454621672605,8.64454664302505,20.57592245938232,27.250007690272728
AMRT,NPM,Profitability,0.013998676986314,0.0226828791629766,0.0294587903024003,0.031826332123496
AMRT,Operating Margin,Profitability,0.0092477100468857,0.0206966311400408,0.0281007874505778,0.0298958200661551
AMRT,Quick Ratio,Liquidity,0.3861616418851479,0.3332039982020096,0.37585167648577,0.4189238012765738
AMRT,ROE,Profitability,0.1430155115045545,0.2088053082952956,0.2544470106430256,0.2351659029798674
AMRT,ROI,Profitability,0.0948213169571772,0.1739096277196491,0.2232947471987899,0.2341480129672184
ANDI,Cash Ratio,Liquidity,0.0,0.0385660121621016,0.0,0.0
ANDI,Current Ratio,Liquidity,0.8935737281506142,1.3993854475063383,1.5163099783265608,0.5775796159213726
ANDI,DER,Solvency,0.7588591584183596,0.7365617261193894,0.7013208515838625,0.8857033916180158
ANDI,Debt Ratio,Solvency,0.3969609139616937,0.3803743721360724,0.3768507590930531,0.4280292345663414
ANDI,GPM,Profitability,0.1627235162269151,0.1102011892077486,0.0716634494369048,0.0010173439374386
ANDI,Interest Coverage Ratio,Solvency,0.0536151470290277,0.647459087270403,-0.7041240788782774,-4.672783010920453
ANDI,NPM,Profitability,-0.0390840474871209,-0.009011836329572,-0.0339388982762124,-0.2544268028904666
ANDI,Operating Margin,Profitability,0.0897186585494096,0.0604244336606318,-0.0331616193782575,-0.2874735154753609
ANDI,Quick Ratio,Liquidity,0.6676187332338712,0.876529376033299,1.206747708570796,0.2555308560678279
ANDI,ROE,Profitability,-0.0405700508430654,-0.0125223162869072,-0.0451945778045509,-0.30622435230932
ANDI,ROI,Profitability,-0.0232815385782922,-0.0072437032300192,-0.0266443250508338,-0.1639303997643861
ANJT,Cash Ratio,Liquidity,0.0768782328630557,0.0110284140760224,0.0206240486028136,0.0103014555831913
ANJT,Current Ratio,Liquidity,2.3318749626181026,1.5949623625791882,1.46152314728274,1.0420116724887594
ANJT,DER,Solvency,0.5059538797062126,0.4042420581321441,0.3206813669316248,0.3568500570599527
ANJT,Debt Ratio,Solvency,0.3120038913684031,0.265296637944964,0.2245794164346514,0.246334854793799
ANJT,GPM,Profitability,0.2442974647769498,0.3661112302552312,0.2001432301878061,0.1334346740550086
ANJT,Interest Coverage Ratio,Solvency,5.497732835397159,12.964284343043431,7.751849778815991,1.9683460482569288
ANJT,NPM,Profitability,0.0143078799122806,0.1383773623517372,0.0806982227197395,0.0111044949010409
ANJT,Operating Margin,Profitability,0.0784030951340759,0.220260090207443,0.144879615336994,0.0680665133936311
ANJT,Quick Ratio,Liquidity,1.6243662767285187,1.07030878948484,0.9493161677322892,0.7308133537092363
ANJT,ROE,Profitability,0.0060269526418326,0.0873797800650061,0.0514715028971054,0.0061957212407517
ANJT,ROI,Profitability,0.0040101599961126,0.0624277131175709,0.0390496114470109,0.004568833437198
ANTM,Cash Ratio,Liquidity,0.3364252870382739,0.4236660676464632,0.2630349808813694,0.5846474761089683
ANTM,Current Ratio,Liquidity,1.211465352514629,1.7871774628210515,1.958379258571567,2.339495874745232
ANTM,DER,Solvency,0.4284866646203867,0.3063661031200149,0.1485964326228659,0.0984371897251575
ANTM,Debt Ratio,Solvency,0.2571152289667981,0.1939404889161717,0.1047506202271878,0.0703929159349993
ANTM,GPM,Profitability,0.1635138689210298,0.1654041509827068,0.1787601864004711,0.1538375859515418
ANTM,Interest Coverage Ratio,Solvency,5.109922381995238,9.51190314904556,23.664951671969742,14.4119551928097
ANTM,NPM,Profitability,0.041989392185087,0.0484253917776535,0.0831904067976307,0.0749773196754321
ANTM,Operating Margin,Profitability,0.0731420167152672,0.0739546884369977,0.1080358271118125,0.0647733113770851
ANTM,Quick Ratio,Liquidity,0.8637980337234474,1.3136738590234676,1.471736009171316,1.9348812560922717
ANTM,ROE,Profitability,0.0603669921176203,0.0893475957283842,0.1611402695246462,0.1004348926409273
ANTM,ROI,Profitability,0.0425106907071358,0.0687559366501265,0.1410489657760246,0.0918155297967161
APEX,Cash Ratio,Liquidity,1.0684330690497483,0.1156404855258297,0.1312409070557802,0.0
APEX,Current Ratio,Liquidity,8.282529949155167,3.778649077440444,4.640242294337789,4.628410052320258
APEX,DER,Solvency,1.0301264463876745,1.0463030339055772,1.9796539470809216,1.9310771525974133
APEX,Debt Ratio,Solvency,0.3881608657366625,0.3837769818866923,0.4998563734976297,0.4874703023572235
APEX,GPM,Profitability,0.0968816253929839,0.3594126236176694,0.2486231514467278,0.3098172953444574
APEX,NPM,Profitability,0.8126990847456154,0.0561192767477218,-0.7994924124598646,-0.0216228417559733
APEX,Operating Margin,Profitability,-0.1143930307872701,0.1718815010207943,0.0886043233311933,0.0762989512377147
APEX,Quick Ratio,Liquidity,3.8636067599295942,2.0893454580840536,2.8944933349633453,2.9835497719082635
APEX,ROE,Profitability,0.3512807582458299,0.0278652540803518,-0.9750299269782332,-0.0207360829689091
APEX,ROI,Profitability,0.173812363170778,0.0140649572231643,-0.3359790805098448,-0.0071564348102769
APIC,Cash Ratio,Liquidity,0.140601389314252,0.2390321370816249,0.3591982078576329,0.0
APIC,Current Ratio,Liquidity,1.3893049577490082,1.3034331126367191,2.677000919174032,2.8275943671216144
APIC,DER,Solvency,0.5391526073482844,0.3615388046498808,0.579817416694381,0.6498360964841676
APIC,Debt Ratio,Solvency,0.2086236512758088,0.1237485303043016,0.1846669921604055,0.2269389107563994
APIC,GPM,Profitability,0.1172587386367302,0.0750729562279448,0.0683994655814004,0.0781210378454493
APIC,Interest Coverage Ratio,Solvency,1.7145068666934775,1.034823093435821,1.122702592069734,0.6883941841319214
APIC,NPM,Profitability,0.0449991480792086,0.0464529384297073,0.0672348691566477,0.0502658893938064
APIC,Operating Margin,Profitability,0.0833538861082025,0.0787172244028774,0.0866728754120795,0.0770571952557511
APIC,ROE,Profitability,0.0538800177742054,0.0486333053189403,0.0698110576351793,0.0447174921269253
APIC,ROI,Profitability,0.0351680130768056,0.0359115664226752,0.0444045831618496,0.0272523721452145
APLN,Cash Ratio,Liquidity,0.1034616057131146,0.1155488778751085,0.1539396920127216,0.0601864791203426
APLN,Current Ratio,Liquidity,1.8958829954092176,1.6349913589753695,1.958464632598636,1.3012906015560777
APLN,DER,Solvency,1.1652652350605883,1.2923528124721722,0.8804484727154134,0.702308388602222
APLN,Debt Ratio,Solvency,0.3276169766478087,0.341035828482764,0.2957031186968685,0.2651812718194051
APLN,GPM,Profitability,0.4441328853568717,0.3358159443696261,0.5618953830141704,0.4207300287671037
APLN,NPM,Profitability,-0.0275982945811425,-0.1528012403617677,0.2302582332587626,0.23150493844357
APLN,Operating Margin,Profitability,0.2531069959989562,0.1301882845289784,0.4349584433226088,0.2017304882584334
APLN,Quick Ratio,Liquidity,0.7004993349977215,0.5721525320105932,0.7148654555007881,0.4280430324065301
APLN,ROE,Profitability,-0.0160084857232636,-0.0832300036447422,0.2075567736674094,0.1012211510979334
APLN,ROI,Profitability,-0.0073948986599904,-0.0363076761970961,0.1103762090155506,0.0594611127899374
ARCI,Cash Ratio,Liquidity,0.0098469142278749,0.0060888119959933,0.0057914563847271,0.0099250479818324
ARCI,Current Ratio,Liquidity,0.8090716876124331,0.3930003768266438,0.4326221105452973,0.7740802329257449
ARCI,DER,Solvency,4.212004731016219,1.3060150990966215,1.2605138781726002,1.5434621796949664
ARCI,Debt Ratio,Solvency,0.6618821204727326,0.4405839369513069,0.4352131470182497,0.5042591872981994
ARCI,GPM,Profitability,0.5896198854582264,0.3945845272420845,0.2749976403880421,0.2794915689239076
ARCI,Interest Coverage Ratio,Solvency,10.81630091666956,8.030622894273547,2.639136429728207,1.8713157909431333
ARCI,NPM,Profitability,0.3135828882694156,0.2173278179319826,0.0672160688354795,0.0583651571347967
ARCI,Operating Margin,Profitability,0.5560385041133372,0.3893528463967114,0.1935523076635392,0.2256703869132029
ARCI,Quick Ratio,Liquidity,0.561735085630631,0.199112330035679,0.1798702005372305,0.2764954344609016
ARCI,ROE,Profitability,1.3075763793964583,0.3231014971447628,0.0587104818602721,0.0554963892419636
ARCI,ROI,Profitability,0.2508778189734128,0.1401124811677674,0.0259721837707688,0.0218192311586167
ARGO,Current Ratio,Liquidity,0.0760925482072282,0.0728443206125068,0.0753149349486524,0.3676922072564764
ARGO,DER,Solvency,-0.9383459151977446,-0.9372451290036936,-0.8095685241040047,4.454222014421343
ARGO,Debt Ratio,Solvency,1.042299930041796,1.0736776486056547,0.99081888009422,0.5327749592377523
ARGO,GPM,Profitability,-0.1578719882654581,-0.3553454967257469,0.0262852646153491,0.121028153763718
ARGO,Interest Coverage Ratio,Solvency,-1.1679795847824237,-0.2011427661963123,-0.2633317527375794,-0.1532055033465266
ARGO,NPM,Profitability,-1.273006468148033,-0.4566281722344351,-1.0527332463322097,-0.3407447649580814
ARGO,Operating Margin,Profitability,-0.6465846165497299,-0.105474465838144,-0.0894800332797316,-0.036869528400564
ARGO,Quick Ratio,Liquidity,0.0273220679741173,0.0351529055530673,0.0395112028364112,0.2565828986848565
ARGO,ROE,Profitability,0.0577843624422467,0.0249432623558406,0.0704081680497871,-0.2691747870517442
ARGO,ROI,Profitability,0.9372349395434209,0.3974713350507669,0.3697296768746398,-0.0493516373811017
ARII,Cash Ratio,Liquidity,0.0006473452103197,0.00112211571966,0.0,0.016963333606759
ARII,Current Ratio,Liquidity,0.2007613049400531,0.4440093785250675,0.7214008634641145,0.6972553523090804
ARII,DER,Solvency,3.342267835791152,2.655848256004849,1.500551925773442,1.4658294039414823
ARII,Debt Ratio,Solvency,0.2789036646138325,0.2846049746934798,0.2241773914981336,0.1837820937944102
ARII,GPM,Profitability,-0.1260199240986717,0.1891125676238035,0.2295543151706839,0.0924774330117708
ARII,NPM,Profitability,-0.3307637571157495,-0.004144125398807,0.0907915652021904,-0.0033997484043633
ARII,Operating Margin,Profitability,-0.2535815939278937,0.1248526147870717,0.1691268837837068,0.0240156231624787
ARII,Quick Ratio,Liquidity,0.184658592833349,0.4029163196966744,0.6491616829084897,0.6034878188827824
ARII,ROE,Profitability,-0.4631659359638634,-0.0120728411587906,0.3331394134669889,-0.0144178454842219
ARII,ROI,Profitability,-0.10716783351137,-0.0033232523377481,0.1350960607820364,-0.0058571805718425
ARKA,Current Ratio,Liquidity,1.2894815942282607,1.360528873636356,1.511045121139425,1.7275358451756744
ARKA,DER,Solvency,2.731207087250429,2.6168577672083533,2.3560754289704398,2.0161835343799783
ARKA,Debt Ratio,Solvency,0.5537176683771836,0.5364714385203561,0.4955931619671063,0.4952228867930544
ARKA,GPM,Profitability,0.0380523678852375,0.1490642353812419,0.1229570909418719,0.1707890360137863
ARKA,Interest Coverage Ratio,Solvency,-18.514115903300063,-2.301759476404873,0.0,0.0
ARKA,NPM,Profitability,-0.3688938787586898,0.0475244356958056,0.028674633683219,0.0554920624891147
ARKA,Operating Margin,Profitability,-0.5366647056788064,-0.0690757461249069,0.0187767995350743,0.0492418661634253
ARKA,Quick Ratio,Liquidity,0.8950159337953988,0.8728710637358408,0.9230270870215256,1.03961217270211
ARKA,ROE,Profitability,-0.3342168150395063,0.0362364651864294,0.0604421665731854,0.0913341431649414
ARKA,ROI,Profitability,-0.0913805171206741,0.0102302372449256,0.0183865232749606,0.0309135687044523
ARKO,Cash Ratio,Liquidity,0.1434622434252404,0.0,0.2456124586925243,0.3118229676051953
ARKO,Current Ratio,Liquidity,2.747365538210795,0.3222709682409714,1.1365191266902768,2.1878298506418745
ARKO,DER,Solvency,3.366372145077328,2.527620850639501,1.1329161289437857,1.256360882993662
ARKO,Debt Ratio,Solvency,0.7233167116456429,0.6237788722621683,0.47673448100331,0.4740179525844084
ARKO,GPM,Profitability,0.5595618586826548,0.5500039947496689,0.5128172339833093,0.4137158144049416
ARKO,NPM,Profitability,-0.4343771383573527,0.2467779171339512,0.2124393533796701,0.2185480666642251
ARKO,Operating Margin,Profitability,-0.0695827156701628,0.4592259300851999,0.387457771212093,0.2543079244981872
ARKO,ROE,Profitability,-0.1878647258129734,0.2880972675280668,0.1320149739177784,0.0894617161629627
ARKO,ROI,Profitability,-0.0430548452882866,0.0816690000785768,0.0618941233208039,0.0396486735952752
ARMY,Cash Ratio,Liquidity,0.0300160914873263,0.0,0.0,0.0
ARMY,Current Ratio,Liquidity,3.3359583998425757,0.0,0.0,0.0
ARMY,DER,Solvency,0.1146495758831753,0.0,0.0,0.0
ARMY,Debt Ratio,Solvency,0.0968538230853792,0.0,0.0,0.0
ARMY,GPM,Profitability,0.4792452821088552,0.0,0.0,0.0
ARMY,Interest Coverage Ratio,Solvency,363.92624680709815,0.0,0.0,0.0
ARMY,NPM,Profitability,0.3271990001975314,0.0,0.0,0.0
ARMY,Operating Margin,Profitability,0.2981410237494372,0.0,0.0,0.0
ARMY,Quick Ratio,Liquidity,1.1351511654974231,0.0,0.0,0.0
ARMY,ROE,Profitability,0.0146785540690059,0.0,0.0,0.0
ARMY,ROI,Profitability,0.0131687611843171,0.0,0.0,0.0
ARNA,Cash Ratio,Liquidity,0.7136072153635088,0.9827178860694712,0.6203574300953218,0.6518039916994318
ARNA,Current Ratio,Liquidity,1.9635232861813716,2.40046312782761,2.335233294593599,2.4137643638826014
ARNA,DER,Solvency,0.023200776382986,0.0128033094256354,0.0279855830072704,0.0948623684364389
ARNA,Debt Ratio,Solvency,0.0151195539067301,0.0088359050246953,0.019577592076489,0.0660112110437647
ARNA,GPM,Profitability,0.3178520199930662,0.3597539218067199,0.4069782942584882,0.3694497792804882
ARNA,Interest Coverage Ratio,Solvency,70.06198960960286,227.89290846050335,220.6789981804219,69.76950981998009
ARNA,NPM,Profitability,0.1460445285020603,0.18431486464537,0.222763093820043,0.1819415204566828
ARNA,Operating Margin,Profitability,0.1896001066472692,0.2350944093522963,0.2887405861348064,0.2320627652721233
ARNA,Quick Ratio,Liquidity,1.7608488496968209,2.137867711101173,1.959683740876051,2.0234298504899155
ARNA,ROE,Profitability,0.2515604549175385,0.3041387085112299,0.3193959053310111,0.2441955338014513
ARNA,ROI,Profitability,0.2458563956595151,0.3002939521235452,0.3107007633284602,0.2230376537191467
ARTI,Cash Ratio,Liquidity,0.0004933064298082,0.0,0.0,0.0
ARTI,Current Ratio,Liquidity,0.0531987860477144,0.0126481144349119,0.0403706746496642,0.0
ARTI,DER,Solvency,3.0821207463196494,-0.1203586799327552,-0.0470343969588254,0.0
ARTI,Debt Ratio,Solvency,0.0845998089015936,0.0196335740538354,0.0124163244116864,0.0
ARTI,GPM,Profitability,-0.6409315071886061,-3.7741708566153913,0.1271623831594987,0.0
ARTI,Interest Coverage Ratio,Solvency,-2.0398273534329605,-6.396462156612927,-0.0420691089607927,0.0
ARTI,NPM,Profitability,-23.216172907193258,-22.407229576100452,-0.783763894812014,0.0
ARTI,Operating Margin,Profitability,-5.983159984706851,-10.617797284362467,-0.0152271987460929,0.0
ARTI,Quick Ratio,Liquidity,0.0438722398946915,0.0053715114883161,0.0403706746496642,0.0
ARTI,ROE,Profitability,-26.56284444394852,1.2824331933549606,0.3537842565610031,0.0
ARTI,ROI,Profitability,-6.507118748973066,1.4579046755749536,0.3712455679743115,0.0
ARTO,DER,Solvency,0.0576962558009888,0.0077146914553749,0.0072050763351342,0.0065465312526625
ARTO,Debt Ratio,Solvency,0.0326170377815588,0.0051689261462935,0.0035095764618298,0.0025689524339025
ARTO,Free Cash Flow,Liquidity,-125734000000.0,-3381286000000.0,1993077000000.0,2901558000000.0
ARTO,NPM,Profitability,-2.869922637881701,0.1411919181971868,0.011683382035506,0.0459660447616609
ARTO,ROE,Profitability,-0.1538277397424235,0.0104278403846072,0.0019256374552155,0.0086590643873869
ASDM,DER,Solvency,0.0198488783937866,0.0114459345527341,0.0200466321381171,0.0109851194102072
ASDM,Debt Ratio,Solvency,0.0081882520042156,0.005031900896065,0.008233703133965,0.0041543045338636
ASDM,NPM,Profitability,0.1300191296036638,0.1010463930385241,0.0861960472413222,0.087307778385191
ASDM,ROE,Profitability,0.0756317492767766,0.05601618110527,0.0508073202263099,0.0565957230805218
ASDM,ROI,Profitability,0.0756317492767766,0.05601618110527,0.0508073202263099,0.0565957230805218
ASGR,Cash Ratio,Liquidity,0.626054689153676,0.9892355533566832,1.192573404299356,1.450975190667109
ASGR,Current Ratio,Liquidity,2.837894562021096,2.36435300250452,2.425201362094471,2.6372423356344017
ASGR,DER,Solvency,0.0307082150074163,0.0271446730836931,0.0216487185938254,0.0171025359702393
ASGR,Debt Ratio,Solvency,0.0209670351371508,0.0166393123431896,0.0136896107819876,0.0114230846503278
ASGR,GPM,Profitability,0.1610217294126886,0.1558595437247374,0.2038988691300122,0.2161523662221551
ASGR,NPM,Profitability,0.0142683907501961,0.0264650564319717,0.0333580529297189,0.0475160932207728
ASGR,Operating Margin,Profitability,0.0229289214185915,0.0328898292112557,0.041370157513543,0.0607551081997957
ASGR,Quick Ratio,Liquidity,2.159111114005751,2.1000895002319786,2.166161582051377,2.3676339191511167
ASGR,ROE,Profitability,0.0305757582350359,0.0536424007878848,0.0573292984128446,0.0787282535055008
ASGR,ROI,Profitability,0.0305757582350359,0.0536424007878848,0.0573292984128446,0.0787282535055008
ASII,Cash Ratio,Liquidity,0.2454161612391527,0.2479041800767022,0.1282404067182335,0.1372958359328758
ASII,Current Ratio,Liquidity,1.543202388728189,1.5442772071151882,1.508565579959395,1.3292540512869735
ASII,DER,Solvency,0.5105998895041821,0.421300413244756,0.3680663259464354,0.4697442609746274
ASII,Debt Ratio,Solvency,0.2350097426693435,0.1973423066556678,0.1711142350416286,0.2093659337774497
ASII,GPM,Profitability,0.2215303405961861,0.2185707861318714,0.2325576765468065,0.2315796124018763
ASII,NPM,Profitability,0.0923414416781874,0.0864980619740026,0.0960385428314514,0.1068943187023202
ASII,Operating Margin,Profitability,0.0751002593603967,0.1093560614172216,0.1400263455648867,0.1398385797545527
ASII,Quick Ratio,Liquidity,1.334083698796305,1.3340688777968357,1.237394922733603,1.0162051478939709
ASII,ROE,Profitability,0.1038403720882424,0.1173824344823978,0.1506385902093243,0.1703534031413612
ASII,ROI,Profitability,0.069223357101561,0.0830233045708859,0.1109411832346346,0.1166994864932906
ASLC,Cash Ratio,Liquidity,0.1010172705985143,0.1641921597180339,3.852654115611031,0.0
ASLC,Current Ratio,Liquidity,1.1108149857064002,0.4010405474825009,6.977630133526124,0.0
ASLC,DER,Solvency,0.089754137647286,0.6070328662465777,0.0149166307681028,0.0
ASLC,Debt Ratio,Solvency,0.03555858058462,0.0494750756809657,0.0126960774122633,0.0
ASLC,GPM,Profitability,0.793840783530147,0.8424501007811175,0.2759940667364251,0.0
ASLC,Interest Coverage Ratio,Solvency,27.68037603420445,-6.975028270950943,-1.3197348668431133,0.0
ASLC,NPM,Profitability,0.1093460331359482,0.0588677400202346,0.00099371247813,0.0
ASLC,Operating Margin,Profitability,0.2530825908207232,0.2163192548536526,-0.0066095674254984,0.0
ASLC,Quick Ratio,Liquidity,0.0,0.3939842045576205,6.449355346255214,0.0
ASLC,ROE,Profitability,0.1254241129198398,0.3299434835848751,0.0007095169374532,0.0
ASLC,ROI,Profitability,0.1254241129198398,0.3299434835848751,0.0007095169374532,0.0
ASMI,DER,Solvency,0.0113266449871524,0.0177543177109138,0.015546424965367,0.0097476253372223
ASMI,Debt Ratio,Solvency,0.0050684623429876,0.0083765219033867,0.0055105049697747,0.0039093630279718
ASMI,NPM,Profitability,-0.4115918568443536,0.0607235537702225,-0.3001765631053659,0.0178381234647367
ASMI,ROE,Profitability,-0.1996313676372352,0.0422372741554554,-0.2290258413857462,0.0196371105249058
ASMI,ROI,Profitability,-0.1996313676372352,0.0422372741554554,-0.2290258413857462,0.0196371105249058
ASRI,Cash Ratio,Liquidity,-0.0130565857605703,-0.0407920526372578,-0.014750622350401,0.0037264083719904
ASRI,Current Ratio,Liquidity,0.6741376877044829,0.8351730071690249,0.978071094829277,0.7877368933385694
ASRI,DER,Solvency,0.827321002343741,0.7950959234528344,0.632832372352681,0.5651118736255653
ASRI,Debt Ratio,Solvency,0.3619501015904441,0.3421687324737197,0.2986949116629469,0.2835880015835398
ASRI,GPM,Profitability,0.4221166341618825,0.5300465278988858,0.5855394406637642,0.5425132123583419
ASRI,NPM,Profitability,-0.7271925752523333,0.0511686191949771,0.2417064285075667,0.159839575109698
ASRI,Operating Margin,Profitability,0.0962233527726907,0.3646202522746029,0.450420374387341,0.3963493565098341
ASRI,Quick Ratio,Liquidity,0.3572680953264863,0.5960614606995681,0.6605314803055768,0.5776730164980771
ASRI,ROE,Profitability,-0.1106648111239442,0.0154348499009493,0.1031936322504581,0.0566666572710322
ASRI,ROI,Profitability,-0.0605612319794958,0.0085983426842509,0.0631991587120303,0.0362061385041853
ASRM,DER,Solvency,0.036821463774649,0.0304524815259668,0.018912608200006,0.0211616298278111
ASRM,Debt Ratio,Solvency,0.0122164728979295,0.0118478021778555,0.0071372775328992,0.0077573105851723
ASRM,NPM,Profitability,0.0469313533784399,0.0390670427124912,0.0421704158381742,0.0439063060790636
ASRM,ROE,Profitability,0.1302677958801332,0.1183139291280926,0.1408460166003837,0.1308683961482124
ASRM,ROI,Profitability,0.1302677958801332,0.1183139291280926,0.1408460166003837,0.1308683961482124
ASSA,Cash Ratio,Liquidity,0.0108529812469977,0.0887600229725045,0.1734773669207056,0.0
ASSA,Current Ratio,Liquidity,0.4368251285874502,0.8977419522641188,0.8621676441872679,0.0
ASSA,DER,Solvency,2.326992716857952,2.3584735808750765,2.510321970840582,0.0
ASSA,Debt Ratio,Solvency,0.5776272474908702,0.5943979214563719,0.5586772415453319,0.0
ASSA,GPM,Profitability,0.2601307141742157,0.2076812237528214,0.1843156356820076,0.0
ASSA,Interest Coverage Ratio,Solvency,1.2669658133367492,1.9902500347591137,1.0131722799229192,0.0
ASSA,NPM,Profitability,0.0286919358674145,0.028031686811573,0.0175500578719525,0.0
ASSA,Operating Margin,Profitability,0.1035741623045304,0.091448375766159,0.0462496170260948,0.0
ASSA,Quick Ratio,Liquidity,0.4328805193734779,0.8711033365866858,0.8300834705014024,0.0
ASSA,ROE,Profitability,0.0678949785845856,0.0938211192471634,0.0636870337355652,0.0
ASSA,ROI,Profitability,0.0205836791336486,0.0286005329789064,0.0184510810559152,0.0
ATIC,Cash Ratio,Liquidity,0.009885905010244,0.0122674304312936,0.0129634929945445,0.0042654332465998
ATIC,Current Ratio,Liquidity,0.9282490847319848,0.8714756513656398,0.8949158277776109,1.063177846331106
ATIC,DER,Solvency,14.206842694939128,-12.674098549126809,-27.32184211072665,10.977977343972649
ATIC,Debt Ratio,Solvency,0.518340302195683,0.3806756343418218,0.3231287511676786,0.4154232561493051
ATIC,GPM,Profitability,0.148359461259207,0.1358483185336946,0.1272364290179674,0.1193261186924662
ATIC,Interest Coverage Ratio,Solvency,-1.3536569660008348,-0.113698335630173,2.132021831786536,3.1698465767199897
ATIC,NPM,Profitability,-0.1002388043169745,-0.0415957604496403,0.0088075230392883,0.023038883322508
ATIC,Operating Margin,Profitability,0.0208475586064552,0.0186896811686036,0.0475368167806139,0.0542372739155589
ATIC,Quick Ratio,Liquidity,0.7691432117013205,0.725206671466635,0.6855251217800132,0.8461201955781822
ATIC,ROE,Profitability,-4.109203693169944,2.1732599736827902,-1.3792013326009207,1.142828462849474
ATIC,ROI,Profitability,-0.2722259647643492,-0.1877638016712957,0.0531912343166836,0.0960958532472604
ATLA,Current Ratio,Liquidity,1.0551099066918916,2.565965649984531,2.1882071800604592,0.0
ATLA,DER,Solvency,2.8910604198094587,0.1882078595032988,0.0983815455011074,0.0
ATLA,Debt Ratio,Solvency,0.4750752657063229,0.1299402180838613,0.0682746536726677,0.0
ATLA,GPM,Profitability,0.0917666263554397,0.1841097800884162,0.2418806671243414,0.0
ATLA,Interest Coverage Ratio,Solvency,79.8194340836199,35.01827934291971,19.29594321483053,0.0
ATLA,NPM,Profitability,0.0383605221111847,0.1046943156791169,0.0969584611309643,0.0
ATLA,Operating Margin,Profitability,0.0501556165903378,0.1354608621939503,0.1457105729786619,0.0
ATLA,ROE,Profitability,0.3882564562763699,0.4897967033313116,0.1864556821496245,0.0
ATLA,ROI,Profitability,0.2893424311725557,0.4297813198371187,0.1718441901294652,0.0
AUTO,Cash Ratio,Liquidity,0.4079628195197521,0.3320540400161653,0.370052822343331,0.5590373676937525
AUTO,Current Ratio,Liquidity,1.8567301352836272,1.532676257547414,1.6821287486044232,1.8351513046590615
AUTO,DER,Solvency,0.0729015078363714,0.0475949869795987,0.0422932197724116,0.0335080411783813
AUTO,Debt Ratio,Solvency,0.0494319732143951,0.0304647720076558,0.0272494405213554,0.0227793820673314
AUTO,GPM,Profitability,0.1331263441804647,0.1228075096443209,0.1447445407078294,0.1651021646393532
AUTO,NPM,Profitability,0.0001891446793348,0.0403485742786121,0.071398289132137,0.0987950334239276
AUTO,Operating Margin,Profitability,0.0124959338106519,0.0103494250103107,0.0511796413408943,0.0631046650328046
AUTO,Quick Ratio,Liquidity,1.295619764739791,0.9872491930059436,1.0866381869387332,1.2523670756929186
AUTO,ROE,Profitability,0.0002181074240755,0.0563579456159486,0.1111666237751727,0.1381828979112233
AUTO,ROI,Profitability,0.0002037132432572,0.0538281506784605,0.1066973944224024,0.1337263126417376
AVIA,Cash Ratio,Liquidity,0.9950030785796992,0.4509282433653981,1.6455160477294406,0.7667236816352233
AVIA,Current Ratio,Liquidity,3.8349167460332008,6.633250005038513,7.865914129961026,7.622497085428846
AVIA,DER,Solvency,0.0215777884317759,0.0074456643401444,0.0084389869871869,0.003218763235212
AVIA,Debt Ratio,Solvency,0.0172178474926144,0.006444872794691,0.0074834217033499,0.002857709066913
AVIA,GPM,Profitability,0.439461237148157,0.4167672250589005,0.4059352532225424,0.4536681677132378
AVIA,Interest Coverage Ratio,Solvency,148.72847462312558,48.57923900247965,0.0,0.0
AVIA,NPM,Profitability,0.198236865562346,0.2116059798428914,0.2092209774742832,0.2340307276080743
AVIA,Operating Margin,Profitability,0.2486732465825135,0.2599859609126911,0.2212898355897989,0.2450869203728949
AVIA,Quick Ratio,Liquidity,2.849999569794444,5.553624332956876,6.559942896487249,6.329406959230043
AVIA,ROE,Profitability,0.2425264554623067,0.1524207599316163,0.1463474908219407,0.1656349820417178
AVIA,ROI,Profitability,0.2425264554623067,0.1524098945485219,0.1462370273150098,0.1655477863044527
BABP,DER,Solvency,0.0006137037731823,0.0003665253690935,0.0,0.0
BABP,Debt Ratio,Solvency,8.169637371079347e-05,6.18607014018905e-05,0.0,0.0
BABP,Free Cash Flow,Liquidity,950634000000.0,569315000000.0,745227000000.0,1583061000000.0
BABP,NPM,Profitability,0.0188038416606027,0.0226736513071532,0.0665030214828634,0.1050041238336019
BABP,ROE,Profitability,0.0067133519894123,0.0054399636095688,0.0193578666934087,0.0217191452163301
BABP,ROI,Profitability,0.0067092345068802,0.0054379704554405,0.0,0.0
BACA,DER,Solvency,0.4584224127052635,0.3440088450426353,0.1620812176410486,0.0800169305552278
BACA,Debt Ratio,Solvency,0.0371839613978905,0.032708762291731,0.02583066990665,0.0140859009261398
BACA,Free Cash Flow,Liquidity,-197534000000.0,3287242000000.0,-4661410000000.0,-1540126000000.0
BACA,NPM,Profitability,0.1699044436206295,0.0768136840315425,0.0586657463910222,0.155968814513175
BACA,ROE,Profitability,0.0374386350571296,0.0163866003445496,0.0097729698555483,0.0300169305552278
BACA,ROI,Profitability,0.0263234370057444,0.0123401562199566,0.0084865184829869,0.0279597414011713
BAJA,Cash Ratio,Liquidity,0.0896391644344589,0.28977452712022,0.0189708131402833,0.1040676426988947
BAJA,Current Ratio,Liquidity,0.9078140094784544,2.5654632409304794,1.853879274211823,1.8994449437045733
BAJA,DER,Solvency,0.945535326384526,0.1612480934752297,0.9491971289420672,0.5174849218332735
BAJA,Debt Ratio,Solvency,0.1611834954028349,0.0481065988596345,0.1430133176146358,0.0791153768485404
BAJA,GPM,Profitability,0.0843533976729598,0.1349249886219749,-0.0315060529985151,0.0125661249128576
BAJA,Interest Coverage Ratio,Solvency,4.211568322871775,13.384629221191815,-6.257869858845107,0.2789506978384559
BAJA,NPM,Profitability,0.0457432271302527,0.0644048691611468,-0.0973264677460226,-0.001364380874454
BAJA,Operating Margin,Profitability,0.0734036658460765,0.1220022122041568,-0.0680967826912123,0.005722294263782
BAJA,Quick Ratio,Liquidity,0.4251544174118932,1.0299344402570028,0.6899150041208975,0.8071296357358428
BAJA,ROE,Profitability,0.4254447365987931,0.4089853971999678,-0.9378497100213382,-0.0116815456601143
BAJA,ROI,Profitability,0.2189681662125982,0.3525740395386285,-0.4815951016167935,-0.0077035733462806
BALI,Cash Ratio,Liquidity,0.0,0.0,0.0,0.0300564059584508
BALI,Current Ratio,Liquidity,0.6246411282695339,0.7111309878927318,0.6581230506396407,0.3297587629103913
BALI,DER,Solvency,0.940078574466641,0.9750440446240446,0.9919651612458862,1.0368552923116816
BALI,Debt Ratio,Solvency,0.4405178952638837,0.4584855072624153,0.4664466016939452,0.4725558062773656
BALI,GPM,Profitability,0.5427809298075899,0.5754265367703918,0.5702500052262962,0.5540433500655424
BALI,Interest Coverage Ratio,Solvency,1.6280123859148987,2.2680578074143734,2.298690720034654,1.9273890630979804
BALI,NPM,Profitability,0.1083554445576598,0.1991624426793118,0.2167712913025887,0.1575474436357501
BALI,Operating Margin,Profitability,0.4725951499767361,0.5084533512978637,0.5057514149367714,0.4671063249455106
BALI,Quick Ratio,Liquidity,0.5315686697357542,0.589478727897599,0.5336963098501439,0.2357487735172108
BALI,ROE,Profitability,0.0387165600866072,0.0801671244408705,0.0867862292812053,0.0598368288187376
BALI,ROI,Profitability,0.0200999094232105,0.0408037340970812,0.0437280159812564,0.0295754481862938
BANK,DER,Solvency,0.0,0.0266666156947111,0.225143767203389,0.0098608180041688
BANK,Debt Ratio,Solvency,0.0,0.0128393557406212,0.1495096232074992,0.004289690529771
BANK,Free Cash Flow,Liquidity,20486000000.0,917490000000.0,-1281316000000.0,478289000000.0
BANK,NPM,Profitability,1.652170711050558,-3.631640414445709,-3.9088279993507737,-0.9364463130766626
BANK,ROE,Profitability,0.0699669719963697,-0.1159054482967561,-0.0842792678721181,-0.0734911794572936
BANK,ROI,Profitability,0.0,0.0,-0.0692171142086434,0.0
BAPA,Current Ratio,Liquidity,14.47133856254754,3.5747239113541167,3.5792151669135204,2.7126399873437634
BAPA,DER,Solvency,0.0263944613851306,0.0237401063239228,0.0234421363994566,0.0238498825283063
BAPA,Debt Ratio,Solvency,0.0248898465996266,0.0225180954388277,0.0222993408614269,0.0222449076292795
BAPA,GPM,Profitability,0.5022693220857221,0.651304745521811,0.4972933709756901,0.2835001494319278
BAPA,Interest Coverage Ratio,Solvency,0.0,0.0,-81.33067885480257,-51.76169539988682
BAPA,NPM,Profitability,-0.3926707788512175,-0.3312878838341732,-0.9989312508091484,-0.3518926916409987
BAPA,Operating Margin,Profitability,-0.2538256618289487,-0.275809697589208,-0.9120723652640362,-0.2902180408470767
BAPA,Quick Ratio,Liquidity,0.3702868332833879,0.3344980562984135,0.12783032604248,0.1742540111316278
BAPA,ROE,Profitability,-0.0278537816999141,-0.0155019823227694,-0.0288133569473845,-0.0227156927151153
BAPA,ROI,Profitability,-0.0271375019525389,-0.0151424978146401,-0.0281533815372816,-0.0221865461946637
BATA,Cash Ratio,Liquidity,0.2218482387239014,0.0,0.0,0.0
BATA,Current Ratio,Liquidity,1.3821842922746648,1.5098927877572657,1.0307088931686827,0.0
BATA,DER,Solvency,0.1522860497062356,0.1043101040789517,0.3647421894429021,0.0
BATA,Debt Ratio,Solvency,0.0938757771440027,0.0682240440592908,0.1611828442530452,0.0
BATA,GPM,Profitability,0.2130900246502411,0.4464581125941073,0.4041051734569909,0.0
BATA,Interest Coverage Ratio,Solvency,-15.867496455677896,-9.737995076730568,-8.0265724938969,0.0
BATA,NPM,Profitability,-0.3867866886774636,-0.1167838632335157,-0.1646062363337684,0.0
BATA,Operating Margin,Profitability,-0.4109797925884066,-0.1656194183092778,-0.0896130544183663,0.0
BATA,Quick Ratio,Liquidity,0.6090000829721847,0.4268730860238368,0.2240696493505866,0.0
BATA,ROE,Profitability,-0.3719284339270088,-0.1199457202656908,-0.3310153745713236,0.0
BATA,ROI,Profitability,-0.3719284339270088,-0.1166664703922074,-0.2770692102297359,0.0
BBCA,DER,Solvency,0.0147240958630996,0.0112929347783244,0.0095265418514131,0.0097867826444719
BBCA,Debt Ratio,Solvency,0.0025270445931706,0.001863664195623,0.0016015001704446,0.0016844515247459
BBCA,Free Cash Flow,Liquidity,53652612000000.0,129491770000000.0,37134269000000.0,63214814000000.0
BBCA,NPM,Profitability,0.3537005183032601,0.3920971975334756,0.4550282144886458,0.4772534205676231
BBCA,ROE,Profitability,0.1469753466274296,0.1550107634565208,0.1843090169521746,0.2006926613027063
BBCA,ROI,Profitability,0.1450909021251969,0.1535279922697626,0.1828066760434111,0.1989449713552313
BBHI,DER,Solvency,0.0,0.0025257097299146,0.005828300434995,0.0037238308020215
BBHI,Debt Ratio,Solvency,0.0,0.0007079869097382,0.003378872306907,0.0020108222571117
BBHI,Free Cash Flow,Liquidity,-441748478930.0,-606830254984.0,-3718132270638.0,2448932498901.0
BBHI,NPM,Profitability,0.6460839394387546,0.6327301802694322,0.3547739576964737,0.3861063263143339
BBHI,ROE,Profitability,0.1066406460914891,0.1476858094311828,0.0421179354440523,0.0645695330297771
BBKP,DER,Solvency,0.681190884602197,0.4705509474402242,1.3004443371893768,0.0
BBKP,Debt Ratio,Solvency,0.0719736220476676,0.0696508665058115,0.162151140872253,0.0
BBKP,Free Cash Flow,Liquidity,-12972257000000.0,13616114000000.0,-193183000000.0,0.0
BBKP,NPM,Profitability,-2.201559398040711,-2.172778258555705,-3.686150814075746,0.0
BBKP,ROE,Profitability,-0.3854867376919682,-0.1728228775358012,-0.448022993141785,0.0
BBKP,ROI,Profitability,-0.2292938542687744,-0.117522536595303,-0.1947549809830077,0.0
BBLD,Cash Ratio,Liquidity,0.0541159612232269,-1.5198376813356331e-05,1.5221386856868304,-7.431960402514975e-06
BBLD,Current Ratio,Liquidity,43.34761227569287,26.459386137560507,30.702821219031893,42.2810321506607
BBLD,DER,Solvency,2.3186134019936198,1.7650787372137953,2.3966879974102184,3.0437308565922154
BBLD,Debt Ratio,Solvency,0.6808740261838555,0.6127610618085846,0.6811658369599257,0.7332438397911295
BBLD,GPM,Profitability,0.3007392339901252,0.3422451398950883,0.3695005868262143,0.364184823098326
BBLD,NPM,Profitability,0.0305772673349455,0.0555996776717986,0.1619047971654627,0.159664593817944
BBLD,Operating Margin,Profitability,0.0227656012222977,0.0171585529323343,0.105834200305816,0.1057456933907041
BBLD,ROE,Profitability,0.0165911557961901,0.0230764716144847,0.0664619462422707,0.0752923850821947
BBLD,ROI,Profitability,0.0049994240926717,0.0083456833629763,0.0195666915221369,0.0186195342252936
BBMD,DER,Solvency,0.0,0.0,0.0310154907851029,0.0
BBMD,Debt Ratio,Solvency,0.0,0.0,0.0085137380888582,0.0
BBMD,Free Cash Flow,Liquidity,1902059574379.0,1240675742520.0,-956059236967.0,-192230485596.0
BBMD,NPM,Profitability,0.346779290823127,0.5002032926945763,0.4706048694791621,0.3989759580540509
BBMD,ROE,Profitability,0.0812947788572922,0.1328508619953877,0.1149098515911666,0.0850664113291526
BBMD,ROI,Profitability,0.0,0.0,0.1114530796270233,0.0
BBNI,DER,Solvency,0.3956424900710139,0.3977153424969903,0.3890860347051885,0.3083392083130805
BBNI,Debt Ratio,Solvency,0.0489117160092318,0.0510061426994914,0.0513129794067539,0.0425994406701539
BBNI,Free Cash Flow,Liquidity,75527364000000.0,99329427000000.0,22394360000000.0,12747924000000.0
BBNI,NPM,Profitability,0.0603609057763516,0.1909546030601149,0.298831378886359,0.339530259561881
BBNI,ROE,Profitability,0.0297697429916295,0.088077108368615,0.1348301557003179,0.1392748602896933
BBNI,ROI,Profitability,0.0215081191665943,0.0634854851426822,0.0976572118886361,0.1071539408658285
BBRI,DER,Solvency,0.5806315217428141,0.430823271595046,0.4815100125742242,0.4812674833402789
BBRI,Debt Ratio,Solvency,0.0818318414783543,0.0741278338440328,0.0772459528491527,0.0762588391350437
BBRI,Free Cash Flow,Liquidity,34179650000000.0,40842490000000.0,108044238000000.0,3205842000000.0
BBRI,NPM,Profitability,0.1502697375489583,0.2101817825336557,0.3327431151093045,0.3610121911091409
BBRI,ROE,Profitability,0.0822099314605118,0.1075955247168646,0.170970049915232,0.1930215076294927
BBRI,ROI,Profitability,0.0520108136081372,0.075198332912855,0.1155270611313101,0.1304925985232763
BBRM,Cash Ratio,Liquidity,0.0,0.1658902777251902,0.7395382700278786,0.0
BBRM,Current Ratio,Liquidity,0.3544681144065443,0.485604203310604,1.840709880754168,0.0
BBRM,GPM,Profitability,-0.1914148026107958,0.2122732234170843,0.2807123005674586,0.0
BBRM,Interest Coverage Ratio,Solvency,-4.543277754956587,4.304921144199919,3.6697816239040377,0.0
BBRM,NPM,Profitability,-0.984494313171608,0.0891330108790258,0.0741981008118984,0.0
BBRM,Operating Margin,Profitability,-0.3628100729819851,0.0646310033632724,0.1786560185468994,0.0
BBRM,Quick Ratio,Liquidity,0.3524630013393481,0.4844845015506624,1.8027457249348915,0.0
BBRM,ROE,Profitability,-1.5536736944426288,0.0830435146284526,0.0269240644175202,0.0
BBRM,ROI,Profitability,-1.5536736944426288,0.0830435146284526,0.0269240644175202,0.0
BBSI,DER,Solvency,0.0043506049395597,0.0020606256309985,0.0,0.0
BBSI,Debt Ratio,Solvency,0.0030457814670209,0.0017250222135324,0.0,0.0
BBSI,Free Cash Flow,Liquidity,-462176656962.0,-1022842601386.0,-717577420579.0,-104550476576.0
BBSI,NPM,Profitability,0.5629804923291303,0.6085090648206557,0.5278355780948628,0.3078402255549748
BBSI,ROE,Profitability,0.0348624331514021,0.0316861376867534,0.0244058989551305,0.0414882188999468
BBSI,ROI,Profitability,0.0347114174870239,0.031690012239317,0.0,0.0
BBTN,DER,Solvency,2.5027954239188865,2.023674749249614,1.65187897004302,1.684224023030562
BBTN,Debt Ratio,Solvency,0.138494802914415,0.1164930963961594,0.1064262007893247,0.1170000020239328
BBTN,Free Cash Flow,Liquidity,27456689000000.0,9967405000000.0,2307537000000.0,8947843000000.0
BBTN,NPM,Profitability,0.1448347530807342,0.1591865940177015,0.18769966111315,0.2149450893535509
BBTN,ROE,Profitability,0.0801666212640732,0.1110041661358735,0.1175279399092698,0.1148650067429697
BBTN,ROI,Profitability,0.0229564574759088,0.0367834776229679,0.044427134083187,0.0428905061043163
BBYB,DER,Solvency,0.0050478117942115,0.0200454906124138,0.013495202412013,0.0158953897321096
BBYB,Debt Ratio,Solvency,0.0010434120528979,0.0051092764042858,0.0025659226943051,0.0029071180169053
BBYB,Free Cash Flow,Liquidity,-127039396531.0,501398000000.0,3384241000000.0,-2089984000000.0
BBYB,NPM,Profitability,0.0657502300731585,-2.251713974571764,-0.4454658467847561,-0.1773426083577322
BBYB,ROE,Profitability,0.0141631533329717,-0.3412969011639797,-0.2107197316662171,-0.1724866906467242
BCAP,Cash Ratio,Liquidity,0.3191515338052734,0.7083995812855846,0.667184346064165,0.9247679738756236
BCAP,Current Ratio,Liquidity,4.94396976847577,6.264088523927231,5.510405017470141,5.90641662489889
BCAP,DER,Solvency,0.3403895557517044,0.2894396537504866,0.3816568948123343,0.3601134407844905
BCAP,Debt Ratio,Solvency,0.0820874394145897,0.068881740288893,0.0840629851765969,0.0868933009565643
BCAP,Free Cash Flow,Liquidity,0.0,1755101000000.0,991891000000.0,1079105000000.0
BCAP,GPM,Profitability,0.4847982179365481,0.6055914571941848,0.5655770460209781,0.5684871634141805
BCAP,NPM,Profitability,0.0268095519015615,0.0563725111203888,0.0506007761501719,0.0192628004215718
BCAP,Operating Margin,Profitability,0.3811389071473424,0.4074707127079906,0.3668465365068493,0.3526203580604942
BCAP,ROE,Profitability,0.0134762393307859,0.0275903997416789,0.0254731312764527,0.0089616873763878
BCAP,ROI,Profitability,0.0100695025687142,0.0214414242144935,0.0184580077413892,0.0065930174465991
BCIC,DER,Solvency,0.1784240904083202,0.0003507799684711,0.0002807017543859,0.0
BCIC,Debt Ratio,Solvency,0.0158906795398036,4.376670423347872e-05,3.1114848594730286e-05,0.0
BCIC,Free Cash Flow,Liquidity,-1524917000000.0,1547313000000.0,-30848000000.0,0.0
BCIC,NPM,Profitability,-94.58043732916828,-3.1149115016398947,0.1238369865442131,0.0
BCIC,ROE,Profitability,-0.3356644471082225,-0.1674656654837398,0.0232453792224346,0.0
BCIC,ROI,Profitability,-0.2856281193711288,0.0,0.0200216116263615,0.0
BCIP,Cash Ratio,Liquidity,0.0041161087001984,0.0,0.0,0.0
BCIP,Current Ratio,Liquidity,1.283706892201164,3.438036201464068,4.472401697800483,4.497973145203456
BCIP,DER,Solvency,0.2982091182060083,0.0015501584383691,0.0018483872349355,0.0557978095003631
BCIP,Debt Ratio,Solvency,0.1430711673082928,0.0007595758650379,0.0009413772230011,0.0285883908197423
BCIP,GPM,Profitability,0.4826718294416077,0.5712491052033104,0.5237769354006091,0.5280670240074403
BCIP,Interest Coverage Ratio,Solvency,-38.41662522020405,-46.95385079725863,225.6757331020156,169.93243166635023
BCIP,NPM,Profitability,0.1548630874180937,-0.025728022226191,0.1660301956177071,0.1735193091855399
BCIP,Operating Margin,Profitability,-0.0598277952253067,-0.0583370673141808,0.130265112918081,0.1200578960839686
BCIP,Quick Ratio,Liquidity,0.1656257260188316,0.5443270565317468,0.6370493317664209,0.7723831489459557
BCIP,ROE,Profitability,0.0259699948030382,-0.0035756691552868,0.0345689321493149,0.0350717568851814
BCIP,ROI,Profitability,0.0200044772747599,-0.0035701348805756,0.0345051532644814,0.0332182512310558
BDKR,Cash Ratio,Liquidity,0.0,0.0,0.0,0.0
BDKR,Current Ratio,Liquidity,0.0,1.4069845914484258,1.0851430214805586,0.0
BDKR,DER,Solvency,0.0,0.4616348406952009,0.3920130535654329,0.0
BDKR,Debt Ratio,Solvency,0.0,0.278864147055106,0.1721100221382329,0.0
BDKR,GPM,Profitability,0.0,0.454083917873322,0.347263304887025,0.0
BDKR,Interest Coverage Ratio,Solvency,0.0,2.15744955154494,1.620079306249164,0.0
BDKR,NPM,Profitability,0.0,0.0686576769266307,0.1216629639633306,0.0
BDKR,Operating Margin,Profitability,0.0,0.1091134889783926,0.0950817457541264,0.0
BDKR,Quick Ratio,Liquidity,0.0,1.34491908397242,1.028069002260421,0.0
BDKR,ROE,Profitability,0.0,0.0563870810586146,0.1032968230759535,0.0
BDKR,ROI,Profitability,0.0,0.0442885774819456,0.0809283093152899,0.0
BDMN,DER,Solvency,0.408581711162197,0.2519990785844916,0.2168829180733214,0.3131071129440108
BDMN,Debt Ratio,Solvency,0.0876751358359836,0.0585379461414351,0.0513812523691434,0.0696611807299093
BDMN,Free Cash Flow,Liquidity,17572565000000.0,15599071000000.0,-7821731000000.0,-5681810000000.0
BDMN,NPM,Profitability,0.0569889313151523,0.0896721408481743,0.1853504555724592,0.18350927213917
BDMN,ROE,Profitability,0.0233742778832227,0.0351963478439851,0.0704964336401842,0.0711641500471082
BDMN,ROI,Profitability,0.0166611620777509,0.0282133898030457,0.0582650141607397,0.0545122527726185
BEBS,Current Ratio,Liquidity,2.1473133817044743,3.766885056856883,2.7319949693293557,0.5133295716062332
BEBS,DER,Solvency,0.0343344161866137,0.0048431800265888,0.0,0.0
BEBS,Debt Ratio,Solvency,0.0312968632056213,0.0044753389726166,0.0,0.0
BEBS,GPM,Profitability,0.311421065174812,0.3282384365779557,0.2679055799376939,0.1837376835032027
BEBS,NPM,Profitability,0.1878156990203431,0.2396164450555846,0.1897003333490233,0.109009959483303
BEBS,Operating Margin,Profitability,0.257993390875724,0.3095913041448831,0.243854296464603,0.137957137606945
BEBS,Quick Ratio,Liquidity,1.1820135599960222,2.91186657985314,1.9169456084161969,0.4231428919894901
BEBS,ROE,Profitability,0.0560408158504752,0.1635703552801793,0.1611225294614287,0.054308898328716
BEBS,ROI,Profitability,0.0560408158504752,0.1635703552801793,0.1611225294614287,0.054308898328716
BEEF,Current Ratio,Liquidity,0.5085950839949167,0.2530169248690553,0.2434920137907409,0.4119994779861901
BEEF,DER,Solvency,70.6993923355067,-2.5914132345094814,-0.0103232361674852,0.0063218017428407
BEEF,Debt Ratio,Solvency,0.736733646525974,0.6715881194572322,0.0044589412359412,0.0012922351162605
BEEF,GPM,Profitability,-0.3116885057989883,0.0899764472706989,0.1110218814864356,0.1768765398336295
BEEF,Interest Coverage Ratio,Solvency,-5.591822415722392,-0.6195667855313992,-43.91363847588831,169.1480846332724
BEEF,NPM,Profitability,-0.4817705308987355,-1.2748756420148188,-2.3929704786558825,0.0932848495253275
BEEF,Operating Margin,Profitability,-0.4308624350446929,-0.3765636162513648,-1.608867389953479,0.0380520668678145
BEEF,Quick Ratio,Liquidity,0.3963861459269869,0.2076399460833849,0.1384052585205147,0.1726936889340165
BEEF,ROE,Profitability,-49.658455045447646,1.039504109510001,0.3523686900365959,0.4044292446134698
BEEF,ROI,Profitability,-0.702058894983126,-0.6594333245673484,0.3523686900365959,0.4044292446134698
BEKS,DER,Solvency,0.0065475355487481,0.0082489621377925,0.0008100983325374,0.0017992109354638
BEKS,Debt Ratio,Solvency,0.0016703261454662,0.0017627893474639,0.00018413253777,0.000441564334659
BEKS,Free Cash Flow,Liquidity,-1926662000000.0,665691000000.0,-590226000000.0,-324543000000.0
BEKS,NPM,Profitability,-5.711706702253856,-2.7703590718666096,-0.8736960482548863,0.0971758308422075
BEKS,ROE,Profitability,-0.226323663447125,-0.1402196656314924,-0.1457488719532993,0.0159316743206525
BELI,Cash Ratio,Liquidity,0.1191513802320792,0.0070084714899134,0.5076206221429564,0.0097128879401884
BELI,Current Ratio,Liquidity,1.857643196461126,1.0772118019878751,2.4121555453039822,1.4584276901909896
BELI,DER,Solvency,1.8175091400382268,0.5686035603875811,0.0524334514890566,0.2603522289704818
BELI,Debt Ratio,Solvency,0.5190394063384843,0.3015318453718093,0.0379346319907785,0.1545150305289367
BELI,GPM,Profitability,0.0729113600148877,0.0654734870614692,0.0800371181547438,0.1632161281748423
BELI,Interest Coverage Ratio,Solvency,-15.694325575250884,-32.71947919458445,-19.49884343992897,-30.92280553446967
BELI,NPM,Profitability,-0.5613296579317725,-0.3764444963758115,-0.3604161953983076,-0.2474344838419839
BELI,Operating Margin,Profitability,-0.7717659374018633,-0.4241766479318615,-0.3279323741747864,-0.243568713897693
BELI,Quick Ratio,Liquidity,1.6608914557418892,0.9001693296772474,1.9138018056993351,1.045122577790297
BELI,ROE,Profitability,-0.9418413717922048,-0.3419295092315687,-0.5403634024920712,-0.4778592278203544
BELI,ROI,Profitability,-0.3398922744072838,-0.2251175601630628,-0.5358907617851265,-0.3986676976058251
BEST,Cash Ratio,Liquidity,2.302964767365937,0.5353918517923622,1.1402615842809465,1.061988785272224
BEST,Current Ratio,Liquidity,10.52626417618541,5.808600304682447,9.241397256223868,10.03064131834438
BEST,DER,Solvency,0.4139150796218732,0.375749147964644,0.375652487247203,0.3310918158119506
BEST,Debt Ratio,Solvency,0.2870221990770427,0.2668278088321019,0.2674835044156751,0.2434278448046483
BEST,GPM,Profitability,0.5258950098345652,0.5140035593251907,0.5866900853672186,0.6318779551391951
BEST,NPM,Profitability,-0.4753104675802053,-0.3091513625335482,0.0621728139188472,0.0726195999709656
BEST,Operating Margin,Profitability,0.0914367893033319,0.1282650397216511,0.4004737109531028,0.4160783536726822
BEST,Quick Ratio,Liquidity,4.428188981539364,1.9130791396550249,3.1262344463507303,3.0962691716291366
BEST,ROE,Profitability,-0.0264395016243786,-0.0165490197630747,0.0077976302628745,0.0090508251055541
BEST,ROI,Profitability,-0.0186994975903711,-0.0120290968651939,0.0056683140074701,0.0067995498116959
BFIN,Cash Ratio,Liquidity,3.757941698589181,1.6981993234803627,0.3875937443825274,1.669642981073337
BFIN,Current Ratio,Liquidity,41.6377388349061,33.227892143955096,29.933949307927374,45.08049929111765
BFIN,DER,Solvency,1.17670276938913,0.979436280424734,1.351025907916999,1.4092532785744498
BFIN,Debt Ratio,Solvency,0.511394963768042,0.4654020510319339,0.5393796357932832,0.5579755858705409
BFIN,GPM,Profitability,0.6227165659354782,0.6423385247546107,0.6585418357651757,0.6596538389474123
BFIN,NPM,Profitability,0.1610096404520786,0.2936166722770733,0.3513256091532739,0.2673705083898905
BFIN,Operating Margin,Profitability,0.2301729075941279,0.3726281541018215,0.4298134396999416,0.3784375065058084
BFIN,ROE,Profitability,0.1062033105515315,0.1522665759674667,0.2063568952714884,0.1730572734379622
BFIN,ROI,Profitability,0.0487909107504542,0.0769242119452283,0.0877731268620174,0.0718302533722647
BGTG,DER,Solvency,0.0326276747503566,0.0141324191244871,0.0077352153492364,0.0064696957834314
BGTG,Debt Ratio,Solvency,0.0069270906331167,0.003541182026481,0.0027072527478409,0.0022323239961588
BGTG,Free Cash Flow,Liquidity,992851000000.0,1721687000000.0,-1104370000000.0,-1081408000000.0
BGTG,NPM,Profitability,0.0146303302575176,0.0486851950588962,0.1261649079445283,0.2068712330293557
BGTG,ROE,Profitability,0.0028074179743223,0.0050565664396811,0.0146691593692035,0.0320464015495952
BHAT,Current Ratio,Liquidity,4.721141709343661,3.540470919714212,1.88875607405925,1.7958884361638945
BHAT,DER,Solvency,0.0032251712562886,0.0020920031784926,0.4621175568384479,0.4575256756831216
BHAT,Debt Ratio,Solvency,0.0025539017881991,0.0015235189823642,0.2390448994870367,0.2230061730580405
BHAT,GPM,Profitability,0.0818164858595029,-0.3054344985826653,0.0237320581973386,-0.0382836170331482
BHAT,NPM,Profitability,0.2025714621381165,0.1447166964046598,0.0241977588420445,0.0238871663724828
BHAT,Operating Margin,Profitability,-0.0785897091987851,-0.4366218234264022,-0.0410851193557951,-0.1108154040124223
BHAT,ROE,Profitability,0.0223304037957432,0.0173597547354965,0.0056033739886078,0.0061646311963777
BHAT,ROI,Profitability,0.0223304037957432,0.0173597547354965,0.0038340590780444,0.0042302399350255
BHIT,Cash Ratio,Liquidity,0.0464035285215582,0.0894748693533646,0.1044284286019196,0.1352062963043876
BHIT,Current Ratio,Liquidity,1.0364384106411162,1.0984631493132988,1.1479567191686435,1.2280335824173114
BHIT,DER,Solvency,1.014273430377266,0.7901393285717703,0.7217650321997833,0.6847329544695823
BHIT,Debt Ratio,Solvency,0.240743086508241,0.1936748801834626,0.1779727624118876,0.1740586203349784
BHIT,GPM,Profitability,0.481255900402592,0.4815409788495809,0.4870913825963112,0.4024931383110747
BHIT,NPM,Profitability,0.0099755214657356,0.0362334495434434,0.0403832845002086,0.0195774043783906
BHIT,Operating Margin,Profitability,0.2383470559477445,0.2633952029491596,0.2742015390106944,0.1625489934774125
BHIT,Quick Ratio,Liquidity,0.86065435599027,0.9265813792097553,0.9534392451416586,1.029350621543587
BHIT,ROE,Profitability,0.0104611023623793,0.0416361578398747,0.0428602098385409,0.0171300514926245
BHIT,ROI,Profitability,0.0052066166669954,0.0233064852733131,0.0249550050336885,0.0101988498284629
BINA,DER,Solvency,0.0428577062368955,0.0181819330784542,0.0111633265289736,0.0096697053393015
BINA,Debt Ratio,Solvency,0.0061822644481276,0.0028665269646017,0.0017859422706543,0.001410194475361
BINA,Free Cash Flow,Liquidity,2305722000000.0,3460611000000.0,-202583000000.0,128318000000.0
BINA,NPM,Profitability,0.0777322218032142,0.1218023362710368,0.2539479258634016,0.2616349098268529
BINA,ROE,Profitability,0.0159192338786536,0.0167453421382455,0.0477627119468822,0.0584552204935776
BIPI,Cash Ratio,Liquidity,0.0002342086760756,0.0011005415807537,0.0002243035243614,0.0
BIPI,Current Ratio,Liquidity,0.3801857094809168,0.4832123261595974,0.7175056760759417,0.0
BIPI,DER,Solvency,2.695056671453223,1.367195259732573,1.1524536370684026,0.0
BIPI,Debt Ratio,Solvency,0.6062875203410139,0.453351734178237,0.433150465627404,0.0
BIPI,GPM,Profitability,0.830326266850328,0.7350380434969883,0.4713282119825702,0.0
BIPI,Interest Coverage Ratio,Solvency,0.0,0.8371677421255874,0.2602058274609355,0.0
BIPI,NPM,Profitability,0.2587026203505789,0.2182011587125238,0.0047013185785735,0.0
BIPI,Operating Margin,Profitability,0.6867152328082142,0.6555055860648336,0.2474175282300966,0.0
BIPI,ROE,Profitability,0.0671936074370646,0.0452726174480253,0.0004838676995379,0.0
BIPI,ROI,Profitability,0.0181847298733413,0.0191250034241534,0.0002247981983003,0.0
BIPP,Cash Ratio,Liquidity,0.4540687877041349,0.7064590157509163,0.7952311652727543,0.5837926137310719
BIPP,Current Ratio,Liquidity,1.607308944654176,1.7098387746033428,2.3138454776464057,1.9803017823837357
BIPP,DER,Solvency,0.5979890145709185,0.6177736830239394,0.6597134434297043,0.7712098956016459
BIPP,Debt Ratio,Solvency,0.2264628426311355,0.2428949821060421,0.2791518447632458,0.2983462636257705
BIPP,GPM,Profitability,0.3596663016108617,0.4027191961445367,0.3960177501790693,0.4272881042845622
BIPP,Interest Coverage Ratio,Solvency,2.1452898806897163,1.1409497151815795,1.4177718287233056,0.8632600460037223
BIPP,NPM,Profitability,0.0950567709426289,-0.0213901751679953,-0.0021083885629906,-0.1700858613074753
BIPP,Operating Margin,Profitability,0.2711256133634352,0.2292043108601851,0.2051356666547381,0.1736158748649748
BIPP,Quick Ratio,Liquidity,0.8592332825995098,0.9538550638552058,1.1263878250780268,0.9188054336192184
BIPP,ROE,Profitability,0.0623397784430938,-0.0078199920902329,-0.0008636937610252,-0.059681415500997
BIPP,ROI,Profitability,0.0390373264852946,-0.0048337985543291,-0.0005203872779631,-0.0337121971976954
BIRD,Cash Ratio,Liquidity,1.134644236900341,1.5274555297757153,0.8456187436769373,1.0061767658139025
BIRD,Current Ratio,Liquidity,1.940418588950152,2.418417424576269,1.5191301887644062,1.7095298509422736
BIRD,DER,Solvency,0.2446236684695456,0.167307651942421,0.1298299132751102,0.1850934147890536
BIRD,Debt Ratio,Solvency,0.1733029427084697,0.1280528124832812,0.098847843369369,0.1347923227598551
BIRD,GPM,Profitability,0.1634423890631565,0.2224233972625685,0.2987184200997186,0.3174998055386218
BIRD,Interest Coverage Ratio,Solvency,-2.1691268499144907,-0.210721369662804,8.85124681182943,9.557357643857882
BIRD,NPM,Profitability,-0.0788372274828256,0.0034734589283969,0.099817275284811,0.1024246168206378
BIRD,Operating Margin,Profitability,-0.1080164756236991,-0.003702651382967,0.1209860449569649,0.1266827692747404
BIRD,Quick Ratio,Liquidity,1.924163572259105,2.398296760766033,1.504013183895304,1.6850054984520972
BIRD,ROE,Profitability,-0.0314011156676101,0.001527513258316,0.0682812504465812,0.0820565419699004
BIRD,ROI,Profitability,-0.0252566669865106,0.0013097752633473,0.0604646352058347,0.0692970912570039
BISI,Cash Ratio,Liquidity,0.7727594513926526,0.6276120157782947,0.5753833715835593,0.3736352970774247
BISI,Current Ratio,Liquidity,5.827404954477207,7.133101186261903,8.7999524045483,7.336202022114228
BISI,DER,Solvency,0.0006237077288494,0.0004880184325038,0.0001790507946772,0.0001082493554374
BISI,Debt Ratio,Solvency,0.0005259043032557,0.0004249406647463,0.000160094719777,9.559641398116776e-05
BISI,GPM,Profitability,0.3799340453959207,0.4019426957359744,0.4224645552725791,0.5056800504409887
BISI,Interest Coverage Ratio,Solvency,131.86176791560567,3539.8153846153846,9628.90625,2472.6464285714287
BISI,NPM,Profitability,0.1519521040268937,0.1889736583797238,0.2165456749318593,0.2591797421469881
BISI,Operating Margin,Profitability,0.1937474417491099,0.2262405850120438,0.2542498898820661,0.3089192913719888
BISI,Quick Ratio,Liquidity,3.4493933319676064,4.848649742085567,6.338540580012518,5.196581984302336
BISI,ROE,Profitability,0.1120692531211832,0.1396253367730505,0.1715365640742778,0.1728591295707057
BISI,ROI,Profitability,0.1120692531211832,0.1396253367730505,0.1715365640742778,0.1728591295707057
BJBR,DER,Solvency,1.4287857108694293,1.391914116609419,1.5945909889339271,1.6376002201045676
BJBR,Debt Ratio,Solvency,0.1212453826437143,0.114586765800372,0.129852793864727,0.1353237842852612
BJBR,Free Cash Flow,Liquidity,-981322000000.0,12068205000000.0,-9357509000000.0,1101903000000.0
BJBR,NPM,Profitability,0.2101552007999563,0.212010725236914,0.2279276606014567,0.191633737158246
BJBR,ROE,Profitability,0.1410773539147544,0.1558606710731066,0.1561328199768616,0.1142936412672156
BJBR,ROI,Profitability,0.0592190497423479,0.066416699711175,0.0608900621701302,0.0438804035547766
BJTM,DER,Solvency,0.0754526660208528,0.0649247484473498,0.0578784767698996,0.0522437984674434
BJTM,Debt Ratio,Solvency,0.0090278037220334,0.0070327698657302,0.0064297797776477,0.0061125548846946
BJTM,Free Cash Flow,Liquidity,-197622000000.0,26232787000000.0,-8497724000000.0,-9547303000000.0
BJTM,NPM,Profitability,0.3268403347509946,0.3003492212675338,0.2855879367814251,0.2637795692374605
BJTM,ROE,Profitability,0.1488225625960275,0.139596219765128,0.1347931798228198,0.1209856515504932
BJTM,ROI,Profitability,0.1398584622540649,0.1315887466121559,0.1276642928163556,0.1152449654677839
BKDP,Cash Ratio,Liquidity,0.2609312152427545,0.1751439603246247,0.0,0.0
BKDP,Current Ratio,Liquidity,0.9434914058866708,0.7610839273882626,0.5182735504586875,0.3713093144420785
BKDP,DER,Solvency,0.2938837123659843,0.0,0.0,0.0
BKDP,Debt Ratio,Solvency,0.178876161579431,0.0,0.0,0.0
BKDP,GPM,Profitability,-0.6190475731614192,-0.4520177891057564,-0.296015878118883,-0.2360716950866095
BKDP,Interest Coverage Ratio,Solvency,-33.432709770828126,-5.205879872604434,-6.561439469460318,-12.961500121442446
BKDP,NPM,Profitability,-1.5866234552611795,-1.5490541770416728,-1.2676281462999426,-1.1082865052056905
BKDP,Operating Margin,Profitability,-1.575366144811421,-1.2475524030157,-1.0410910968947873,-0.9606046581374328
BKDP,Quick Ratio,Liquidity,0.3814635825752254,0.2798221565325408,0.1148561890764282,0.0610518916346795
BKDP,ROE,Profitability,-0.0644687189152082,-0.0811709477388061,-0.0798564315159174,-0.0905587872942531
BKDP,ROI,Profitability,-0.0498257442296118,-0.0811709477388061,-0.0798564315159174,-0.0905587872942531
BKSL,Cash Ratio,Liquidity,0.0085593792763858,0.0477276764129982,0.0168664485588435,0.0037799733026296
BKSL,Current Ratio,Liquidity,1.4032123411646944,2.8337615044812137,2.022029897640661,1.1677575475281157
BKSL,DER,Solvency,0.4644071881570696,0.24788196964497,0.3499812274666565,0.1707011161975434
BKSL,Debt Ratio,Solvency,0.2208022625436284,0.1339854283131231,0.1850908170939391,0.1234841099236279
BKSL,GPM,Profitability,0.5510540490081409,0.6905079430973016,0.650703237168074,0.4418792632052387
BKSL,Interest Coverage Ratio,Solvency,0.7569354681724259,1.9009293124343531,0.576547344125029,1.5467781164138323
BKSL,NPM,Profitability,-1.347323027565402,0.287108735558082,-0.242493426879409,0.1931800875444694
BKSL,Operating Margin,Profitability,-0.088867808167971,0.2962084865663242,0.3239292867415727,0.247589938364535
BKSL,Quick Ratio,Liquidity,0.4295108254141681,0.8807824691334254,0.5485182384259248,0.3921513837787604
BKSL,ROE,Profitability,-0.0696980349673605,0.0290448549236348,-0.0184496661471683,0.0230988326848001
BKSL,ROI,Profitability,-0.0477053798097804,0.0232813524352906,-0.0136666094104067,0.0197307684815622
BKSW,DER,Solvency,0.3903087265425263,0.2731590434287633,0.2416674707349585,0.0227298644832332
BKSW,Debt Ratio,Solvency,0.0877226099455122,0.0621352044939399,0.0672712895494292,0.0090727133271536
BKSW,Free Cash Flow,Liquidity,-4176897000000.0,-645536000000.0,-1935899000000.0,587956000000.0
BKSW,NPM,Profitability,-1.0789960639983642,-2.733055776754492,-0.55344296346629,0.0948216368984045
BKSW,ROE,Profitability,-0.1026562806235322,-0.3920919358219497,-0.0861156066109671,0.0147606848118779
BKSW,ROI,Profitability,-0.0738370396903296,-0.3079677577170572,-0.0708831239998309,0.0
BLTA,Cash Ratio,Liquidity,0.0,0.0803486429881163,1.1898556842016868e-05,0.9987896838330644
BLTA,Current Ratio,Liquidity,0.5059620927420465,1.1676828700418405,0.978941180811069,2.516921452860388
BLTA,DER,Solvency,0.6805736223368752,0.5135779902800423,0.3773165924828036,0.2770366115445583
BLTA,Debt Ratio,Solvency,0.2875327782823789,0.2270731375788147,0.1939994231761097,0.1716442421701537
BLTA,GPM,Profitability,0.2689810570592626,0.2385881458265674,0.2965645595452798,0.3575777006622073
BLTA,NPM,Profitability,-0.0444950338788759,0.2997652831741732,0.3623673860403152,0.4001690475893358
BLTA,Operating Margin,Profitability,0.0703937132898981,0.0813823809685794,0.1629843115103434,0.2733755914724598
BLTA,Quick Ratio,Liquidity,0.4705723387393229,1.1020183067809068,0.6682446949342707,2.3792296986930435
BLTA,ROE,Profitability,-0.0292726278017601,0.1803759448807297,0.2376169681206463,0.2710304377217108
BLTA,ROI,Profitability,-0.0182101015672724,0.1218129813492289,0.1744015879030249,0.2181001306949259
BLTZ,Cash Ratio,Liquidity,0.0,0.0,0.0840034954862513,0.0305512780145442
BLTZ,Current Ratio,Liquidity,0.1663241100822325,0.226631909264673,0.4965429411476327,0.2833541744647107
BLTZ,DER,Solvency,1.8152377596007991,3.0595165979997563,3.346036559428625,3.137973584723531
BLTZ,Debt Ratio,Solvency,0.5940708428422173,0.6770155831604023,0.6936286690598623,0.6718272139191315
BLTZ,GPM,Profitability,-0.2632624748308163,0.0133148341103346,0.3886774974586795,0.4199251159335467
BLTZ,NPM,Profitability,-1.7426314268402192,-0.930528712245315,-0.0556253051283648,-0.0128618759745209
BLTZ,Operating Margin,Profitability,-1.125046677061123,-0.7088821510391576,0.0950234222433677,0.1056687333304672
BLTZ,Quick Ratio,Liquidity,0.1414544149045323,0.2104404285304526,0.472275738360204,0.265138507559152
BLTZ,ROE,Profitability,-0.5598486931029442,-0.4985518348270399,-0.1244808510274705,-0.029806526811397
BLTZ,ROI,Profitability,-0.3193191847282478,-0.2014873111947846,-0.0461728118644692,-0.012018769399405
BMAS,DER,Solvency,0.0,0.0099703920777351,0.0033271334542015,0.0011456879934265
BMAS,Debt Ratio,Solvency,0.0,0.0009324406801806,0.0007013209420241,0.0003916445898589
BMAS,Free Cash Flow,Liquidity,869587449000.0,2630292399000.0,-1485550144000.0,-3175487871000.0
BMAS,NPM,Profitability,0.2168143797162909,0.2257304390556659,0.2311471744691942,0.1044251274518389
BMAS,ROE,Profitability,0.0521595018377607,0.060217404809051,0.0364589380761733,0.0094089889079513
BMHS,Cash Ratio,Liquidity,0.0078535945495012,0.0158169142134722,0.0,0.0
BMHS,Current Ratio,Liquidity,1.2897824037111945,1.5357910924429878,1.3892756981360923,1.52562856855287
BMHS,DER,Solvency,0.8006519616534998,0.4333894610414311,0.5835411394861333,0.7044560394988101
BMHS,Debt Ratio,Solvency,0.3623577096268754,0.2388581117163454,0.3169592451619106,0.3632483343394935
BMHS,GPM,Profitability,0.4295196652468588,0.5151369468058665,0.4609382102023843,0.4675541283236651
BMHS,NPM,Profitability,0.0773343847405354,0.1134382770852207,0.0501768455716807,0.0167973159525685
BMHS,Operating Margin,Profitability,0.1474791100580188,0.2518477616621193,0.1304775630302607,0.0589362323307562
BMHS,Quick Ratio,Liquidity,1.2550493015819533,1.482980691939848,1.3280061902955305,1.4515482438301996
BMHS,ROE,Profitability,0.0873284300527266,0.1383140749101098,0.0521427720673078,0.0157236863750315
BMHS,ROI,Profitability,0.0491226816798471,0.0991063926728347,0.0339523963829739,0.0095520847647228
BMRI,DER,Solvency,0.472797065246025,0.4613543850146877,0.4665040418665396,0.5146822738146433
BMRI,Debt Ratio,Solvency,0.0580672110865696,0.0547244187683518,0.0537734900998985,0.0617491965044049
BMRI,Free Cash Flow,Liquidity,116599094000000.0,134486308000000.0,107201770000000.0,-62727797000000.0
BMRI,NPM,Profitability,0.1928927044575587,0.2833437908530826,0.3587168903203265,0.4467872040926379
BMRI,ROE,Profitability,0.08870868759396,0.1369320383298933,0.1792531113430737,0.2110771300029521
BMRI,ROI,Profitability,0.0603826100711152,0.0940310513721187,0.1225474014319351,0.1397058725021067
BMSR,Cash Ratio,Liquidity,0.180818864007535,0.2478646813880152,0.197967428570995,0.1165218826491954
BMSR,Current Ratio,Liquidity,1.151960642974868,1.4042971868061482,1.7408052743332203,1.8949634175805423
BMSR,DER,Solvency,2.3814564802083016,0.9515994826305092,0.2669979850484812,0.3443979994391897
BMSR,Debt Ratio,Solvency,0.403597250343055,0.2928798571257544,0.1161124960417175,0.1828415311390716
BMSR,GPM,Profitability,0.0787225927740568,0.0898863451270603,0.1236379173274302,0.0813685958528796
BMSR,Interest Coverage Ratio,Solvency,1.1874875004077543,4.533360171632811,16.214109952547975,5.873187224236956
BMSR,NPM,Profitability,-0.0004913396572081,0.0542126685035916,0.0777358964196778,0.0452858673191722
BMSR,Operating Margin,Profitability,0.0183233051092619,0.042620262475366,0.0898166754778581,0.035799573688923
BMSR,Quick Ratio,Liquidity,1.1487146267053616,1.4016089637886615,1.7290564792854763,1.88775230853053
BMSR,ROE,Profitability,-0.0106619937304828,0.5965985926329621,0.5552086297561069,0.2122469120551448
BMSR,ROI,Profitability,-0.0031530773182761,0.3056972488170691,0.4382079816290016,0.1578750579394515
BMTR,Cash Ratio,Liquidity,0.1025815307526997,0.0795960499137882,0.1366826805569307,0.0
BMTR,Current Ratio,Liquidity,1.8687367107024409,1.4061071747814538,2.1971072170153594,0.0
BMTR,DER,Solvency,0.7657711811823658,0.6167429043674351,0.5156117024179099,0.0
BMTR,Debt Ratio,Solvency,0.290430004004766,0.2431044716432184,0.2144410634506295,0.0
BMTR,GPM,Profitability,0.4872935276997316,0.4710207340129049,0.4756398723341122,0.0
BMTR,NPM,Profitability,0.0756573559476688,0.0993893528691571,0.0962415074351197,0.0
BMTR,Operating Margin,Profitability,0.270963540716878,0.278022098002325,0.268466043432396,0.0
BMTR,Quick Ratio,Liquidity,1.190787022101791,0.904856459450961,1.3765915899662176,0.0
BMTR,ROE,Profitability,0.0745963932344705,0.103322731038018,0.0788289788708984,0.0
BMTR,ROI,Profitability,0.0423923789516042,0.0640684048164969,0.0521345880669238,0.0
BNBA,DER,Solvency,0.0020062454642789,0.0249581190520075,0.0140515947312696,0.010134775617927
BNBA,Debt Ratio,Solvency,0.0003964896128381,0.0064571372607601,0.0052651376173905,0.0039592189612834
BNBA,Free Cash Flow,Liquidity,667095414996.0,1008538385139.0,-1036208216921.0,-220622840254.0
BNBA,NPM,Profitability,0.1149768706925625,0.1395936142114129,0.1065718259833312,0.1198685772694892
BNBA,ROE,Profitability,0.0232235692505593,0.0190375843281846,0.0126558020693947,0.0142109386392806
BNBA,ROI,Profitability,0.0,0.0185862311020603,0.012487004678248,0.0140721237067889
BNBR,Cash Ratio,Liquidity,0.0003566701190018,1.4554822012532752e-05,0.0006885658293452,0.1365732058567516
BNBR,Current Ratio,Liquidity,0.8936887850472017,0.8977709815261796,0.9322486177166508,0.9967952249863268
BNBR,DER,Solvency,1.4811880832288573,1.7632806921403543,1.4235675014589553,1.0030800085953728
BNBR,Debt Ratio,Solvency,0.153298179721185,0.1465198815194932,0.1167798518727555,0.3076239374586537
BNBR,GPM,Profitability,0.1001760934146439,0.1761433262153762,0.1974717483902703,0.2349724057876027
BNBR,Interest Coverage Ratio,Solvency,-5.528453996236506,0.5167170216484807,4.114990862475826,5.349151501190202
BNBR,NPM,Profitability,-0.3786089882999511,0.0266048096555763,0.0733819432342826,0.0631650513740715
BNBR,Operating Margin,Profitability,-0.1365394039056647,0.013128599104984,-0.0231326253978828,0.0841075530578132
BNBR,Quick Ratio,Liquidity,0.8506023434179399,0.8498620593002462,0.8961609602020819,0.7405158373510967
BNBR,ROE,Profitability,-0.6423828289683752,0.050354302035665,0.1857787470018121,0.1090345082179478
BNBR,ROI,Profitability,-0.2591498394158467,0.0182503686443774,0.076796331329939,0.0546646888043601
BNGA,DER,Solvency,0.2244776601071484,0.2241661629833348,0.14836296955051,0.1795226122072483
BNGA,Debt Ratio,Solvency,0.0327906556193012,0.03128729403576,0.021857242170223,0.0264114431844272
BNGA,Free Cash Flow,Liquidity,29576625000000.0,30195807000000.0,-15547522000000.0,-1093667000000.0
BNGA,NPM,Profitability,0.1241400143707232,0.2313161156647146,0.2671592494607965,0.3450793218803922
BNGA,ROE,Profitability,0.04903637981479,0.0945277097913503,0.1115638447517906,0.1316092739582648
BNGA,ROI,Profitability,0.0402265711922402,0.0778242714990038,0.0976133108984632,0.1117504646204094
BNII,DER,Solvency,0.546541328190755,0.4719156792554785,0.5548425251746008,0.4164850527061647
BNII,Debt Ratio,Solvency,0.0850663145832841,0.0796034557555107,0.1002390601539849,0.073352228222697
BNII,Free Cash Flow,Liquidity,30745060000000.0,515610000000.0,-12310230000000.0,5931238000000.0
BNII,NPM,Profitability,0.1285238434510434,0.1789241162008792,0.1663497577526776,0.1901662962214368
BNII,ROE,Profitability,0.0469781119899712,0.0585519496596513,0.0506340258988118,0.0576174090299791
BNII,ROI,Profitability,0.0303762409278317,0.0401639429019463,0.0327909026538146,0.041183910757697
BNLI,DER,Solvency,0.2800287116786155,0.2548561106131951,0.273591406334465,0.2570318872707616
BNLI,Debt Ratio,Solvency,0.0496697762663064,0.0398125571312813,0.040342077200922,0.0399282800552463
BNLI,Free Cash Flow,Liquidity,1622106000000.0,35207172000000.0,17533369000000.0,-31027250000000.0
BNLI,NPM,Profitability,0.0810144093953258,0.1253247826740226,0.1869617710497314,0.218662899046228
BNLI,ROE,Profitability,0.0205747736128222,0.0336247496327537,0.0535236071903001,0.0646428581966308
BNLI,ROI,Profitability,0.0160736813362887,0.02679570139426,0.0420257289143831,0.0514249947445501
BOGA,Cash Ratio,Liquidity,0.0,0.6238150853012324,0.5022816064231135,1.708042762069032
BOGA,Current Ratio,Liquidity,1.2006367132428044,1.6533074263795926,1.5851398931405885,4.642930841533212
BOGA,DER,Solvency,0.1596667743378486,0.5561683803165015,0.56281581753769,0.5326158681033589
BOGA,Debt Ratio,Solvency,0.1172560866090446,0.3176111742038944,0.2982080260106141,0.3142821081249993
BOGA,GPM,Profitability,0.0759715208361839,0.114780191086243,0.0823900544652924,0.0758491300305395
BOGA,NPM,Profitability,0.0203825049376241,0.0494255928348487,0.0200653518113985,0.0082703196143542
BOGA,Operating Margin,Profitability,0.013228819679371,0.0502261526111905,0.0387824702588513,0.0255470545491686
BOGA,Quick Ratio,Liquidity,0.9329594615107636,1.5590243727127877,1.1955320104310363,3.947620560349682
BOGA,ROE,Profitability,0.0222930478178863,0.0591715850178869,0.0307079552230438,0.0153167491732556
BOGA,ROI,Profitability,0.019223666928472,0.0380238962353497,0.019649119799303,0.0099938604917424
BOLA,Cash Ratio,Liquidity,2.5092069174544256,3.3689922048611467,0.7660740414797453,0.0188903878915424
BOLA,Current Ratio,Liquidity,4.507526191877092,11.277069534842193,11.498089102909338,8.186612316584954
BOLA,DER,Solvency,0.0289439326634672,0.0159709240010175,0.017422172568202,0.0361931933526434
BOLA,Debt Ratio,Solvency,0.0245617987645515,0.0137762798463664,0.0150552596100215,0.0296407097540577
BOLA,GPM,Profitability,0.179060510090082,0.6712882053042499,0.5712005461173676,0.4192271306785018
BOLA,Interest Coverage Ratio,Solvency,-66.63041525864097,2.071532083031999,23.426418880928782,-60.10231674074443
BOLA,NPM,Profitability,0.0683810103954219,0.9561203700372926,0.0464472751351229,-0.010220409284882
BOLA,Operating Margin,Profitability,-0.9139408465147744,-0.0144741357537975,-0.0702348716790464,-0.3585242504485706
BOLA,Quick Ratio,Liquidity,4.461239792728338,11.213606185842544,11.414616074177578,8.084743850235686
BOLA,ROE,Profitability,0.0109558235337764,0.2784244480029375,0.0245418542881815,-0.0055904444601952
BOLA,ROI,Profitability,0.0109558235337764,0.2784244480029375,0.0245418542881815,-0.0055904444601952
BOLT,Current Ratio,Liquidity,1.6313393425123153,1.5331491105893964,1.6425059378269409,0.0
BOLT,DER,Solvency,0.3581490949865937,0.4233080194229203,0.454582885420221,0.0
BOLT,Debt Ratio,Solvency,0.2019575877644294,0.2264517673424156,0.2542786483279211,0.0
BOLT,GPM,Profitability,0.1165853719432225,0.1844059441425447,0.1500128991370179,0.0
BOLT,Interest Coverage Ratio,Solvency,-0.7955513280552222,4.20827767790306,3.14588028931889,0.0
BOLT,NPM,Profitability,-0.0708582494080031,0.0569434311928991,0.056169085424415,0.0
BOLT,Operating Margin,Profitability,-0.022274677412057,0.1114580181156736,0.0765399147352511,0.0
BOLT,Quick Ratio,Liquidity,0.560156439438033,0.5717300022789127,0.7119344306035978,0.0
BOLT,ROE,Profitability,-0.0885811521439403,0.0919326792445683,0.1011115447855285,0.0
BOLT,ROI,Profitability,-0.0652219645625981,0.0673374289320432,0.0719161084823119,0.0
BOSS,Cash Ratio,Liquidity,0.0,0.0,0.0,0.0
BOSS,Current Ratio,Liquidity,0.5778377174784423,0.5874143544010926,0.8538860493320379,0.0
BOSS,DER,Solvency,3.2963033422253925,-2.7978179625011115,-5.083475600053606,0.0
BOSS,Debt Ratio,Solvency,0.4118598274791042,0.4169346156427747,0.2863743805326435,0.0
BOSS,GPM,Profitability,-0.0489754775149753,-0.5746079466389662,0.4042557630902776,0.0
BOSS,Interest Coverage Ratio,Solvency,-6.262746948487004,-17.15383969683224,2.20592754178968,0.0
BOSS,NPM,Profitability,-0.6238093834812732,-3.799420101227445,0.0854508845363664,0.0
BOSS,Operating Margin,Profitability,-0.4555787165138977,-1.6509703619706126,0.1502353578650461,0.0
BOSS,Quick Ratio,Liquidity,0.2597951693918289,0.3930967098087247,0.6229096666096436,0.0
BOSS,ROE,Profitability,-1.2165105099249676,2.119592487875618,-0.9910106142908036,0.0
BOSS,ROI,Profitability,-0.4083891757942275,-1.6859741930824894,0.3176336789209336,0.0
BPFI,DER,Solvency,0.653147046461988,0.3511240809124549,0.3113498017233806,0.6963574478014535
BPFI,Debt Ratio,Solvency,0.3810299539884955,0.249025710802082,0.2318993760963181,0.3983470949676859
BPFI,Free Cash Flow,Liquidity,436200234304.0,256555778728.0,-90493170274.0,-427981632326.0
BPFI,NPM,Profitability,0.1565011960445504,0.1914008779979398,0.2130203454905999,0.2702301189196432
BPFI,ROE,Profitability,0.0480297194370865,0.0498975048789219,0.0529282281983033,0.0818748584614804
BPFI,ROI,Profitability,0.029183066720078,0.0370779455101105,0.0406959488203759,0.0484625016389401
BPII,Cash Ratio,Liquidity,0.1042620033958259,0.0755184579734338,0.6448322442665276,0.1730217819314189
BPII,Current Ratio,Liquidity,1.0422037700475104,1.6320921872601513,1.6006133028727478,1.2366655631356809
BPII,DER,Solvency,0.7938784610007878,0.9082467077635824,0.6547802258663957,0.7409489534339266
BPII,Debt Ratio,Solvency,0.3022179955609988,0.3348237842292496,0.272902799712605,0.2395478239343791
BPII,GPM,Profitability,0.7519161902701075,0.654997576350431,0.6302551451618416,0.5502050896715942
BPII,NPM,Profitability,0.1101230930169953,0.182739863617202,0.6875256860527545,0.1148896194420021
BPII,Operating Margin,Profitability,0.328577477986165,0.2268752101888382,0.2156491966138472,0.2227373745638139
BPII,Quick Ratio,Liquidity,1.0419974564346175,1.631745000062147,1.6000465865777054,0.0
BPII,ROE,Profitability,0.0883831120587499,0.1161831308887392,0.4392338217587607,0.0845406557007029
BPII,ROI,Profitability,0.0554335751635287,0.0754190273658117,0.3770019463972278,0.0615105487201741
BRAM,Cash Ratio,Liquidity,2.5843570815792e-05,1.34905652087603e-05,1.5403796706747258e-05,1.4306096250798786e-05
BRAM,Current Ratio,Liquidity,2.561795973824335,1.9869013921198668,2.418956525369903,2.041355360586784
BRAM,DER,Solvency,0.0956716464164185,0.1106239414474538,0.047276597041912,0.0403584721248656
BRAM,Debt Ratio,Solvency,0.0701853343539627,0.0750144433138321,0.0340074739727605,0.0287465085223496
BRAM,GPM,Profitability,0.0706170870936091,0.1851113238934986,0.1998208363224372,0.1491678060872394
BRAM,Interest Coverage Ratio,Solvency,-3.599147847609239,43.6713143767012,45.09124745990673,19.63980929960659
BRAM,NPM,Profitability,-0.0231199712907938,0.0961365424611629,0.0954132955462628,0.0607845673505957
BRAM,Operating Margin,Profitability,-0.023613697134422,0.1163947321407206,0.1409041911601369,0.0882503378116796
BRAM,Quick Ratio,Liquidity,1.3728501122053145,0.977799153641028,1.414671900070549,1.3266639112154417
BRAM,ROE,Profitability,-0.0201338737157548,0.1269959055393213,0.1528586128831716,0.0719452801678033
BRAM,ROI,Profitability,-0.0184386287207283,0.1146599365415807,0.1462421472432715,0.0701897291140192
BREN,Cash Ratio,Liquidity,0.0,0.0,0.0,0.0889012086535531
BREN,Current Ratio,Liquidity,3.267037572900974,3.802919602320041,3.973508054024647,2.762581677218404
BREN,DER,Solvency,3.861920389506869,3.1826453009193023,10.80705464609279,4.47473255439543
BREN,Debt Ratio,Solvency,0.4841850389754443,0.4588669288085483,0.6098333923639002,0.5664267018504853
BREN,NPM,Profitability,0.1223583146224956,0.1602216010808356,0.1599319035417178,0.1805518903682238
BREN,Operating Margin,Profitability,0.7440683923533016,0.7482013986846856,0.7499262873389729,0.7440888699139573
BREN,Quick Ratio,Liquidity,3.139104753665558,3.695672008167935,3.868754484313772,2.6997198429088938
BREN,ROE,Profitability,0.1524922263793239,0.1734966125671542,0.4758413618443383,0.2418708019878002
BREN,ROI,Profitability,0.031393464758304,0.0416115290667383,0.0403819011302376,0.0442293170081337
BRIS,DER,Solvency,0.0715594271205936,0.067127785657386,0.0700435539003766,0.0285051640691589
BRIS,Debt Ratio,Solvency,0.0064943530453541,0.0063294350211119,0.0076762884461812,0.0031227083364934
BRIS,Free Cash Flow,Liquidity,13280711000000.0,17484298000000.0,3927327000000.0,3858910000000.0
BRIS,NPM,Profitability,0.1503606416398372,0.1916132362626153,0.2395657275041646,0.3046983406600809
BRIS,ROE,Profitability,0.1006132737467371,0.1210607255939829,0.1271483193411491,0.1472347036475092
BRIS,ROI,Profitability,0.0946290889688597,0.114687518688009,0.1193781058698453,0.1435980686196565
BRMS,Cash Ratio,Liquidity,0.0,0.0580305732978641,0.0521562320516513,0.0
BRMS,Current Ratio,Liquidity,0.7002141368146002,2.9705388642266737,2.773068222312533,0.0
BRMS,DER,Solvency,0.0,0.0421989672147583,0.0547849298185025,0.0
BRMS,Debt Ratio,Solvency,0.0,0.0467935990864611,0.0589636737967124,0.0
BRMS,GPM,Profitability,0.7191611150695225,0.5865111122371115,0.5639373108808535,0.0
BRMS,Interest Coverage Ratio,Solvency,-27.143039863568536,29.689200811917296,21.371635881253397,0.0
BRMS,NPM,Profitability,0.4738527714639617,6.534333757348097,1.1727332646596724,0.0
BRMS,Operating Margin,Profitability,-0.0152603852369963,0.0815802389960984,0.0913141845747049,0.0
BRMS,Quick Ratio,Liquidity,0.5726524785859087,2.8867081109137254,2.631572855227221,0.0
BRMS,ROE,Profitability,0.005302177400941,0.0635781182606664,0.0117456395598109,0.0
BRMS,ROI,Profitability,0.005302177400941,0.0610038200580613,0.0111355777161435,0.0
BRNA,Current Ratio,Liquidity,0.6183171197916414,0.6197406541027252,0.7642337077270044,0.0
BRNA,DER,Solvency,1.116330155917652,0.9453712696626504,1.1995401016591225,0.0
BRNA,Debt Ratio,Solvency,0.4139537113499087,0.3726029496798251,0.4271683396344835,0.0
BRNA,GPM,Profitability,0.0421317359666914,0.0125158395438167,0.0291113515801905,0.0
BRNA,NPM,Profitability,-0.1473217680864563,-0.1786729931270343,-0.1277376224879165,0.0
BRNA,Operating Margin,Profitability,-0.0597427114879676,-0.0813586450398705,-0.0691542422979451,0.0
BRNA,Quick Ratio,Liquidity,0.3937355972293952,0.3765049167834307,0.4462617622946846,0.0
BRNA,ROE,Profitability,-0.2270839434388908,-0.2358867480667027,-0.2019983997483461,0.0
BRNA,ROI,Profitability,-0.1156659216763955,-0.1265089820539088,-0.0942361554803158,0.0
BRPT,Cash Ratio,Liquidity,0.1272069443484398,0.5255497197334157,1.0409771534325076,0.5681377621215704
BRPT,Current Ratio,Liquidity,1.870583837509232,3.1464280354857217,3.696397128799467,3.1866888440145336
BRPT,DER,Solvency,2.160141278406065,1.7698972229921053,2.5130415519478464,2.530376517789401
BRPT,Debt Ratio,Solvency,0.3745381860884594,0.3351333558620192,0.4293221185317791,0.4209271516914941
BRPT,GPM,Profitability,0.249937665208618,0.2487124705607962,0.1504873153489477,0.2021983372452641
BRPT,NPM,Profitability,0.0181533478709776,0.03457759654411,0.0005939493478375,0.0094610882135258
BRPT,Operating Margin,Profitability,0.1822150914457815,0.1975811051648215,0.09043089860248,0.1264596380398346
BRPT,Quick Ratio,Liquidity,1.6192350229744137,2.809129187447588,3.2712100371293644,2.820311614008652
BRPT,ROE,Profitability,0.0317816410076399,0.0623548135470211,0.0011133263710876,0.0154679627314256
BRPT,ROI,Profitability,0.0100809655725021,0.0225759064811462,0.0003175005433067,0.0043901667392589
BSBK,Current Ratio,Liquidity,0.5163707360887122,0.3597499318067784,1.9854555762283976,2.0075719764106186
BSBK,DER,Solvency,-5.9496888481214825,0.620114379592217,0.270431168613347,0.2422819862298018
BSBK,Debt Ratio,Solvency,0.6802787760427476,0.3122700876889171,0.1765748880068574,0.163740152053249
BSBK,GPM,Profitability,0.2684623952684025,0.31295595428767,0.6198516761718449,0.6135190968780334
BSBK,Interest Coverage Ratio,Solvency,-0.7890980343051001,17.567205389577815,1.4485288568008758,2.407846060047433
BSBK,NPM,Profitability,-0.7270168447079683,3.62542068915071,0.0150073083688278,0.1140842284982185
BSBK,Operating Margin,Profitability,-0.2487982605719699,-0.021546976673057,0.2918842511447293,0.3129050555229263
BSBK,Quick Ratio,Liquidity,0.1351827828814067,0.1442023331505639,1.5782026000770175,1.028216894848099
BSBK,ROE,Profitability,0.9787303314811582,0.7566311017478589,0.0024153726951781,0.0234876198343968
BSBK,ROI,Profitability,-0.1981043023396443,0.4671535313125636,0.0019021835169056,0.0189110008080716
BSDE,Cash Ratio,Liquidity,0.5849457101226216,0.6493497771232657,0.8220887847629699,0.7530390840590445
BSDE,Current Ratio,Liquidity,2.397114485879967,2.58917167232355,2.610699428055268,2.468946350216237
BSDE,DER,Solvency,0.5684407817232775,0.3813190091065113,0.3560901604088013,0.3244534261055065
BSDE,Debt Ratio,Solvency,0.2813052043714127,0.1951305889280146,0.1842773649683342,0.177068372061234
BSDE,GPM,Profitability,0.6879349490053466,0.6192257886546244,0.6668998787900184,0.5556467770473712
BSDE,Interest Coverage Ratio,Solvency,1.1497199611159168,1.4903037987120806,2.28971210913911,1.8351673248204996
BSDE,NPM,Profitability,0.0455783234809133,0.1761799970688056,0.2377169332470428,0.1685972464610282
BSDE,Operating Margin,Profitability,0.3313058912794794,0.3197410188103468,0.3673843628798266,0.2549392626009742
BSDE,Quick Ratio,Liquidity,1.4930588681457535,1.508102985068075,1.4980432981707068,1.2663965590221216
BSDE,ROE,Profitability,0.0093528258210508,0.0428738510976003,0.0723347424917845,0.0533432113600143
BSDE,ROI,Profitability,0.0059666341921002,0.0310536180300833,0.053386729134279,0.0403098916355483
BSIM,DER,Solvency,0.0123133433847726,0.0134526978771141,0.0841868670562887,0.0809923074249805
BSIM,Debt Ratio,Solvency,0.0016717458255948,0.0018796331203111,0.0129523593586489,0.0120434700897478
BSIM,Free Cash Flow,Liquidity,2359536000000.0,7952635000000.0,-4879519000000.0,4817786000000.0
BSIM,NPM,Profitability,0.0306007345394927,0.0378008245591141,0.06753236918428,0.0217759293756126
BSIM,ROE,Profitability,0.0195682768121483,0.0173584425720736,0.0303582370808652,0.0096842017036917
BSIM,ROI,Profitability,0.0,0.0,0.0284096383127788,0.0091021011832395
BSSR,Cash Ratio,Liquidity,0.0007497143114058,0.0002688659864678,0.1637709946889974,0.0168318471851568
BSSR,Current Ratio,Liquidity,1.5770248017352133,1.6016808311280986,1.2452316166193158,1.3793163757236375
BSSR,DER,Solvency,0.0539748249265701,0.0602860061252252,0.0375070548276846,0.0228500360523241
BSSR,Debt Ratio,Solvency,0.0390191728402701,0.0349835211957282,0.0204268631238688,0.0135651045826337
BSSR,GPM,Profitability,0.3014114007837926,0.5085707672368872,0.4502370179202601,0.3096799028982407
BSSR,Interest Coverage Ratio,Solvency,48.24418743223539,368.3942447807104,650.6474681513874,589.5931817015495
BSSR,NPM,Profitability,0.0920769321033132,0.2967486944828742,0.2331311036036661,0.1430519645947139
BSSR,Operating Margin,Profitability,0.1299873969708894,0.3850876832207629,0.2969962511676107,0.194436459013472
BSSR,Quick Ratio,Liquidity,1.4523350019268295,1.482403339088899,1.0234829133975094,1.135108053809079
BSSR,ROE,Profitability,0.1603161594095224,0.8121718856576106,1.0880769876607632,0.6691997259164749
BSSR,ROI,Profitability,0.1523957272012381,0.7668006209964948,1.0496299420044986,0.6544718989037289
BSWD,DER,Solvency,0.0005655229824332,0.0004236443245601,0.000123018615908,3.967606621763155e-05
BSWD,Debt Ratio,Solvency,0.0001607304584648,0.0002009709028283,6.764434211683889e-05,2.1871892242715144e-05
BSWD,Free Cash Flow,Liquidity,-108013050660.0,-228581396091.0,-267788504912.0,-1047115847286.0
BSWD,NPM,Profitability,-0.6940877464778975,-0.427037715051294,0.1116095658689102,0.1849078968902128
BSWD,ROE,Profitability,-0.0667330641320292,-0.0218210882211507,0.0049785599739852,0.0144538239269156
BTEK,Current Ratio,Liquidity,0.6191245815194334,0.3711742156323943,0.3473974729241873,0.2022295854942614
BTEK,DER,Solvency,1.2391836477828273,1.3340577719240094,2.060478293391658,2.180696096026414
BTEK,Debt Ratio,Solvency,0.4877169569089671,0.4992162252844986,0.5983946968953794,0.595128200184531
BTEK,GPM,Profitability,-0.3473262610931132,-0.0789540556280042,-0.0770215841599793,-0.0306467924180763
BTEK,Interest Coverage Ratio,Solvency,-4.262969677404573,-0.4531077889150499,-0.4591935656876992,-0.4424709336183343
BTEK,NPM,Profitability,-0.5029546732029481,-0.724854664099808,-0.8694963663887922,-0.5798995740793242
BTEK,Operating Margin,Profitability,-0.3744845731393266,-0.2828553191018824,-0.2672536567029931,-0.2061056563588443
BTEK,Quick Ratio,Liquidity,0.1474805564523552,0.1521149691838575,0.1628748972250643,0.0739787379704071
BTEK,ROE,Profitability,-0.3064945760003149,-0.0682074003416544,-0.1109551001089907,-0.1030386592802424
BTEK,ROI,Profitability,-0.1368778198714503,-0.0292226701335801,-0.0362541699278085,-0.0323950029080007
BTEL,Current Ratio,Liquidity,0.0024206840304048,0.0150858227601719,0.0119238833557199,0.0
BTEL,DER,Solvency,-0.4080684024433994,-0.2414384422110553,-0.2366682020012256,0.0
BTEL,Debt Ratio,Solvency,1412.2596448254749,66.66017920801619,41.58473328324568,0.0
BTEL,GPM,Profitability,0.3765777735598368,0.6983496449817693,0.6764890282131661,0.0
BTEL,Interest Coverage Ratio,Solvency,-0.1276628915689484,-0.0698337397966569,-0.1862270181182418,0.0
BTEL,NPM,Profitability,-10.261744329505552,-1.63745922087891,-2.3584326018808777,0.0
BTEL,Operating Margin,Profitability,-0.9781721552624086,-0.1160813663404337,-0.3494879832810867,0.0
BTEL,Quick Ratio,Liquidity,0.0024206840304048,0.0143816135794274,0.0098302894816215,0.0
BTEL,ROE,Profitability,0.0095662209631778,0.0148883305415968,0.0193016012233874,0.0
BTEL,ROI,Profitability,0.0161610243525867,0.019627056484372,0.0252859913264328,0.0
BTPN,DER,Solvency,1.2448625212119997,1.153331452361948,1.3219408180289358,0.904660715175094
BTPN,Debt Ratio,Solvency,0.2123182723376717,0.2042603407581894,0.233401492024868,0.1737514489567134
BTPN,Free Cash Flow,Liquidity,19277210000000.0,13734702000000.0,-3774482000000.0,-1741675000000.0
BTPN,NPM,Profitability,0.1496411822256736,0.2127341224633822,0.2357369914069527,0.1762390473379192
BTPN,ROE,Profitability,0.0559953249654457,0.0783980831744363,0.0838240442438743,0.060953521819834
BTPN,ROI,Profitability,0.0251553029447295,0.0366586948032421,0.0362810438422233,0.0321567673188652
BTPS,DER,Solvency,0.0498301594437864,0.0113617207211016,0.0199579890671633,0.0061308383264926
BTPS,Debt Ratio,Solvency,0.0178240894967783,0.0043468844883178,0.0079267644949602,0.0025094976218274
BTPS,Free Cash Flow,Liquidity,1241889000000.0,4120683000000.0,2284139000000.0,1989231000000.0
BTPS,NPM,Profitability,0.2407280651200156,0.3405767048188766,0.3528292474598692,0.20523319489023
BTPS,ROE,Profitability,0.1453734459491296,0.2064928749630005,0.2117254643243182,0.1231477669716129
BTPS,ROI,Profitability,0.1405904405659783,0.0,0.2092360277038502,0.0
BUAH,Cash Ratio,Liquidity,0.0363154040621522,0.0536937796197931,0.4128117866012856,0.2309913950393007
BUAH,Current Ratio,Liquidity,1.1633037281522205,1.2538826026381178,1.7692644988857569,2.0404821757138536
BUAH,DER,Solvency,0.0802922247730274,0.047247017431365,0.0374806734954992,0.0158394941313074
BUAH,Debt Ratio,Solvency,0.0131932764467154,0.0105625689471433,0.0166905986828561,0.0082916318249211
BUAH,GPM,Profitability,0.0971651789293617,0.0895147699615397,0.0858899140610275,0.0854644633355013
BUAH,Interest Coverage Ratio,Solvency,156.8739880845491,170.3263142697839,124.59681567898087,163.46959495927456
BUAH,NPM,Profitability,0.0357602108984999,0.0369445441119463,0.0192016750360282,0.021739480447241
BUAH,Operating Margin,Profitability,0.0472352877098898,0.0462283492653832,0.0255917837154791,0.0275276651099607
BUAH,Quick Ratio,Liquidity,0.984997901974886,1.1175089488212675,1.293735166171111,1.6068290137252534
BUAH,ROE,Profitability,0.8165642760144908,0.6813451597775818,0.1729132632162721,0.2173227134079389
BUAH,ROI,Profitability,0.8165642760144908,0.6813451597775818,0.1729132632162721,0.2173227134079389
BUDI,Cash Ratio,Liquidity,0.0,0.0,0.0,0.0004274275889728
BUDI,Current Ratio,Liquidity,1.1438137011844978,1.166646048462206,1.3297214623959528,1.364694001792799
BUDI,DER,Solvency,0.9749230927912692,0.8676463113180473,0.9396572046336684,0.8896570575897029
BUDI,Debt Ratio,Solvency,0.4019457260816461,0.3706759748204106,0.3943766973747271,0.3921786044185938
BUDI,GPM,Profitability,0.1299458594076157,0.1310315747802376,0.1222759130846642,0.1217989162355039
BUDI,Interest Coverage Ratio,Solvency,1.581967804807623,1.9206854324053952,2.071142610327243,2.007042428766953
BUDI,NPM,Profitability,0.0229270257598869,0.0246780384629288,0.026301722542416,0.025552142192822
BUDI,Operating Margin,Profitability,0.073015694828726,0.0662244257555006,0.065922977264758,0.0613338105675783
BUDI,Quick Ratio,Liquidity,0.6726845082957218,0.8452971937445546,0.8097338997365469,1.061632661539666
BUDI,ROE,Profitability,0.0511590518024692,0.0651277836471652,0.0667880389492413,0.0687139097234388
BUDI,ROI,Profitability,0.0259043260920926,0.0348715831538803,0.034432908448818,0.0363631641241214
BUKA,Cash Ratio,Liquidity,1.3439777652531917,5.831774299457581,18.732031996995577,17.45462925112085
BUKA,Current Ratio,Liquidity,2.006612827337423,8.594897753407249,27.205451221969764,28.130601788872923
BUKA,DER,Solvency,0.0427046352824159,0.0875519220822081,0.0024542323023921,0.0015223455888448
BUKA,Debt Ratio,Solvency,0.0262983704119751,0.0772034998081854,0.0023719374146238,0.0014747722367631
BUKA,GPM,Profitability,0.9088083857734928,0.7638329647579379,0.292523230186972,0.2367364733265896
BUKA,Interest Coverage Ratio,Solvency,-220.32278905264167,-106.40785570352834,308.4570972690493,-632.5429632279406
BUKA,NPM,Profitability,-0.9980595198900176,-0.8950507522293919,0.5482115174754357,-0.3076325576824323
BUKA,Operating Margin,Profitability,-1.3717230569190226,-0.8958535883947564,-0.6905074056762894,-0.1819107705364896
BUKA,Quick Ratio,Liquidity,2.006612827337423,8.594474589585515,27.117665285950466,27.981951023044036
BUKA,ROE,Profitability,-0.8446152142132446,-0.0712817968585312,0.07488951927312,-0.0539487791364527
BUKA,ROI,Profitability,-0.8446152142132446,-0.0656844073013727,0.07488951927312,-0.0539487791364527
BUKK,Cash Ratio,Liquidity,0.2316280280706558,0.1419966092528244,0.1160177500936994,0.04596643592209
BUKK,Current Ratio,Liquidity,1.1869209448436608,1.1995117215319628,1.278465907541788,1.0040248239201697
BUKK,DER,Solvency,0.2995588342564129,0.201477345881356,0.3457376801591035,0.5337149905238786
BUKK,Debt Ratio,Solvency,0.1704327653320401,0.1273380511123468,0.2100816534887887,0.2859947276584515
BUKK,GPM,Profitability,0.1843640329799858,0.1895799592308681,0.1659599200587325,0.188121049051297
BUKK,NPM,Profitability,0.1063828176007342,0.1233942145034782,0.1086369618402321,0.1347096645471898
BUKK,Operating Margin,Profitability,0.1424889296830534,0.1411544821326397,0.125909178297527,0.1265833846660892
BUKK,Quick Ratio,Liquidity,0.8524546382119335,0.8197041533516428,0.845056186082839,0.700891515442695
BUKK,ROE,Profitability,0.1496205479649086,0.1441524370329877,0.118447090253329,0.1538507041897123
BUKK,ROI,Profitability,0.1161027487639805,0.1209704096274499,0.0883244140791165,0.1006940716514624
BULL,Cash Ratio,Liquidity,0.0,0.0030757250017106,0.0054835619300245,0.0053702341021608
BULL,Current Ratio,Liquidity,1.000977116902518,0.3863587835013883,0.6570065296954667,0.697089827639425
BULL,DER,Solvency,1.2652144201402191,3.770525373648582,1.6101635565781909,1.0899433866485233
BULL,Debt Ratio,Solvency,0.5206049797389983,0.6833446937205635,0.4973862164017907,0.4209684254093132
BULL,GPM,Profitability,0.5013200235308845,0.2316265864195213,0.2153251109945121,0.4300808253520527
BULL,NPM,Profitability,0.1851774674186398,-1.2731970027343569,-0.3862660141244087,0.1886226157531846
BULL,Operating Margin,Profitability,0.4377580595328784,0.1787093650157301,0.0877126476931629,0.3972515410363827
BULL,Quick Ratio,Liquidity,0.9819225400219508,0.3547390911003088,0.6154046799211706,0.6549651433205447
BULL,ROE,Profitability,0.1056748363511138,-2.0894388251808564,-0.377040268934206,0.1933289572069638
BULL,ROI,Profitability,0.046697367974727,-0.440417972325897,-0.144570615529393,0.1412526122443982
BUMI,Cash Ratio,Liquidity,0.0,0.0016925676194551,0.0037584999594965,0.0079462372788311
BUMI,Current Ratio,Liquidity,0.3059887014679419,0.2695625459751833,0.8374121608313305,0.8308690161984362
BUMI,DER,Solvency,-2.7329602463166545,-3.266551644113615,0.1555736552098706,0.1986737772060039
BUMI,Debt Ratio,Solvency,0.4773247594215641,0.3717281216324964,0.0547123685861764,0.0729486446653248
BUMI,EPS,Profitability,0.0,0.0022712846765002,0.0032671747622537,4.429653669104439e-05
BUMI,GPM,Profitability,0.1162837735570519,0.2000932848538276,0.2025271904968552,0.0817256644133429
BUMI,Interest Coverage Ratio,Solvency,0.1279624999656195,0.5807759652671445,1.3817620305472902,2.520105287545728
BUMI,NPM,Profitability,-0.4276422433012026,0.166649465109294,0.2989839361261952,0.0097909063315987
BUMI,Operating Margin,Profitability,-0.0027201214520995,0.1228510424595557,0.1160982768377197,0.0323310598106246
BUMI,Quick Ratio,Liquidity,0.2849506880465338,0.2589683876405819,0.7950547679289914,0.8054139174788637
BUMI,ROE,Profitability,0.564490129421719,-0.349557221992657,0.3466658475563323,0.0106589508978332
BUMI,ROI,Profitability,-0.420758361019737,0.19075623930787,0.3332188541876614,0.0096952760908302
BUVA,Current Ratio,Liquidity,0.0818514548902906,0.0398207295871349,0.0483212777681772,0.850170810305456
BUVA,DER,Solvency,2.271824095124333,5.915575522719702,68.26372604532975,0.6488087287523054
BUVA,Debt Ratio,Solvency,0.5328891166912378,0.6050870786845846,0.6120165015552808,0.3622707060363102
BUVA,GPM,Profitability,0.4666169004500348,0.5529235803875008,0.7108157120321698,0.7142821905405506
BUVA,Interest Coverage Ratio,Solvency,9.429207785099123,-1.0947602987782727,-0.0764699668763655,0.1620916791668836
BUVA,NPM,Profitability,-13.28093388766096,-5.643223320552947,-0.7850778816437394,0.095284192333176
BUVA,Operating Margin,Profitability,-1.439311525462528,-1.612474875336372,-0.0405727474002446,0.0724726710145887
BUVA,Quick Ratio,Liquidity,0.0811901676980973,0.0393708247496371,0.0472150825691215,0.8345763986104267
BUVA,ROE,Profitability,-1.6883748398007077,-1.819087117953893,-10.72711135962012,0.0370902839432077
BUVA,ROI,Profitability,-0.5172077944383775,-0.2635075161419165,-0.1551938962439508,0.0225199360988332
BVIC,DER,Solvency,1.2050833888246109,0.7594049286589454,0.5715510640381861,0.0
BVIC,Debt Ratio,Solvency,0.1215293549899189,0.0917602537441176,0.0815596077527935,0.0
BVIC,Free Cash Flow,Liquidity,32231095000.0,-2244755475000.0,1066458269000.0,0.0
BVIC,NPM,Profitability,-0.4976124697280463,-0.2061204139699452,0.3009204937138885,0.0
BVIC,ROE,Profitability,-0.0953705103592412,-0.0394982102765206,0.0611203040271268,0.0
BVIC,ROI,Profitability,-0.0434419744755198,-0.0225161197021521,0.0391143370369308,0.0
BWPT,Cash Ratio,Liquidity,0.0001841118052132,0.0002221742544606,0.0,0.0002277200807836
BWPT,Current Ratio,Liquidity,0.9208281582854176,0.5897472568297796,0.5549814217515758,0.3700476931244191
BWPT,DER,Solvency,2.170842029282292,3.571238042701132,3.4888281975512925,2.340632768413359
BWPT,Debt Ratio,Solvency,0.4962195657012219,0.6008939109250541,0.5775016754518811,0.5015950296115975
BWPT,GPM,Profitability,0.0253048894193115,0.2127219537030797,0.2254980407177418,0.2514824197809453
BWPT,Interest Coverage Ratio,Solvency,-0.3303566310535343,0.3890047827769728,1.1366824217561222,1.246975030932148
BWPT,NPM,Profitability,-0.4917076991230137,-0.4776397405608204,0.0038210595077877,0.0421025768846209
BWPT,Operating Margin,Profitability,-0.1305132293854546,0.0947501614858467,0.1445319366068781,0.167365264618947
BWPT,Quick Ratio,Liquidity,0.8312693587419515,0.4136465546859643,0.3260361807410794,0.3090949977014504
BWPT,ROE,Profitability,-0.3140275278524528,-0.6924918500156166,0.0086381367957049,0.0811179870916893
BWPT,ROI,Profitability,-0.0991586063876574,-0.1518651885856154,0.0019498725019001,0.0246462372181362
BYAN,Cash Ratio,Liquidity,1.615418846647925,2.1624867776144647,0.9966882835403506,0.0
BYAN,Current Ratio,Liquidity,3.250062354385673,3.1313240156668547,1.3106176388267536,1.420287404607127
BYAN,DER,Solvency,0.4829606164880326,0.0,0.0,0.2109533433788915
BYAN,Debt Ratio,Solvency,0.2479146623938492,0.0,0.0,0.1152257467951692
BYAN,GPM,Profitability,0.3317764833987658,0.6123136609681524,0.6718373324791366,0.4646883042771598
BYAN,NPM,Profitability,0.2356359691649065,0.4251999630513766,0.4631483149369494,0.3458400604869514
BYAN,Operating Margin,Profitability,0.2043374638739368,0.5884103934358319,0.6255086319076388,0.4487589038149207
BYAN,Quick Ratio,Liquidity,2.879136549556126,2.922095907606001,1.2460839101934764,1.2695246080293825
BYAN,ROE,Profitability,0.3953841603880833,0.6736907062549093,1.1498657403812511,0.6583526015721737
BYAN,ROI,Profitability,0.2680989445032791,0.6736907062549093,1.1498657403812511,0.5436647127421025
CAMP,Cash Ratio,Liquidity,3.0929907328541746,2.7776939625208588,2.506470380374953,0.0
CAMP,Current Ratio,Liquidity,13.267255916551678,13.309057421096124,10.670718158033726,6.43245340368312
CAMP,GPM,Profitability,0.5404141009693678,0.5446735654479663,0.5569801306219616,0.5896893398688448
CAMP,NPM,Profitability,0.0460424848821508,0.0974149039052008,0.1073681356008598,0.1121918749195772
CAMP,Operating Margin,Profitability,0.0632444710423219,0.1243220504401528,0.1401291791746082,0.1332918070561718
CAMP,Quick Ratio,Liquidity,10.826272124325214,11.428699509301664,8.938139628968688,5.028542108175645
CAMP,ROE,Profitability,0.0457993989174014,0.0967206260523707,0.1287979369245146,0.1337615070162028
CAMP,ROI,Profitability,0.0457993989174014,0.0967206260523707,0.1287979369245146,0.1337615070162028
CARE,Cash Ratio,Liquidity,0.0,0.0515070817767594,0.0,0.0
CARE,Current Ratio,Liquidity,16.144294744184,16.150831576848756,4.139027595596176,0.8792363181703431
CARE,DER,Solvency,0.0353095967512009,0.2559901515964164,0.2985230009117114,0.3082558854027559
CARE,Debt Ratio,Solvency,0.0337126591496111,0.2004325252976882,0.2260030512108365,0.2307258277285444
CARE,GPM,Profitability,0.4756972295934278,0.501604284180167,0.3695183849623855,0.3694328898035059
CARE,Interest Coverage Ratio,Solvency,-1.3724738140272754,0.5543396382943734,-0.6782640453737855,-0.4769217016870367
CARE,NPM,Profitability,0.0661724499751857,0.0209641582115469,-0.3591954271951979,-0.4570604233232228
CARE,Operating Margin,Profitability,-0.0717404585276317,0.048457519265598,-0.2318793805716932,-0.1473371092289724
CARE,Quick Ratio,Liquidity,16.002473330203678,16.071909855792505,4.121139690386412,0.8739483908140472
CARE,ROE,Profitability,0.0043506265047916,0.0018497814192366,-0.0291785962210273,-0.0358210259768945
CARE,ROI,Profitability,0.0042022468626234,0.0014727674551312,-0.0224706040636481,-0.0273807489624759
CARS,Cash Ratio,Liquidity,0.00168568828748,0.0025954976502154,0.0,0.0
CARS,Current Ratio,Liquidity,1.1237389336803625,1.2316109779335234,0.7650607542894649,0.8294128479994145
CARS,DER,Solvency,6.36230496954094,14.116729542857906,6.283468619862282,3.2486075105657357
CARS,Debt Ratio,Solvency,0.7450545314181471,0.7914245198103069,0.6804504652406861,0.5062418956313486
CARS,GPM,Profitability,-0.0624382310659999,0.059245105046948,0.1146085045273243,0.120204414255037
CARS,Interest Coverage Ratio,Solvency,-5.806796140920686,-2.092866315753088,2.791301997587589,4.885144382942315
CARS,NPM,Profitability,-0.2387974093063763,-0.0809477478481542,0.0248764520385939,0.0267961563878706
CARS,Operating Margin,Profitability,-0.2135628030797445,-0.039777371012352,0.0301821886188425,0.0531222695027958
CARS,Quick Ratio,Liquidity,1.0829165571552053,1.182460008462967,0.6923943175502832,0.67676040893691
CARS,ROE,Profitability,-1.4891945847928327,-1.7676468155754712,0.33504114696679,0.2882260197791091
CARS,ROI,Profitability,-0.2022728739102597,-0.1169331508223363,0.046000218364794,0.0678401144521654
CASA,DER,Solvency,0.1047822164762687,0.2478459973993448,0.2134083129557265,0.1839234970768826
CASA,Debt Ratio,Solvency,0.0204066138907474,0.0448593940014153,0.0441087884125357,0.0413611344892962
CASA,NPM,Profitability,0.0078114410514745,0.0012440857841545,0.0023079183268819,0.0093529382920783
CASA,ROE,Profitability,0.0095406095010049,0.0028117736010031,0.0038788771114676,0.0119212494022487
CASA,ROI,Profitability,0.0086357377578315,0.0022576635782263,0.0032128792295788,0.0101006592682485
CASS,Cash Ratio,Liquidity,0.2351586794611707,0.3729520095740085,0.3731062439971631,0.4226506113072387
CASS,Current Ratio,Liquidity,0.6341913700274469,0.8290734975108994,1.005586073156753,1.3351013394558569
CASS,DER,Solvency,0.9763060333226252,0.4403270349971134,0.1873692205003533,0.1199491861539257
CASS,Debt Ratio,Solvency,0.2271848112450231,0.1075041347499944,0.056767295187207,0.0447170292012672
CASS,GPM,Profitability,0.035508426137093,0.180895071465316,0.2431754207932698,0.2517268646068123
CASS,Interest Coverage Ratio,Solvency,0.7023829684286924,8.254452750887106,25.28644171779141,43.31927663270947
CASS,NPM,Profitability,-0.0720790631610709,0.0239790364616639,0.0733964998948125,0.0951238554449151
CASS,Operating Margin,Profitability,0.0015569280435939,0.1248987491793354,0.2084508119717807,0.2387413338474557
CASS,Quick Ratio,Liquidity,0.6178636360445608,0.8128205793974701,0.9844796407326668,1.3059740759838216
CASS,ROE,Profitability,-0.2551059094553021,0.087760632018016,0.2478962728943644,0.2923584975536403
CASS,ROI,Profitability,-0.1694482891195693,0.0701957276868357,0.2478962728943644,0.2923584975536403
CBUT,Cash Ratio,Liquidity,0.0,0.0126213144972835,0.2391921424317298,0.055396951263301
CBUT,Current Ratio,Liquidity,0.8500352295493432,1.0147410642671024,1.2581190469394006,1.4761140431912512
CBUT,DER,Solvency,-6.7143457216775335,14.65247731244011,1.6132069341927435,3.31052308469708
CBUT,Debt Ratio,Solvency,0.7257686618259456,0.6415967601967023,0.4110614859598129,0.6889611027550889
CBUT,GPM,Profitability,0.0632293121808066,0.235360476712881,0.1550387363195137,0.1273816585148976
CBUT,Interest Coverage Ratio,Solvency,-0.1695019044469755,5.606515999883953,5.408891155928745,2.706993262017227
CBUT,NPM,Profitability,-0.0355503267745711,0.0330283303978229,0.0231979214216634,0.0139777005276547
CBUT,Operating Margin,Profitability,-0.0031782986503024,0.0446187574900537,0.0429921531443092,0.0302108535572241
CBUT,Quick Ratio,Liquidity,0.5894265004560254,0.6780479370145921,0.982761615347436,1.245843170120681
CBUT,ROE,Profitability,0.738933068573447,3.22531988050279,0.2899820667429046,0.1598398078048261
CBUT,ROI,Profitability,-0.1293119290578243,0.2060581092770155,0.1109678927254508,0.0370813018893874
CEKA,Cash Ratio,Liquidity,1.6093319284453913,0.7871892131763157,0.8330155449933561,1.812485747363692
CEKA,Current Ratio,Liquidity,4.66272190107305,4.797111239629567,9.95417140236888,7.2878925980547
CEKA,GPM,Profitability,0.0922158837117588,0.0675570179935803,0.0686234047585515,0.0613044275286029
CEKA,Interest Coverage Ratio,Solvency,315.2841406369629,53826.41053939543,656.9622532027635,102278.80828119036
CEKA,NPM,Profitability,0.0500268911146195,0.0349042011054735,0.035923370009656,0.0242329797601587
CEKA,Operating Margin,Profitability,0.0573763311502298,0.0405121504284792,0.0446746103711924,0.0295483258309749
CEKA,Quick Ratio,Liquidity,3.461972899925164,3.328076236109481,7.309662798033064,5.96875285738484
CEKA,ROE,Profitability,0.1442138744543235,0.1348359843474577,0.1423860896878815,0.0935128298018354
CEKA,ROI,Profitability,0.1442138744543235,0.1348359843474577,0.1423860896878815,0.0935128298018354
CENT,Cash Ratio,Liquidity,0.0572000414176058,0.0,0.0,0.0
CENT,Current Ratio,Liquidity,0.2240732610023542,0.213138399494796,1.4190259677845922,0.0
CENT,DER,Solvency,1.5317932030849537,8.063019376784304,-31.906341203219974,0.0
CENT,Debt Ratio,Solvency,0.4962796001076397,0.8380851737538052,0.9403577892875143,0.0
CENT,GPM,Profitability,0.5268647973986446,0.4944400210871079,0.4708129747697485,0.0
CENT,Interest Coverage Ratio,Solvency,0.1641896922984041,1.1629433048086837,-0.6294620748953127,0.0
CENT,NPM,Profitability,-0.4645625540580487,-0.1798649028441838,-0.9251355130358024,0.0
CENT,Operating Margin,Profitability,0.2944033268737386,0.3565203753322049,0.2071513297863169,0.0
CENT,Quick Ratio,Liquidity,0.2218546900221295,0.2115449820673925,1.4146200949590964,0.0
CENT,ROE,Profitability,-0.2060011190501909,-0.1526968353277045,3.623030348042881,0.0
CENT,ROI,Profitability,-0.0821397990242227,-0.0169191473763263,-0.11813907730054,0.0
CFIN,Cash Ratio,Liquidity,0.5863838721245638,0.0,0.0,0.0
CFIN,Current Ratio,Liquidity,10.228636767483378,11.794888306605731,5.8974492092906985,4.93340233683063
CFIN,DER,Solvency,1.242162196909611,0.4146160736024421,0.488520910836415,0.7291604472358868
CFIN,Debt Ratio,Solvency,0.5398964176619877,0.2797194742777738,0.3101989642367704,0.4065977533038233
CFIN,GPM,Profitability,0.5297126739796915,0.5934971964857889,0.7024096705962282,0.6813858083365705
CFIN,NPM,Profitability,0.0272006656007557,0.0358105780972752,0.2370991341075107,0.5227723748997419
CFIN,Operating Margin,Profitability,0.4503208933296178,0.4789520193447109,0.5337407173171415,0.5479218304115098
CFIN,ROE,Profitability,0.0098134538469171,0.0096348193685137,0.0607938092829763,0.1474653540938227
CFIN,ROI,Profitability,0.0043777532237505,0.006811303265667,0.0409837765485361,0.0854798017049409
CGAS,Current Ratio,Liquidity,1.9949952165182732,1.585345203394587,1.4538200414963518,0.0
CGAS,DER,Solvency,0.1125041784945085,0.3061678976271119,0.6346437143415984,0.0
CGAS,Debt Ratio,Solvency,0.0535715694615821,0.1377498665028528,0.2360423399031968,0.0
CGAS,GPM,Profitability,0.1551769638334211,0.1616718546893402,0.1864101017418717,0.0
CGAS,Interest Coverage Ratio,Solvency,1.5609736206254878,8.703429040493312,6.593672278279812,0.0
CGAS,NPM,Profitability,-0.0099906937962884,0.0077136081100028,0.026752413159645,0.0
CGAS,Operating Margin,Profitability,0.0019278267143652,0.0186998100553267,0.0390731991535713,0.0
CGAS,Quick Ratio,Liquidity,1.9059375435621648,1.5329836457601185,1.3861780251752218,0.0
CGAS,ROE,Profitability,-0.0474407483069695,0.0362769798721651,0.1694656226206228,0.0
CGAS,ROI,Profitability,-0.0426432090989254,0.0277735962873293,0.1036712900394201,0.0
CHIP,Current Ratio,Liquidity,0.0148818569986331,1.024054075820806,1.539113968398944,2.62102034203756
CHIP,DER,Solvency,-0.8490324158517342,1.523923752106941,1.184513945413767,0.2234735307005591
CHIP,Debt Ratio,Solvency,0.8105443849139087,0.2828449468734969,0.3520720479799219,0.1172105730079307
CHIP,GPM,Profitability,0.0,0.1507651385559751,0.1324718422416941,0.0890247999580466
CHIP,NPM,Profitability,0.0,0.0760992482460385,0.0632059790388497,0.0376284162316733
CHIP,Operating Margin,Profitability,0.0,0.115603964469546,0.0999241561627472,0.0550805455166974
CHIP,Quick Ratio,Liquidity,0.0148818569986331,0.3038704176691854,1.0060763067207033,2.0389762394709345
CHIP,ROE,Profitability,1.1062409411780154,0.7784086193894546,0.469471146914737,0.2059769832502697
CHIP,ROI,Profitability,1.1062409411780154,0.341393876415667,0.2612121194867565,0.1686985835534645
CITA,Cash Ratio,Liquidity,0.0,0.0,0.4251907916818346,0.0
CITA,Current Ratio,Liquidity,2.0788187943288925,2.2082680065867546,1.8095395914151475,2.2154021566595
CITA,DER,Solvency,0.0138296183293201,0.0007995583626438,0.0,0.0418745164164391
CITA,Debt Ratio,Solvency,0.0115401054736755,0.0006914390684545,0.0,0.0371511249370781
CITA,GPM,Profitability,0.5011178864106823,0.4375702657425276,0.4104184380064721,0.3552759880413871
CITA,NPM,Profitability,0.1495934473323611,0.1241378071145823,0.1669412860970742,0.2182540701698528
CITA,Operating Margin,Profitability,0.1625874797232434,0.0758778073349644,0.0500652566414153,0.0854705092838563
CITA,Quick Ratio,Liquidity,0.8286906422358689,1.242435600158899,0.9290891428583546,1.1350828192004745
CITA,ROE,Profitability,0.1881351785859401,0.1400690142236366,0.1950277204197532,0.1301377994857637
CITA,ROI,Profitability,0.1861925569386908,0.1399571103456482,0.1950277204197532,0.124907364020551
CITY,Cash Ratio,Liquidity,0.3868180207720638,0.4291722892669553,0.5461881023128419,0.3410932543976197
CITY,Current Ratio,Liquidity,8.905469745288766,9.757952435560224,11.733798546333103,0.0
CITY,DER,Solvency,0.0,0.0,0.0,0.0002067181282988
CITY,GPM,Profitability,0.7061374426765444,0.5902622565153732,0.5401536252920469,0.5525182747808436
CITY,Interest Coverage Ratio,Solvency,878.0200632273541,0.0,0.0,0.0
CITY,NPM,Profitability,0.4438714848438997,0.0160568850072713,-0.5866115358986568,0.0224951658177718
CITY,Operating Margin,Profitability,0.425040136383324,-0.0043429357525632,-0.6147938210369143,0.0086229629001052
CITY,Quick Ratio,Liquidity,3.7491446129724406,4.218973163623583,5.022900816168914,0.0
CITY,ROE,Profitability,0.0752012017661918,0.0014431649436225,-0.0248988661647856,0.0023413094785491
CITY,ROI,Profitability,0.0752012017661918,0.0014431649436225,-0.0248988661647856,0.0023413094785491
CLAY,Current Ratio,Liquidity,0.0557726605898682,0.0358379831821362,0.111056288533358,0.1604915499966921
CLAY,DER,Solvency,3.880595084326274,11.648647266068036,-226.50425393295592,73.65940227740836
CLAY,Debt Ratio,Solvency,0.7062073804860787,0.742105523316358,0.7380954194693355,0.7058255510504993
CLAY,GPM,Profitability,-0.7800709750852322,-0.9770721214780376,0.3594854459625036,0.4961445408333603
CLAY,NPM,Profitability,-2.4263815338763863,-3.858515223977552,-0.3242800462261186,0.029785914445835
CLAY,Operating Margin,Profitability,-1.82340312226097,-2.294792874352696,-0.1267179603402453,0.129383954844171
CLAY,Quick Ratio,Liquidity,0.0503665811880006,0.035207084928372,0.1091973402076679,0.1558536187615312
CLAY,ROE,Profitability,-0.7287275061455575,-1.9417681811150136,21.001281760399447,1.2295246788496506
CLAY,ROI,Profitability,-0.1493111994653726,-0.1535158772530647,-0.0931303130389872,0.0164684506082859
CLEO,Cash Ratio,Liquidity,0.1240299456928702,0.0,0.0,0.4299703114300545
CLEO,Current Ratio,Liquidity,1.7227804537219509,1.0572164449677086,1.190440164322948,1.206187886775915
CLEO,DER,Solvency,0.2858255463850395,0.2171054717295018,0.3218152646120724,0.3570600295429374
CLEO,Debt Ratio,Solvency,0.1950823624534249,0.1562590618825235,0.2173540270093366,0.2282994408810747
CLEO,GPM,Profitability,0.4219459172794066,0.4181906067021391,0.5046780001868216,0.5658774496610752
CLEO,NPM,Profitability,0.1365077999009488,0.1637593419350378,0.1149706759103332,0.1462977532625703
CLEO,Operating Margin,Profitability,0.2190175672058351,0.2370670610819543,0.1803755243453768,0.2136821508264225
CLEO,Quick Ratio,Liquidity,1.03297153595841,0.4410848349399632,0.3905964420717156,0.7180210307167301
CLEO,ROE,Profitability,0.1483909601955063,0.1761924975952443,0.1591726501499522,0.2082713140598054
CLEO,ROI,Profitability,0.1166456665499039,0.151600670130017,0.1257147354737866,0.1573286834432492
CLPI,Cash Ratio,Liquidity,0.5572279628110164,0.7452538203575175,0.6899727434360984,1.0325371037729851
CLPI,Current Ratio,Liquidity,3.4793984990449056,2.458411385602594,2.733703251554508,3.173561486467766
CLPI,DER,Solvency,0.1018414101490222,0.2455568897433687,0.1810235577723067,0.1215951374628102
CLPI,Debt Ratio,Solvency,0.0769998842248334,0.1606253121042879,0.1243845589069987,0.0870132490205597
CLPI,GPM,Profitability,0.1450938400488219,0.117170201291377,0.0937518476090655,0.1340878300079976
CLPI,Interest Coverage Ratio,Solvency,11.801464700951673,12.717662031613228,8.792236991711706,14.658089062204237
CLPI,NPM,Profitability,0.0468949732260595,0.0511576691396036,0.0426409264125909,0.0653460500261196
CLPI,Operating Margin,Profitability,0.07955272562154,0.060454357903579,0.0316631178875009,0.0706139480008437
CLPI,Quick Ratio,Liquidity,2.6217360387036432,1.6979254911676809,1.8762018918695555,2.446292691154229
CLPI,ROE,Profitability,0.0739024361237806,0.0846849463257174,0.0678642142108591,0.094821711141939
CLPI,ROI,Profitability,0.0670717541045997,0.0679896253820777,0.0574622019723868,0.0848434539290885
CMNP,Cash Ratio,Liquidity,1.1793300144921668,0.2776499051696451,0.0778718434337999,0.0241828244958156
CMNP,Current Ratio,Liquidity,2.2697949658287446,0.6726912964438139,0.4739939141295679,0.3708494759089559
CMNP,DER,Solvency,0.575398681882534,0.1649765194328686,0.2728242167036231,0.4700445394236422
CMNP,Debt Ratio,Solvency,0.3121635822821815,0.1027221503140701,0.154835349035044,0.2496986205187188
CMNP,GPM,Profitability,0.3519253483086744,0.2540298631895579,0.3148867381340829,0.2465567766886879
CMNP,Interest Coverage Ratio,Solvency,2.065086398344812,4.947342987819376,13.49012599776665,5.456900865303081
CMNP,NPM,Profitability,0.173121282703541,0.1662136293731775,0.2048709960736472,0.1337258837583975
CMNP,Operating Margin,Profitability,0.3013869998039643,0.2221882458927866,0.2743195337349733,0.2256587321508831
CMNP,Quick Ratio,Liquidity,2.2696453446620244,0.6726912964438139,0.0,0.0
CMNP,ROE,Profitability,0.050068057858776,0.0766934603103723,0.0876348720353388,0.0892510257275442
CMNP,ROI,Profitability,0.0317811982671883,0.0658431519471727,0.0688577632772725,0.0607184529352893
CMNT,Cash Ratio,Liquidity,0.0237415759202308,0.0340731783772198,0.0267490775735485,0.0359051651292051
CMNT,Current Ratio,Liquidity,0.4258043930605275,0.4346193721996053,0.415695938204775,0.485029336687414
CMNT,DER,Solvency,3.953187303607488,2.6710273709468333,3.021171993137663,2.627216717265013
CMNT,Debt Ratio,Solvency,0.499107194431229,0.5342391269935898,0.5798808002189588,0.532503036313688
CMNT,GPM,Profitability,0.2413396248290582,0.2564515735453895,0.2604908833341987,0.2602295657051444
CMNT,Interest Coverage Ratio,Solvency,1.6379212695977936,1.7971162572165975,1.7888285149530991,1.343491092094422
CMNT,NPM,Profitability,0.0658402792619505,0.0267631611182236,-0.0092246955218712,0.0161043861407551
CMNT,Operating Margin,Profitability,0.1217267529652026,0.1249570853453793,0.1172061047063485,0.1037577109050003
CMNT,Quick Ratio,Liquidity,0.254323217604064,0.2258628032796224,0.189253514421089,0.2634447723273269
CMNT,ROE,Profitability,0.1960408517222232,0.0594365164873844,-0.0256751503470674,0.0425364073168258
CMNT,ROI,Profitability,0.0401585375381559,0.0163552893854986,-0.0064280220644999,0.0119141914089821
CMPP,Current Ratio,Liquidity,0.0348307659423475,0.0250763050662655,0.0385648160323366,0.0
CMPP,DER,Solvency,-1.879176416411724,-1.1055721385256614,-0.9852421739044008,0.0
CMPP,Debt Ratio,Solvency,0.8986492987718085,1.1182628811901325,1.2544022530285233,0.0
CMPP,GPM,Profitability,-1.2109502719373646,-2.3336841845136878,-0.0786581181732811,0.0
CMPP,Interest Coverage Ratio,Solvency,-10.538214264930936,-6.404978247717254,-4.072435376606633,0.0
CMPP,NPM,Profitability,-1.7099553047955174,-3.742941961390306,-0.4364195548185091,0.0
CMPP,Operating Margin,Profitability,-1.345990321199161,-2.559170348613195,-0.1700710281595825,0.0
CMPP,Quick Ratio,Liquidity,0.0219964287668099,0.0162438473702014,0.0266032410044703,0.0
CMPP,ROE,Profitability,0.9499161130293402,0.4509481082433662,0.2419045029850883,0.0
CMPP,ROI,Profitability,1.0420154426806263,0.4744550777869916,0.251455461486986,0.0
CMRY,Cash Ratio,Liquidity,0.1597275918524407,4.249083902245031,2.3031309199499925,1.949935044243449
CMRY,Current Ratio,Liquidity,2.0217302128370163,5.719465775345372,4.394987252488085,4.2792956118568295
CMRY,DER,Solvency,0.0676625587254034,0.0088826880941831,0.0065712101387536,0.0
CMRY,Debt Ratio,Solvency,0.0457203008515047,0.0074451544216857,0.0055522427104418,0.0
CMRY,GPM,Profitability,0.4082481767897643,0.4817357958575468,0.4183674205295791,0.4158967490939687
CMRY,Interest Coverage Ratio,Solvency,66.79026323238041,518.6342091705307,218.6245864530733,236.5860125952933
CMRY,NPM,Profitability,0.0950604281610322,0.1929333501640383,0.1662707961371816,0.1597490515135258
CMRY,Operating Margin,Profitability,0.1249111824456232,0.2459298057054625,0.1965151478094328,0.1818937823800867
CMRY,Quick Ratio,Liquidity,1.516834925163993,5.172000312467452,3.402868326663864,3.4520600119541216
CMRY,ROE,Profitability,0.2410281201062163,0.1682379549527357,0.2016897288826679,0.2090006013933541
CMRY,ROI,Profitability,0.2257530884982615,0.1667613524849118,0.2003730355598641,0.2090006013933541
CNKO,Current Ratio,Liquidity,0.2372146433231272,0.3248465742088781,0.2279709021394091,0.2767016342418864
CNKO,DER,Solvency,-0.4894708946712272,-0.4420698205804974,-0.231027195008591,-0.4301296160006078
CNKO,Debt Ratio,Solvency,0.4486231870194594,0.3994430264725914,0.2919301378513378,0.5224659627489051
CNKO,GPM,Profitability,0.1247714824432821,0.1364201882709797,0.0769554460557555,0.1139661699952878
CNKO,Interest Coverage Ratio,Solvency,0.3604327085672952,0.5773713419060067,0.4491576453350182,1.977423412723743
CNKO,NPM,Profitability,-0.2979504244839015,-0.0747781551506806,-0.0389229862283598,-0.0236230964901411
CNKO,Operating Margin,Profitability,-0.077675401223023,0.0682441761573143,-0.0581896513565759,0.0234231163799418
CNKO,Quick Ratio,Liquidity,0.2252972611030977,0.3111240061730981,0.2061113654788372,0.2638277127518563
CNKO,ROE,Profitability,0.2590106372170775,0.0672249903923965,0.0467632527312164,0.0346952497804044
CNKO,ROI,Profitability,0.5073376512986048,0.1204899696631228,0.0607895515319202,0.060880312807919
CNMA,Cash Ratio,Liquidity,0.9501038873054676,0.6604075125607684,0.4315022114241507,1.263045564835846
CNMA,Current Ratio,Liquidity,1.4990625330378893,1.5966424074652856,0.9066733595968672,4.259030398416588
CNMA,DER,Solvency,0.3503626609770663,0.4458784811203385,1.3373757431245872,0.3542873881168488
CNMA,Debt Ratio,Solvency,0.2282672079762463,0.2613489699880378,0.4912139069694917,0.2276183421977167
CNMA,GPM,Profitability,0.5862043506402416,0.5769817823347545,0.5971897615341794,0.5989952163903726
CNMA,Interest Coverage Ratio,Solvency,-4.399674733669541,-2.603538049757938,5.437192407731798,6.445118193694693
CNMA,NPM,Profitability,-0.4477006840892441,-0.274424966372074,0.1046077640563047,0.1314836913361645
CNMA,Operating Margin,Profitability,-0.4838009734264266,-0.2771253552218193,0.1629174856000272,0.1999488412622367
CNMA,Quick Ratio,Liquidity,1.352903990006106,1.5198240835826229,0.8675882420678235,4.120140515920567
CNMA,ROE,Profitability,-0.1392822324194923,-0.0933921184989845,0.185432341426477,0.1452484163922253
CNMA,ROI,Profitability,-0.1392822324194923,-0.0933921184989845,0.1101351019993182,0.1452484163922253
CPIN,Cash Ratio,Liquidity,0.0585870911216807,0.0181430790644479,0.0009496173586096,0.005040084244426
CPIN,Current Ratio,Liquidity,2.526264488832442,2.0054693016335547,1.7572172650327642,1.6473481866214688
CPIN,DER,Solvency,0.1909094450695239,0.2499452164622104,0.3551152425119837,0.3545403447893025
CPIN,Debt Ratio,Solvency,0.1429588369003646,0.1772396310099536,0.2344749218552861,0.2337523309283685
CPIN,GPM,Profitability,0.1831738500881798,0.1480381086020921,0.1432106862220039,0.1342919394928415
CPIN,Interest Coverage Ratio,Solvency,13.959473668480696,20.57193601240729,10.857533701573148,5.687978783341686
CPIN,NPM,Profitability,0.0903620193071381,0.0700403025255265,0.0514940824594077,0.0376296683402079
CPIN,Operating Margin,Profitability,0.1238268067039173,0.0929380606294809,0.0678744276348561,0.0625936832811687
CPIN,Quick Ratio,Liquidity,0.9672658380461848,0.5267009702912201,0.4453009025816238,0.4253057087752752
CPIN,ROE,Profitability,0.1646628335598577,0.1440588625839497,0.1112994813890271,0.0858337531698754
CPIN,ROI,Profitability,0.1400627089708154,0.11650526764888,0.0830226490408545,0.0639682117784538
CPRO,Cash Ratio,Liquidity,0.000500681997316,0.0012281336018618,0.0005046259056773,0.0004487963730072
CPRO,Current Ratio,Liquidity,0.3347348233965196,0.8849729289964582,1.0912732014375783,1.0654820835999932
CPRO,DER,Solvency,4.98593585608164,0.7954326675266709,0.7370215504591399,0.6304259194381445
CPRO,Debt Ratio,Solvency,0.5689892319283898,0.3544031302651992,0.3428670140510236,0.3141564782833052
CPRO,GPM,Profitability,0.1776591977348403,0.1862095759408416,0.1995431396145489,0.1869243833909586
CPRO,Interest Coverage Ratio,Solvency,1.6352463893832927,3.598610665059414,3.68765249554816,3.6057795705710407
CPRO,NPM,Profitability,0.0502940117826539,0.2751246313252063,0.0453351674396467,0.0444727734036269
CPRO,Operating Margin,Profitability,0.0867268079011226,0.1004469562951431,0.0998799734492971,0.0836007451195687
CPRO,Quick Ratio,Liquidity,0.1782793687552408,0.3500930101973042,0.4074233498480571,0.4130838504215544
CPRO,ROE,Profitability,0.5279972941840204,0.7692400386723245,0.1175390370284392,0.1175024051132693
CPRO,ROI,Profitability,0.089426798128926,0.4341033987950886,0.0685026157700769,0.0728837298385083
CSAP,Cash Ratio,Liquidity,0.0036937070431058,0.0012313732268113,0.001157133446667,0.0042775596119171
CSAP,Current Ratio,Liquidity,1.088327644593965,1.094739288993515,1.0498370969512851,1.0547959250057777
CSAP,DER,Solvency,1.3639825913528385,1.5624216272137397,1.6888241603531873,1.2423237951302115
CSAP,Debt Ratio,Solvency,0.3407983549003354,0.386791301412675,0.4045455462071638,0.3631208793142447
CSAP,GPM,Profitability,0.1558323828086868,0.1608519100155534,0.163148329010402,0.1596511746639512
CSAP,Interest Coverage Ratio,Solvency,1.5311592277606847,2.243657754252981,2.2567996687803467,1.8846139220014264
CSAP,NPM,Profitability,0.004777243833757,0.014857258326194,0.0154793493920045,0.0110881516195547
CSAP,Operating Margin,Profitability,0.0274391591863218,0.0368962300041152,0.0408719985726098,0.0346576429212582
CSAP,Quick Ratio,Liquidity,0.5106023035459721,0.4474956750091951,0.401281880209672,0.4200441399735167
CSAP,ROE,Profitability,0.0317807989635768,0.100457016928485,0.1034893126202461,0.0551624762466881
CSAP,ROI,Profitability,0.0158955218351697,0.0476209550845296,0.0470561185262293,0.0294315544143492
CSMI,Current Ratio,Liquidity,0.2855057981739976,0.22262007489813,0.1284422604643728,0.0708290467663037
CSMI,DER,Solvency,1.5735699422899507,1.7963826295473608,1.1660309692574309,1.2609218290334527
CSMI,Debt Ratio,Solvency,0.3796343208454524,0.3401032360850937,0.1844872826926406,0.1657534595129079
CSMI,GPM,Profitability,0.5503148720432278,0.5527008964393466,0.5360057574563808,0.6001343646565743
CSMI,Interest Coverage Ratio,Solvency,-7.080479983976582,-4.89686396080403,-6.757884823944545,-6.529394752989203
CSMI,NPM,Profitability,-0.4865997855243365,-0.2162111051002089,-0.166851420097303,-0.7752276849852227
CSMI,Operating Margin,Profitability,-0.3775102464576267,-0.2900633620719678,-0.1553740301497072,-0.6267836737117741
CSMI,Quick Ratio,Liquidity,0.1323884226422498,0.1303893145158874,0.069839308532074,0.0419354333493644
CSMI,ROE,Profitability,-1.2436248368033145,-0.6889967617758203,-0.7292578114807048,-0.3649184867980777
CSMI,ROI,Profitability,-0.5503960017187879,-0.2956163217414545,-0.3456152704163938,-0.1614025226843339
CTBN,Cash Ratio,Liquidity,0.014157908233839,0.0052310846260499,0.0008237668184958,0.0006078953445387
CTBN,Current Ratio,Liquidity,3.345324493446121,2.173395072813709,1.9616352300523685,2.092774595383705
CTBN,DER,Solvency,0.0222726457243385,0.0168203936000599,0.0106005870242399,0.0051183762405279
CTBN,Debt Ratio,Solvency,0.0169538665343071,0.0110007829495037,0.0065913802154129,0.003061942897807
CTBN,GPM,Profitability,0.1607786537257463,0.1098538812735723,0.0629630687863822,0.2056078346873553
CTBN,Interest Coverage Ratio,Solvency,5.3766359614129255,-55.30592241623115,-6.111162592015839,46.316567214412565
CTBN,NPM,Profitability,-0.0242778870580893,-0.170792571536099,-0.0514736903153615,0.0895385225774729
CTBN,Operating Margin,Profitability,0.0100316861616137,-0.088555790568828,-0.0415231543312368,0.110435646661505
CTBN,Quick Ratio,Liquidity,1.7335083423902469,0.7168020807527182,0.5998808064355966,0.4892279438241884
CTBN,ROE,Profitability,-0.0308552515403586,-0.1789967699815352,-0.0798621493951331,0.1821131082807012
CTBN,ROI,Profitability,-0.0308552515403586,-0.1789967699815352,-0.0798621493951331,0.1821131082807012
CTRA,Cash Ratio,Liquidity,0.339760387561336,0.5189497759585894,0.711624356545361,0.6762208203816592
CTRA,Current Ratio,Liquidity,1.778349535988638,1.9990960812705945,2.1957466701242674,2.4232351434243014
CTRA,DER,Solvency,0.6537927416207326,0.5630353635845253,0.4809619877295491,0.4036475789270572
CTRA,Debt Ratio,Solvency,0.2553556552921274,0.2349500205454302,0.2121454732235907,0.1834179658877328
CTRA,GPM,Profitability,0.5106516294608534,0.4974297639247286,0.500458156249524,0.4931471302641245
CTRA,Interest Coverage Ratio,Solvency,2.144151270941816,2.692651439920556,2.864049960068604,2.4416511827608285
CTRA,NPM,Profitability,0.1636472604670428,0.1783547015201264,0.2040587285860026,0.1996842195895049
CTRA,Operating Margin,Profitability,0.3281099359327407,0.346125775734402,0.3355640898851831,0.3192443249520391
CTRA,Quick Ratio,Liquidity,0.724023624275954,0.9430549443031911,1.1187698774645698,1.2826074435249284
CTRA,ROE,Profitability,0.0861429020159497,0.102255059678822,0.1004533066824696,0.0920924958179954
CTRA,ROI,Profitability,0.0520880880947203,0.0654208228816521,0.0678297670802974,0.0656094145001772
CTTH,Cash Ratio,Liquidity,0.0006521566252494,0.0006477734286118,0.000580873868908,0.001408259651988
CTTH,Current Ratio,Liquidity,1.3957760915133046,1.299923999529321,1.1949875379930426,2.7157647443372817
CTTH,DER,Solvency,1.405425357679184,1.5780531357170775,1.9436183237935507,1.5239253214563189
CTTH,Debt Ratio,Solvency,0.4654048350318691,0.4679412104077524,0.4716407895814788,0.4284512929186246
CTTH,GPM,Profitability,0.1958012832023299,0.2801162946292443,0.2430508793005089,0.3503564226396061
CTTH,Interest Coverage Ratio,Solvency,-0.946468001283508,-0.2878984376738923,-0.0721747664232555,0.5095926876276913
CTTH,NPM,Profitability,-0.4030695220880355,-0.2339530944071664,-0.2881435834649822,-0.0990007168121511
CTTH,Operating Margin,Profitability,-0.1747259183917185,-0.0394847053141126,-0.011924318706535,0.0645033814179194
CTTH,Quick Ratio,Liquidity,0.3756906588710565,0.3319135691642121,0.3372691353504021,0.7362747284121357
CTTH,ROE,Profitability,-0.1805612919388222,-0.1070722012724522,-0.1919093641862997,-0.0464921389519166
CTTH,ROI,Profitability,-0.0756306327944808,-0.0417461960543102,-0.065502003593696,-0.0184977889249511
CUAN,Current Ratio,Liquidity,0.3864689577323308,0.6801006379121511,1.9776570928761088,3.4897236913740035
CUAN,DER,Solvency,0.0,0.0,0.0,0.6818341498395244
CUAN,Debt Ratio,Solvency,0.0,0.0,0.0,0.3215377205535876
CUAN,GPM,Profitability,-2.954026249026948,0.4653470785937034,0.7113424608580271,0.5416210854494274
CUAN,Interest Coverage Ratio,Solvency,-2395.8432970044573,2.520951430579083,56.59114629228115,15.74974128449046
CUAN,NPM,Profitability,-4.666495839645255,0.0547576110380774,0.3757178366975183,0.1595095735230555
CUAN,Operating Margin,Profitability,-4.779617160129476,0.1458199813353697,0.4964901421835626,0.2013661098181414
CUAN,Quick Ratio,Liquidity,0.0179140749893047,0.4228521938656692,1.4150928705880697,2.6602859111251704
CUAN,ROE,Profitability,-0.3204929616958553,0.0418687121425509,0.5203013032823638,0.1424967584490486
CUAN,ROI,Profitability,-0.3204929616958553,0.0418687121425509,0.5203013032823638,0.0847269978806447
CYBR,Current Ratio,Liquidity,0.3434065247939913,0.5494954428708833,0.4351691354620356,0.0
CYBR,DER,Solvency,-0.1746302290292122,-0.1035198372406576,-0.4445953977015281,0.0
CYBR,Debt Ratio,Solvency,0.1254740114314461,0.0564286689426076,0.0986911687706976,0.0
CYBR,GPM,Profitability,0.250511598437799,0.4487217353407554,0.3798291756757083,0.0
CYBR,Interest Coverage Ratio,Solvency,-33.518830956320194,-6.542445096412946,-5.583477562373338,0.0
CYBR,NPM,Profitability,-0.2092846057128539,-0.0584008676091388,-0.0580390828383278,0.0
CYBR,Operating Margin,Profitability,-0.2555742079454927,-0.0212311794539656,-0.030805402956397,0.0
CYBR,ROE,Profitability,0.4582571952636084,0.1732600699695876,0.2875938374435861,0.0
CYBR,ROI,Profitability,0.4582571952636084,0.1732600699695876,0.3905869938662845,0.0
DART,Cash Ratio,Liquidity,0.0003090191471692,0.0001462998346311,0.0001890810010645,0.0
DART,Current Ratio,Liquidity,0.2992884969446568,0.1467620172667587,0.1428790748221973,0.0
DART,DER,Solvency,1.077223120406228,1.3623410509821854,1.675266967852523,0.0
DART,Debt Ratio,Solvency,0.4716189725951709,0.5164036699874403,0.5397951694405213,0.0
DART,GPM,Profitability,0.2724938149313277,0.2626700478297101,0.3060340814324233,0.0
DART,Interest Coverage Ratio,Solvency,-0.1913388681555009,-0.1970445163988033,-0.1126224614175754,0.0
DART,NPM,Profitability,-1.2345814524541576,-1.415207331302928,-1.2756080279681168,0.0
DART,Operating Margin,Profitability,-0.193474859876177,-0.2310827551286026,-0.1078243215742677,0.0
DART,Quick Ratio,Liquidity,0.288085414744771,0.1422375594179819,0.118963718225981,0.0
DART,ROE,Profitability,-0.1373199098604667,-0.1642700446808698,-0.2022450889700753,0.0
DART,ROI,Profitability,-0.066120129566479,-0.0695484610810082,-0.0756035083508508,0.0
DCII,Cash Ratio,Liquidity,0.0588686620526717,0.0,0.2962442467669767,0.4664498234607866
DCII,Current Ratio,Liquidity,0.4455141098371497,0.6383790144559065,0.9439979496598784,1.335542326918174
DCII,DER,Solvency,1.9501829385176563,1.1402835004452845,0.8192256230613608,0.5405044848869336
DCII,Debt Ratio,Solvency,0.5762708246794719,0.4630919841570417,0.4036078225639024,0.308677257945363
DCII,GPM,Profitability,0.4873492984269751,0.5463500298425233,0.5743303111724164,0.5908897373809775
DCII,Interest Coverage Ratio,Solvency,4.069258523321481,4.815367262850171,6.366188502302198,7.072042265898823
DCII,NPM,Profitability,0.2411765093202873,0.3000906753592581,0.3523542681437418,0.3937922235853232
DCII,Operating Margin,Profitability,0.4118651768253738,0.4808881594049859,0.5054825160088318,0.5237041733864484
DCII,Quick Ratio,Liquidity,0.4430416260309374,0.634971182670091,0.9333255021731468,1.317691392457874
DCII,ROE,Profitability,0.254392885816917,0.2151941554988913,0.2320481302954774,0.2449182156470234
DCII,ROI,Profitability,0.0862744155875357,0.1006276648235972,0.1276030672580094,0.1590908317470099
DEAL,Current Ratio,Liquidity,0.7613517291465586,0.5346374601807368,0.6624651331369756,0.0
DEAL,DER,Solvency,1.8324732094443263,-3.4029170370428323,-2.468139148688421,0.0
DEAL,Debt Ratio,Solvency,0.4910289753295455,0.6898034773838806,0.7322077507450498,0.0
DEAL,GPM,Profitability,-0.1496076278648493,-0.0367754105112915,0.1900888770141615,0.0
DEAL,Interest Coverage Ratio,Solvency,-3.263204679288429,-2.7844234758513378,-0.662205690767267,0.0
DEAL,NPM,Profitability,-0.7154659589932517,-0.3281673926911273,-0.143067219842011,0.0
DEAL,Operating Margin,Profitability,-0.6433257948343334,-0.2318439664398117,-0.0222359421775972,0.0
DEAL,Quick Ratio,Liquidity,0.7379482784970088,0.4635611633573559,0.6282295416712974,0.0
DEAL,ROE,Profitability,-0.6705698899157264,0.8177111710544712,0.2738317732709447,0.0
DEAL,ROI,Profitability,-0.2645171764471659,-0.440186228009701,-0.2453768023392963,0.0
DEPO,Cash Ratio,Liquidity,0.0342768079731426,0.5919088162096596,0.2888834690814346,0.0
DEPO,Current Ratio,Liquidity,1.2219443689367344,2.3334931685278577,2.354614865858505,0.0
DEPO,DER,Solvency,0.1021358025593247,0.0486139433414252,0.0527752292075169,0.0
DEPO,Debt Ratio,Solvency,0.0490494895547858,0.0320640287356463,0.0346932156448274,0.0
DEPO,GPM,Profitability,0.1873122155486442,0.178275358865156,0.190007139197766,0.0
DEPO,NPM,Profitability,0.0412684662253676,0.0374095701226932,0.040415592796443,0.0
DEPO,Operating Margin,Profitability,0.0593425070712643,0.0476492668639288,0.0445610107640641,0.0
DEPO,Quick Ratio,Liquidity,0.2805697270770715,1.158292820636632,1.010809258561133,0.0
DEPO,ROE,Profitability,0.1752706364936407,0.0781219560998138,0.0883179111150149,0.0
DEPO,ROI,Profitability,0.1633394673389091,0.0780487003338751,0.0883179111150149,0.0
DEWA,Cash Ratio,Liquidity,0.0122732680677633,0.0063768189789683,0.0089501136038052,0.0314267650279997
DEWA,Current Ratio,Liquidity,1.115326351512967,0.8149591915963135,0.5956837254795951,0.6933661568731578
DEWA,DER,Solvency,0.386237740992662,0.3475654123597852,0.3441603912490517,0.1854913269977782
DEWA,Debt Ratio,Solvency,0.188831118934999,0.1669395934844668,0.1388216823849978,0.075031755833402
DEWA,GPM,Profitability,0.0246182903043291,0.1078875749468439,0.0013721245498805,0.069514827247172
DEWA,Interest Coverage Ratio,Solvency,1.123008919620705,2.146270201594945,-0.295196756907374,1.2900185075364974
DEWA,NPM,Profitability,0.0054090081872387,0.0033669524767928,-0.0409884966759167,0.0047872197448488
DEWA,Operating Margin,Profitability,-0.0108602729883458,0.0687662410778452,-0.0375076661520093,0.0267949466608694
DEWA,Quick Ratio,Liquidity,1.0239858573984535,0.7094918499486425,0.4472485904973921,0.5950552724306566
DEWA,ROE,Profitability,0.0060919117720258,0.0040148931080331,-0.0771894302546596,0.0107223310184308
DEWA,ROI,Profitability,0.0045242654035493,0.0032125671774245,-0.0630582082705319,0.0096317886289395
DFAM,Cash Ratio,Liquidity,0.0137436880170612,0.0,0.0,0.0
DFAM,Current Ratio,Liquidity,1.3808334357789949,1.745400445889278,1.268694470030113,1.3693472430265254
DFAM,DER,Solvency,2.1277807031389018,2.2165182494899387,2.868611629578178,3.792131203169661
DFAM,Debt Ratio,Solvency,0.5779742374917377,0.585555697994716,0.6043674108060592,0.6165261474992656
DFAM,GPM,Profitability,0.5538607811556884,0.510424879482822,0.4949657948253219,0.5394771313702936
DFAM,NPM,Profitability,-0.1455646778192815,-0.1681716200278254,-0.256426131479238,-0.234830907692638
DFAM,Operating Margin,Profitability,0.0575473718053142,-0.0358211088775013,-0.0712404809027253,-0.0105159429830186
DFAM,Quick Ratio,Liquidity,0.257897235287074,0.3497771653018963,0.2266818072901494,0.2183194712395179
DFAM,ROE,Profitability,-0.1547913517822627,-0.1980915428248868,-0.3287792310790536,-0.4041377516797051
DFAM,ROI,Profitability,-0.0494891958464098,-0.0615857046221638,-0.0849863626954207,-0.0843336157850595
DGIK,Cash Ratio,Liquidity,0.0779323427262447,0.2031374630995712,0.1211180664160983,0.0058488248144959
DGIK,Current Ratio,Liquidity,1.4248662030727706,1.6470947239010827,1.3514038997784514,1.5649177891280293
DGIK,DER,Solvency,0.0876786779108897,0.0312006596891915,0.0171296984649948,0.074628086259616
DGIK,Debt Ratio,Solvency,0.0511355103862577,0.0200700481486803,0.0115018885652628,0.0514284771914527
DGIK,GPM,Profitability,0.0987193879735461,0.1389201792614079,0.1529372549613235,0.177948036845963
DGIK,Interest Coverage Ratio,Solvency,-4.417145273281893,-3.695810262309897,-5.457611876741214,6.278074891111736
DGIK,NPM,Profitability,-0.0312487936462991,0.0213875857626519,0.0221317700563999,0.0543538648302304
DGIK,Operating Margin,Profitability,-0.2056423876852076,-0.0768779922854756,-0.0945935670363382,0.0208228371643345
DGIK,Quick Ratio,Liquidity,1.4049726643097014,1.5922734752908727,1.2903285758165626,1.5207904605441245
DGIK,ROE,Profitability,-0.0231814682914885,0.0120470589009091,0.0134268452781949,0.0398513146857022
DGIK,ROI,Profitability,-0.0213306790338111,0.0116859384828732,0.0132007209094947,0.0370838201562458
DILD,Cash Ratio,Liquidity,0.1845595165129159,0.1795386857085823,0.079247990863173,0.0836065587623379
DILD,Current Ratio,Liquidity,1.0343583156854386,1.0276720486922426,1.0433369210726495,1.1401620356814448
DILD,DER,Solvency,0.9680232250717308,0.9267137074936938,0.9616915451639412,0.8903483596658303
DILD,Debt Ratio,Solvency,0.3205744223795052,0.2949327305296347,0.3020051395805077,0.3235743543302067
DILD,GPM,Profitability,0.4083762248624795,0.3910500490043459,0.4047765798580995,0.4059038344578019
DILD,Interest Coverage Ratio,Solvency,1.072016456763099,0.9188506797597734,1.1888433791395263,2.202401344327797
DILD,NPM,Profitability,0.0265500389784648,0.004997778954206,-0.0313916030652374,0.0445651760948499
DILD,Operating Margin,Profitability,0.2695694984823412,0.2541486514706049,0.3083707008499556,0.2527031442587733
DILD,Quick Ratio,Liquidity,0.4784513685642519,0.416707246046502,0.3800108493352986,0.4055059818526382
DILD,ROE,Profitability,0.0147630828579215,0.0025078379223809,-0.0192489468004899,0.0328047337775602
DILD,ROI,Profitability,0.0075016358035284,0.0013016610279898,-0.0098126899618241,0.0173541352721469
DIVA,Cash Ratio,Liquidity,0.3524145193359998,0.1567504676140997,0.1772912845076849,0.0033016894080945
DIVA,Current Ratio,Liquidity,3.963930894199944,11.528127744043086,12.00385271735392,6.20780159776376
DIVA,DER,Solvency,0.2059223535735894,0.0507905918210924,0.0576289499379311,0.0960966565443576
DIVA,Debt Ratio,Solvency,0.1493812372724075,0.045146852545503,0.0518124413134123,0.0781581637405506
DIVA,GPM,Profitability,0.024251131738837,0.0241311728063635,0.022480294578844,0.0269264387284528
DIVA,Interest Coverage Ratio,Solvency,1.7005203997438707,3.233077451872524,1.9115336876658804,1.982174988778838
DIVA,NPM,Profitability,0.0178440643505261,0.2596882143110701,0.0008719314596015,-0.3315739407838915
DIVA,Operating Margin,Profitability,0.0063232265489376,0.0071088292250523,0.0025338741279996,0.0025228559179345
DIVA,Quick Ratio,Liquidity,2.99517039706441,10.626212913819929,11.255433406720757,5.387357790742039
DIVA,ROE,Profitability,0.0785429189978435,0.6006202195731182,0.0020194335290774,-1.550127955483902
DIVA,ROI,Profitability,0.0654474177727198,0.5726228556744467,0.0019110965494513,-1.417534241111845
DKFT,Cash Ratio,Liquidity,0.0226544179769644,0.1994232635971751,0.2871263767962768,0.2898925367241737
DKFT,Current Ratio,Liquidity,0.9494547241568148,0.896609194448485,1.0869992398895023,0.9575720015669568
DKFT,DER,Solvency,1.21432685445918,1.6397895320554683,1.442878100941673,1.351585296681184
DKFT,Debt Ratio,Solvency,0.3183757046845511,0.356656788696272,0.3316461949403188,0.3218758145151768
DKFT,GPM,Profitability,-0.0560371444255226,-0.0364256634455448,0.4163888135319199,0.4335791998879647
DKFT,Interest Coverage Ratio,Solvency,-2.020609659758389,-3.805926905192036,1.8848945381910451,1.647313968852728
DKFT,NPM,Profitability,-0.1446764766101611,-0.133341443871314,0.0752728367956588,0.0772079477174258
DKFT,Operating Margin,Profitability,-0.1512676292883879,-0.1307761462732238,0.1353673305032096,0.1076623209537661
DKFT,Quick Ratio,Liquidity,0.5271718106893136,0.7438243909730825,0.997214650105324,0.8645830300411196
DKFT,ROE,Profitability,-0.2456387088156106,-0.3809329767089036,0.1070584480608205,0.1024819903952986
DKFT,ROI,Profitability,-0.111300739481961,-0.1443042985371226,0.0438247197105545,0.0435799588217924
DLTA,Cash Ratio,Liquidity,4.538486158833185,3.2194024928199587,2.757738226386467,2.7131235429058616
DLTA,Current Ratio,Liquidity,7.498466696804588,4.809011883149563,4.563907246854375,4.891913226960809
DLTA,GPM,Profitability,0.6720758503500145,0.6996284316640088,0.6972516865179298,0.6959106715543422
DLTA,NPM,Profitability,0.227036661848994,0.2760540707974169,0.2956164899900425,0.2702004000433674
DLTA,Operating Margin,Profitability,0.2554938114860516,0.3621119497686004,0.3464192634266614,0.2993518582067034
DLTA,Quick Ratio,Liquidity,6.235472177415531,4.099092717342202,3.803606951640104,4.011529866118146
DLTA,ROE,Profitability,0.1220330619370085,0.1867861359168515,0.2307842928879202,0.2139345724788136
DLTA,ROI,Profitability,0.1220330619370085,0.1867861359168515,0.2307842928879202,0.2139345724788136
DMAS,Cash Ratio,Liquidity,1.1034434177153247,0.7036458041023398,0.835809978453014,1.21081771957858
DMAS,Current Ratio,Liquidity,3.2065123219473555,4.51932471871032,4.815495706502431,5.9664523116746055
DMAS,DER,Solvency,0.0002459116565347,0.0001315244492861,0.0,0.0001868392847935
DMAS,Debt Ratio,Solvency,0.0002011991906516,0.0001150511924441,0.0,0.0001634397295384
DMAS,GPM,Profitability,0.6143118600651645,0.5875701221069536,0.7116159075830357,0.6900192878115915
DMAS,Interest Coverage Ratio,Solvency,14.568018333917506,11.701668283545487,21.96076332725343,40.50327145217396
DMAS,NPM,Profitability,0.5125509916825126,0.4960937456676573,0.6299297010316457,0.6296366913853563
DMAS,Operating Margin,Profitability,0.5253576801884164,0.5174170183631663,0.6563581846485484,0.6400801717174031
DMAS,Quick Ratio,Liquidity,1.4246226271619635,1.260148739322443,1.431446406312228,1.7520117515306195
DMAS,ROE,Profitability,0.2439398315216789,0.133641852934813,0.2127581748145521,0.2058497796362738
DMAS,ROI,Profitability,0.2439398315216789,0.133641852934813,0.2127581748145521,0.2058497796362738
DMMX,Cash Ratio,Liquidity,3.449954755248379,1.0817261920949093,0.5507815700218779,0.0
DMMX,Current Ratio,Liquidity,10.469772010417396,9.209294370734268,5.124685088305698,2.59053886675354
DMMX,DER,Solvency,0.1060291987154673,0.0610913651525112,0.0433440789359791,0.0433659546147098
DMMX,Debt Ratio,Solvency,0.0906465669418647,0.0518446804030267,0.0354108243590669,0.0332420215647912
DMMX,GPM,Profitability,0.0930000240880147,0.0587438758611254,0.0368828058937113,0.041504365845295
DMMX,Interest Coverage Ratio,Solvency,7.384801340469745,4.844919058460422,3.2060736303062884,6.523816190495374
DMMX,NPM,Profitability,0.0617144525240553,0.2080554984352318,0.0028688561055672,-0.1356104020039105
DMMX,Operating Margin,Profitability,0.0491704905996822,0.0266526671874474,0.0078988874492459,0.0118599341549683
DMMX,Quick Ratio,Liquidity,8.602282864034267,8.196550521342743,4.645070579423765,2.184151222847912
DMMX,ROE,Profitability,0.0466650365371439,0.2597664598618783,0.005998046430419,-0.3964369590782176
DMMX,ROI,Profitability,0.0421915050627418,0.2448106434496731,0.0057488670818316,-0.3799596463012944
DMND,Cash Ratio,Liquidity,0.0,0.9805764524280338,0.7032965023380989,0.0
DMND,Current Ratio,Liquidity,4.357767178565654,3.58364452702776,3.2581265796549963,0.0
DMND,DER,Solvency,0.0180645108496459,0.0075869898137155,0.0332666618553866,0.0
DMND,Debt Ratio,Solvency,0.0147671793203509,0.0060270398982927,0.0260690982084664,0.0
DMND,GPM,Profitability,0.215903688204309,0.211736694830505,0.2103992924410123,0.0
DMND,Interest Coverage Ratio,Solvency,18.007865597556318,142.6794701986755,90.1064379265818,0.0
DMND,NPM,Profitability,0.0328034231537497,0.0496875554761463,0.0446591067020509,0.0
DMND,Operating Margin,Profitability,0.0375373456156185,0.062253592703347,0.0595594206789881,0.0
DMND,Quick Ratio,Liquidity,2.761792501577521,2.302944802131421,1.7811216321965024,0.0
DMND,ROE,Profitability,0.0431621367749226,0.0692666143062953,0.0701089458083516,0.0
DMND,ROI,Profitability,0.0427935246702105,0.0692666143062953,0.0679653697561073,0.0
DNAR,DER,Solvency,0.0040243704275201,0.0033344576773453,0.1433597531284195,0.1561856103941361
DNAR,Debt Ratio,Solvency,0.0016173503695639,0.0013126951766537,0.050009313209489,0.0505496543015649
DNAR,Free Cash Flow,Liquidity,-560719347596.0,169291310946.0,-965854183769.0,558578863108.0
DNAR,NPM,Profitability,0.0299471457529327,0.0542253589806523,0.0293175965521002,0.047727436138272
DNAR,ROE,Profitability,0.0031226343193332,0.0057440774555641,0.0037187062323803,0.0079932762203945
DNAR,ROI,Profitability,0.0,0.0,0.0032598740264182,0.006929951194408
DNET,Cash Ratio,Liquidity,0.1940302361310146,0.2816300844824518,0.0573715935138806,0.1403362752733955
DNET,Current Ratio,Liquidity,7.936460803341783,4.709990911058971,1.1971935526906237,1.9637447131650196
DNET,DER,Solvency,0.6880062473502756,0.5896553877342058,0.4959849534615112,0.4969221360914455
DNET,Debt Ratio,Solvency,0.3966519443576386,0.3538076271124246,0.3182358403717234,0.3076354627475633
DNET,Interest Coverage Ratio,Solvency,0.6828581759913784,1.7312243605820752,2.695147355452521,1.7636680810938237
DNET,NPM,Profitability,0.6726039501890003,1.0977070434811442,1.1329078562455528,0.5186946309811129
DNET,Operating Margin,Profitability,0.0797687813977843,0.3182202526728658,0.3292937900257394,0.3276961092867085
DNET,ROE,Profitability,0.0328793805444233,0.0852421263294755,0.1062437697411672,0.0562358379926807
DNET,ROI,Profitability,0.0195533579854335,0.0538704345949132,0.0712709636573201,0.0376790983897181
DOID,Cash Ratio,Liquidity,0.048207582475003,0.0317182233855613,0.0821990865707544,0.0124494176321757
DOID,Current Ratio,Liquidity,1.668360458906128,1.4217397034589008,1.554802858176491,1.9407912394147468
DOID,DER,Solvency,2.158332587150618,3.5011577793553235,3.697208519777632,4.367868136789314
DOID,Debt Ratio,Solvency,0.5841446952473085,0.568537394272359,0.6029762238429043,0.6351769564522917
DOID,GPM,Profitability,0.0864195895557981,0.1481080082201332,0.1311430346455903,0.1344292717673431
DOID,NPM,Profitability,-0.0389507575428516,0.0003081047024174,0.0184324642009679,0.0196421760192588
DOID,Operating Margin,Profitability,0.0327461276120173,0.0898635676908803,0.0845231789078958,0.0800550682981452
DOID,Quick Ratio,Liquidity,1.48898778178123,1.2805384775276485,1.3612596526632548,1.8079220874658888
DOID,ROE,Profitability,-0.0888645619315317,0.0010560387477379,0.1117703677055562,0.1320974104209124
DOID,ROI,Profitability,-0.0357376362034352,0.0002767931030865,0.0276925293437734,0.0273058560233294
DOOH,Cash Ratio,Liquidity,0.0,0.0,0.0,1.2533108729561353
DOOH,Current Ratio,Liquidity,0.0,1.201777401095642,0.0,11.019899947060123
DOOH,DER,Solvency,0.0,0.0,0.0,0.0006473343129141
DOOH,Debt Ratio,Solvency,0.0,0.0,0.0,0.0005987269279757
DOOH,GPM,Profitability,0.0,0.3378267488353293,0.2260627954208509,0.0743862109765885
DOOH,Interest Coverage Ratio,Solvency,0.0,0.0,19.92824702914025,115.32644645622712
DOOH,NPM,Profitability,0.0,0.0786336513423172,0.0092918236720554,0.002479109489871
DOOH,Operating Margin,Profitability,0.0,0.0999448921223662,0.0133845898638542,0.0017514812674777
DOOH,ROE,Profitability,0.0,0.7795407004893036,0.0,0.0019725946516173
DOOH,ROI,Profitability,0.0,0.7795407004893036,0.0,0.0019725946516173
DPUM,Cash Ratio,Liquidity,0.0,0.0111614561340673,0.0036241123457254,0.0183149277843231
DPUM,Current Ratio,Liquidity,6.516537728277477,5.920563998220308,4.767321672893422,2.0695301955996737
DPUM,DER,Solvency,0.9863886841243504,1.157108801688096,1.2819289848921358,1.4502407572678973
DPUM,Debt Ratio,Solvency,0.469151312721869,0.5171812947186701,0.5452560934942885,0.5201853302953026
DPUM,GPM,Profitability,-0.8843212118141723,-0.4007696193967202,-0.041204337324215,-0.0014874413683914
DPUM,Interest Coverage Ratio,Solvency,-6.157973860125634,-24.11919513960999,-4.166478731525641,-35.4088805890692
DPUM,NPM,Profitability,-2.734406872588468,-0.4578296887421983,-0.063175619618504,-0.1546711160368002
DPUM,Operating Margin,Profitability,-2.9239021091634614,-0.5478013810433973,-0.1159840591745569,-0.0532321893253819
DPUM,Quick Ratio,Liquidity,2.887667298720367,3.705063726308047,3.512456133052461,1.5865190246809164
DPUM,ROE,Profitability,-0.536784554821487,-0.1282791073825211,-0.0793535630115427,-0.330538957084348
DPUM,ROI,Profitability,-0.2702767902120279,-0.0594732607143092,-0.0347778599086237,-0.1349086885616828
DRMA,Cash Ratio,Liquidity,0.0005370745166898,0.0003415002090337,0.000371815560597,0.1035399101909993
DRMA,Current Ratio,Liquidity,0.9571206537505654,1.2258073313147098,1.2890610236030506,1.607516932195946
DRMA,DER,Solvency,1.1120950264266114,0.582532830884489,0.3707583414430315,0.2689653371226146
DRMA,Debt Ratio,Solvency,0.3496399963924653,0.2466079536533151,0.1920836714985118,0.1511932288470204
DRMA,GPM,Profitability,0.1178803827534089,0.1551556772623573,0.157218072250019,0.1755325517493466
DRMA,Interest Coverage Ratio,Solvency,1.2567764458606605,7.842352635173569,12.365872697157943,19.611393517364373
DRMA,NPM,Profitability,0.0100851151345844,0.1033697021686104,0.1009283064182047,0.1104011840731854
DRMA,Operating Margin,Profitability,0.033732184096139,0.1048731899860474,0.1117161795926347,0.1265126521333758
DRMA,Quick Ratio,Liquidity,0.6932232204165205,0.933546653129044,0.88004219679914,1.1629586033303831
DRMA,ROE,Profitability,0.0371384578439523,0.2804000447095279,0.2835704848568171,0.3214482611987452
DRMA,ROI,Profitability,0.0176561324974245,0.1776808647160041,0.2074315075575772,0.253528666597788
DSNG,Current Ratio,Liquidity,1.1395967400083384,1.2507710799105467,1.068632985260221,1.001122553896674
DSNG,DER,Solvency,1.0439744183884945,0.7693748870526179,0.6779031881057838,0.6398513339228301
DSNG,Debt Ratio,Solvency,0.4516124678414823,0.3871706572852125,0.3546579268955356,0.3447144374697974
DSNG,GPM,Profitability,0.2614864072078506,0.2841641407566431,0.3236123591930843,0.2660843022591712
DSNG,Interest Coverage Ratio,Solvency,1.9750816288047957,3.5728165303080446,5.966993699221604,3.697027811245696
DSNG,NPM,Profitability,0.0711513411568853,0.1020637953988317,0.125272598576389,0.088412589910524
DSNG,Operating Margin,Profitability,0.1542019173842701,0.1838366087701654,0.2240283065510541,0.1647143218543831
DSNG,Quick Ratio,Liquidity,0.7876352151667763,0.7048939128729536,0.5693950225037573,0.5617185699335463
DSNG,ROE,Profitability,0.0778597134377295,0.1053793459652767,0.1502079924564617,0.0963535759723971
DSNG,ROI,Profitability,0.0381822066304511,0.0597006041218082,0.089839043297024,0.0589174101536663
DSSA,Cash Ratio,Liquidity,0.0823936275263273,0.2032860847310544,0.1032880616931972,0.0031989366171435
DSSA,Current Ratio,Liquidity,1.5526696583256687,1.7018276949417226,1.3576547683953284,1.6746944183754495
DSSA,DER,Solvency,0.5434287669881599,0.4151919216288435,0.7898487442040902,0.5832447555585201
DSSA,Debt Ratio,Solvency,0.2546375568887432,0.210700299977074,0.2519698286386599,0.2634029348746096
DSSA,GPM,Profitability,0.3502401352658972,0.4166925544528798,0.4429122852192828,0.4132402700423812
DSSA,Interest Coverage Ratio,Solvency,-1.9752296731403451,7.169414516540437,11.184787924779044,11.67704839145408
DSSA,NPM,Profitability,-0.0556098311322608,0.0554644309956201,0.099040772781115,0.0849866577952695
DSSA,Operating Margin,Profitability,0.115200484869416,0.2296307814912404,0.2983713080779631,0.250223887363504
DSSA,Quick Ratio,Liquidity,1.4289613385552815,1.5831394188719288,1.1882279584198108,1.5513644834062164
DSSA,ROE,Profitability,-0.0616801303816424,0.0786083073118552,0.2846078215179587,0.3080610334297585
DSSA,ROI,Profitability,-0.0400649033438454,0.0557319557051773,0.1712816028996943,0.1949289480485896
DUTI,Cash Ratio,Liquidity,1.2018598540427148,1.3034835460402072,0.9762758518753362,0.9503226860906424
DUTI,Current Ratio,Liquidity,3.1962557199670587,3.2667022328556947,2.4338816795203275,2.6991048038675847
DUTI,DER,Solvency,0.0007178654077072,0.0179225260078284,0.0004985853254209,0.0002416691467223
DUTI,Debt Ratio,Solvency,0.0004432928885112,0.0107245737476608,0.0002944893833067,0.0001640297076918
DUTI,GPM,Profitability,0.7536392172149091,0.6210908891559833,0.6446451745738098,0.599509428784871
DUTI,Interest Coverage Ratio,Solvency,3.739317252219932,2.863390624207419,4.021620457651238,5.92026375839859
DUTI,NPM,Profitability,0.3094439738261086,0.3030104785002763,0.2477722537133287,0.2761014368642706
DUTI,Operating Margin,Profitability,0.3353210313136904,0.2857407786658707,0.3246659670865315,0.3090009658491529
DUTI,Quick Ratio,Liquidity,1.64560030290506,1.7211412568818152,1.2839093766977745,1.2755391133250846
DUTI,ROE,Profitability,0.0628427590087197,0.0720355471206897,0.081202707764628,0.103835453171005
DUTI,ROI,Profitability,0.0628427590087197,0.0707901968971494,0.081202707764628,0.103835453171005
DVLA,Cash Ratio,Liquidity,0.0413785519324241,0.3444789358600033,0.0476838361309478,0.0257768034533826
DVLA,Current Ratio,Liquidity,2.519129609500297,2.565379859552376,3.001953548716397,2.857222606890341
DVLA,DER,Solvency,0.0007388275031177,0.0165166332503873,0.0013448954977954,0.001049680513104
DVLA,Debt Ratio,Solvency,0.0004983988289998,0.0110333280909594,0.00093956791656,0.0007218809822173
DVLA,GPM,Profitability,0.5093670512376912,0.5238421608407308,0.5248313155663121,0.5157576132400549
DVLA,Interest Coverage Ratio,Solvency,2681.0711504695014,1687.1536598798127,1158.916359429503,2783.269788966507
DVLA,NPM,Profitability,0.0885790147240004,0.0770718239284178,0.0779195523515448,0.0773903072158751
DVLA,Operating Margin,Profitability,0.1114992421676582,0.0993577498505358,0.0912718615083544,0.0937703244838088
DVLA,Quick Ratio,Liquidity,1.84550857614476,1.842854814299564,1.9487636102703627,1.9597027365092752
DVLA,ROE,Profitability,0.1211331328591857,0.1052925534380435,0.1064212174016277,0.1041961129551032
DVLA,ROI,Profitability,0.1211331328591857,0.1035817319598232,0.1064212174016277,0.1041961129551032
DWGL,Current Ratio,Liquidity,0.8899374493925661,0.9299130813520136,0.9801472322105802,1.0415911078063254
DWGL,DER,Solvency,-5.339532994761561,2.5975558869835558,3.472768511017832,2.7824841985113404
DWGL,Debt Ratio,Solvency,0.3987182234542525,0.2844510349498706,0.3462284434100114,0.2359906036191127
DWGL,GPM,Profitability,0.1184120287849179,0.0767181679899079,0.0514541353261468,0.082646602013578
DWGL,Interest Coverage Ratio,Solvency,3.8350736284815112,3.5026923818063054,1.3287493919384028,4.041897019272208
DWGL,NPM,Profitability,0.0226748065758994,0.0410106187634111,0.0012209276543652,0.0047950294563594
DWGL,Operating Margin,Profitability,0.091673306498227,0.0540520062172291,0.0213738096372171,0.0532253690386998
DWGL,Quick Ratio,Liquidity,0.8277586174561326,0.8979816174786861,0.9660014594745644,1.0165158228481903
DWGL,ROE,Profitability,-0.6768519733521032,0.690720717057382,0.0239964043189641,0.0999740396283162
DWGL,ROI,Profitability,0.1559734593950917,0.191997216653813,0.0053839381018596,0.0264307884399524
DYAN,Cash Ratio,Liquidity,0.1772224425975502,0.1439840710905164,0.1158544959857778,0.0
DYAN,Current Ratio,Liquidity,0.9287637497043616,0.8241408049774052,1.1283009621864328,0.0
DYAN,DER,Solvency,0.5016478328484064,0.5970917130618065,0.517159736508486,0.0
DYAN,Debt Ratio,Solvency,0.2492629972339244,0.274661403210127,0.2310445910911709,0.0
DYAN,GPM,Profitability,0.162783904999072,0.2306164726641139,0.3041213221947049,0.0
DYAN,Interest Coverage Ratio,Solvency,-9.661860229627576,-3.5343225548502675,4.231568611267624,0.0
DYAN,NPM,Profitability,-0.7586013571993617,-0.1338363103803848,0.038003829053193,0.0
DYAN,Operating Margin,Profitability,-0.6531734693447727,-0.1304326873497265,0.0810185427528822,0.0
DYAN,Quick Ratio,Liquidity,0.9091407857516284,0.8133304803751625,1.1163159963919178,0.0
DYAN,ROE,Profitability,-0.4158489914263166,-0.1709558611827788,0.0946133411353513,0.0
DYAN,ROI,Profitability,-0.3073474684306551,-0.1181304879878344,0.067760152613432,0.0
ECII,Cash Ratio,Liquidity,0.9464193210770284,0.6962786625129739,0.5418914864020405,0.5092282773658768
ECII,Current Ratio,Liquidity,2.398223339754629,2.5873138984707422,2.107746132205177,1.9617842331897068
ECII,DER,Solvency,0.0285137785385826,0.0280900356366,0.0159962592363021,0.0249700671111106
ECII,Debt Ratio,Solvency,0.0206362750059869,0.0207357942154428,0.0112747951051664,0.0172481317067003
ECII,GPM,Profitability,0.1717972914382051,0.1672129687173549,0.1778340401297439,0.1679171027791397
ECII,NPM,Profitability,-0.012669179436394,0.004818525435196,0.005672443793155,0.0052896650334131
ECII,Operating Margin,Profitability,-0.0174256340651483,-0.0064554971571219,0.004960196762426,0.0061251169935313
ECII,Quick Ratio,Liquidity,1.9068835105355488,2.011980227958664,1.5358078524555243,1.276943825335862
ECII,ROE,Profitability,-0.0163714180486853,0.0062321098365617,0.0101203636432631,0.0111419482818139
ECII,ROI,Profitability,-0.0163714180486853,0.006130338854679,0.0101203636432631,0.0111419482818139
EDGE,Cash Ratio,Liquidity,0.4420371642228316,1.121818198483918,0.5277795774061288,0.0936741713066059
EDGE,Current Ratio,Liquidity,0.919197352685497,2.268270438233865,1.6730589465695485,0.8562864142872452
EDGE,DER,Solvency,0.0049046073386976,0.0096760471108627,0.0369810713942315,0.3695093153551594
EDGE,Debt Ratio,Solvency,0.0028194820977844,0.0078197769554162,0.0277812025589965,0.1989180328952369
EDGE,GPM,Profitability,0.3711646446193078,0.3428949616003647,0.3822082114076247,0.4465666886571992
EDGE,Interest Coverage Ratio,Solvency,801.2099447513813,794.0572916666666,0.0,0.0
EDGE,NPM,Profitability,0.2560099059648119,0.2102367268606894,0.2262819530491765,0.2663064007180066
EDGE,Operating Margin,Profitability,0.3026259636346818,0.2593872391393854,0.2827521034465144,0.3381260068033867
EDGE,ROE,Profitability,0.3960665569526386,0.1202886460250818,0.1542189007549559,0.1726379432416099
EDGE,ROI,Profitability,0.3960665569526386,0.1202886460250818,0.1496437341200486,0.126397627659856
ELPI,Cash Ratio,Liquidity,0.0,0.0,0.5925504556713004,0.3560860436427212
ELPI,Current Ratio,Liquidity,4.247725866807289,2.7570278551207523,6.772851708322964,5.025996094866956
ELPI,DER,Solvency,0.1438202114184926,0.1162462785846061,0.053145992115478,0.1822661093386844
ELPI,Debt Ratio,Solvency,0.1107273216100324,0.093728163300271,0.0454224837876721,0.1375174489820968
ELPI,GPM,Profitability,0.3399522127571161,0.3018842445633273,0.2699930945228663,0.2202983010118278
ELPI,NPM,Profitability,0.2488551838769997,0.1991350159455999,0.1628776087138588,0.1444909432415945
ELPI,Operating Margin,Profitability,0.275809266569707,0.2399812796436473,0.1942445929481963,0.1738816029785601
ELPI,Quick Ratio,Liquidity,3.632731292275553,2.1496440928737024,6.120287742501274,4.369704990890746
ELPI,ROE,Profitability,0.0886143565704274,0.0816946963332627,0.0624569023499656,0.0874330244318121
ELPI,ROI,Profitability,0.0777852751293509,0.0733742475135229,0.0594892560466661,0.0740240100462988
ELSA,Cash Ratio,Liquidity,0.1573752451459451,0.0218644606467038,0.0631813405564113,0.1653234920194807
ELSA,Current Ratio,Liquidity,1.6387717425558594,1.736188103078438,1.4846255929919818,1.442164292345782
ELSA,DER,Solvency,0.4689089643951845,0.2997366626726951,0.3413748823082764,0.2816225240571936
ELSA,Debt Ratio,Solvency,0.2318520784966246,0.1564596231826005,0.1590037175949676,0.1294817820832242
ELSA,GPM,Profitability,0.0960888164727457,0.0793325142323607,0.0741391177577202,0.0930965933804511
ELSA,NPM,Profitability,0.0322355083412655,0.0133643652731503,0.0307227794621837,0.0400440419276986
ELSA,Operating Margin,Profitability,0.0576049137142816,0.0416930342701211,0.0415900286777905,0.0552551253777441
ELSA,Quick Ratio,Liquidity,1.5324995424460466,1.6102113278208865,1.3639312609479224,1.3352493538803667
ELSA,ROE,Profitability,0.0666094744718324,0.0287936661348726,0.0918608959757023,0.113972427103532
ELSA,ROI,Profitability,0.0481245059926198,0.022619337599126,0.0765042902826509,0.0952117189010956
ELTY,Cash Ratio,Liquidity,0.0,0.0,0.0314613068441097,0.0339074969525699
ELTY,Current Ratio,Liquidity,1.0892285423338406,1.028727427940444,1.2601273757774392,1.2139957563194537
ELTY,DER,Solvency,0.2021134137658777,0.2024207624006735,0.1122341223430163,0.1202123259316455
ELTY,Debt Ratio,Solvency,0.1242972854929819,0.1222481109180278,0.0757753676088235,0.0782840434015163
ELTY,GPM,Profitability,0.302805370238441,0.2389949133743833,0.3360973957197595,0.3430614344387815
ELTY,NPM,Profitability,-0.3905139635611828,-0.2574036537015081,-0.2388058393819507,-0.8474952685351699
ELTY,Operating Margin,Profitability,-0.3098500351340693,-0.1337310845093764,0.0011457976387028,0.008372925812202
ELTY,Quick Ratio,Liquidity,0.5556875967389723,0.5328326321917027,0.6633871639757644,0.696211798510567
ELTY,ROE,Profitability,-0.0330944983606025,-0.0286208914788953,-0.0366509410564526,-0.1918263794866544
ELTY,ROI,Profitability,-0.0275302629366117,-0.0238027256130813,-0.0329525414840216,-0.171241089788151
EMDE,Cash Ratio,Liquidity,0.0035059920833366,0.0039630099592881,0.0022157953000279,0.002060522385198
EMDE,Current Ratio,Liquidity,2.0854060986841745,1.4866643573877776,1.3719755136290102,1.344893136619308
EMDE,DER,Solvency,1.8001268834443718,0.578779507713127,0.5990749757752077,0.7119511641391912
EMDE,Debt Ratio,Solvency,0.4001743565627791,0.2615628360609888,0.258675915625758,0.272986018225544
EMDE,GPM,Profitability,0.4628735747475024,0.5340193286028442,0.5820964126238858,0.5357974154615548
EMDE,NPM,Profitability,-0.6575930892976573,5.9234947972394245,-0.4438809600089222,-1.749099549525052
EMDE,Operating Margin,Profitability,-0.3904741132451363,0.1530882611364306,0.1006591758583343,0.0787806307970203
EMDE,Quick Ratio,Liquidity,0.1407338549151071,0.1622994860139043,0.1182867767849858,0.1038954397622722
EMDE,ROE,Profitability,-0.1032829704171966,0.6099455952211162,-0.0421335262969542,-0.2003771497849466
EMDE,ROI,Profitability,-0.0368851036814984,0.3863399494617374,-0.0263486871692983,-0.117046066489695
EMTK,Cash Ratio,Liquidity,0.9609920366317452,1.3489434202815274,1.6682472591399158,1.9944524976568228
EMTK,Current Ratio,Liquidity,2.558718753339694,4.033223452079654,5.273912389229958,4.932898551872331
EMTK,DER,Solvency,0.2361702993730192,0.0276930627663794,0.0330847773868244,0.0297187512069006
EMTK,Debt Ratio,Solvency,0.1411380439779749,0.0206287702878511,0.0266457904100372,0.0240294683709237
EMTK,GPM,Profitability,0.2423941471011144,0.2887958757938154,0.3370170635291621,0.3098448954027357
EMTK,Interest Coverage Ratio,Solvency,25.48286363646646,13.316696664774607,8.889191879822533,-2.5019324434848738
EMTK,NPM,Profitability,0.1724307338776317,0.4407194292749773,0.5523472813910948,-0.0152325249313193
EMTK,Operating Margin,Profitability,0.1059074133105268,0.1036701917689272,0.0282004144878862,-0.0034814678028788
EMTK,Quick Ratio,Liquidity,2.2352222355074294,3.720626705354832,4.85153289192088,4.529117887218914
EMTK,ROE,Profitability,0.192575206880773,0.1990418910433389,0.1520060621707134,-0.0040590860812642
EMTK,ROI,Profitability,0.1561920295159019,0.1939303984668639,0.1472210942907843,-0.0039445746876876
ENAK,Cash Ratio,Liquidity,0.0,0.0216695091894199,0.0369505033544467,0.0073323602375768
ENAK,Current Ratio,Liquidity,0.4047441563963456,0.350579351905618,0.501406339550149,0.3437210307957844
ENAK,DER,Solvency,3.87287290835348,6.448889493530435,1.4623189398255918,2.1556676615927284
ENAK,Debt Ratio,Solvency,0.6359460998518192,0.6230165816980875,0.4806948895918205,0.5379127256201947
ENAK,GPM,Profitability,0.5784505014474945,0.6076066692607961,0.5937710769037291,0.6209587373972028
ENAK,Interest Coverage Ratio,Solvency,-3.620843270040792,-0.4714406965132016,2.1267655461035235,1.4879314393057168
ENAK,NPM,Profitability,-0.2423604660568617,-0.00928218420831,0.049227505739033,0.014973602792741
ENAK,Operating Margin,Profitability,-0.1882675871102592,-0.0263202443048327,0.0553634817998309,0.041558098233001
ENAK,Quick Ratio,Liquidity,0.3416460702740512,0.2623280631668735,0.396648034752309,0.2502712893582972
ENAK,ROE,Profitability,-1.230046045078815,-0.1130027025377994,0.2317708760658856,0.0807761419758394
ENAK,ROI,Profitability,-0.3995502595265344,-0.0268425390735715,0.1422949104270499,0.044364059679375
ENRG,Cash Ratio,Liquidity,0.0,0.0,0.0034601007381665,0.0547952331659561
ENRG,Current Ratio,Liquidity,0.3686748166180886,0.5549239016851037,0.5330595955200297,0.6666937004820335
ENRG,DER,Solvency,0.5893728899848488,0.3659457153124295,0.2966517516275672,0.4213255009207395
ENRG,Debt Ratio,Solvency,0.2209242867575705,0.1795369858373833,0.146051673667175,0.2018419073488787
ENRG,GPM,Profitability,0.3939051101282507,0.364934703933805,0.406286696674469,0.3471327270923157
ENRG,Interest Coverage Ratio,Solvency,6.1634567012605,18.37314292216721,21.46634018199188,13.398418204264416
ENRG,NPM,Profitability,0.165165772510342,0.0990864623921785,0.1477015918629197,0.1626421616497077
ENRG,Operating Margin,Profitability,0.3435877807449093,0.3315937256990405,0.3709933783790679,0.2900391801585732
ENRG,Quick Ratio,Liquidity,0.2781490224447945,0.4256411407457573,0.4245159123109169,0.5631179719971098
ENRG,ROE,Profitability,0.1694851370360297,0.0770809673498143,0.1135224220799843,0.1043670265252251
ENRG,ROI,Profitability,0.1236501468966362,0.0698712103348566,0.1032334791034734,0.0873333214006187
ENVY,Current Ratio,Liquidity,3.313481149917244,0.7044966537850781,0.3470563574455726,0.2384605466866294
ENVY,DER,Solvency,0.0,0.0,0.0,-0.0158634298268679
ENVY,Debt Ratio,Solvency,0.0,0.0,0.0,0.0366475041404192
ENVY,GPM,Profitability,-10.84426971938546,-11.665810307039925,-0.987435957118618,-0.8548342798859789
ENVY,Interest Coverage Ratio,Solvency,-36.6216998853202,-826.6051815839613,-2984.395591244486,0.0
ENVY,NPM,Profitability,-38.71738883148625,-922.2508485779754,-17.349406191063807,-12.386019354968925
ENVY,Operating Margin,Profitability,-40.52165741310349,-143.3573193184784,-9.798699368090904,-8.294213760377687
ENVY,Quick Ratio,Liquidity,3.313481149917244,0.0,0.0,0.0
ENVY,ROE,Profitability,-0.0931460482879993,-8.698132338593762,6.400605751188623,0.8662020962100277
ENVY,ROI,Profitability,-0.0931460482879993,-8.698132338593762,6.400605751188623,0.8662020962100277
EPMT,Cash Ratio,Liquidity,0.4709341851007522,0.3634853707568186,0.1641227167428278,0.0828550365691095
EPMT,Current Ratio,Liquidity,2.9758230574807056,2.9373453595108185,2.781938486716081,2.60112159131177
EPMT,DER,Solvency,0.0039996502600381,0.0019103939660514,0.0005215125788927,0.0004261220245474
EPMT,Debt Ratio,Solvency,0.0028407329495159,0.0013412304384249,0.0003565860172272,0.0002819312895172
EPMT,GPM,Profitability,0.1090523426011312,0.109260776302965,0.1057531123264268,0.1021948993289915
EPMT,NPM,Profitability,0.030187858941525,0.0330252074387043,0.0302393427405174,0.0241511728326464
EPMT,Operating Margin,Profitability,0.034044188907156,0.0403487428483977,0.0391955581504103,0.0317545341039643
EPMT,Quick Ratio,Liquidity,2.0614397939550173,1.7925776322378912,1.636547288018161,1.5200400264050546
EPMT,ROE,Profitability,0.1040257818211129,0.1241209982341928,0.1191585628973939,0.0949833983176222
EPMT,ROI,Profitability,0.1040257818211129,0.1241209982341928,0.1191585628973939,0.0949429410393701
ERAA,Cash Ratio,Liquidity,0.2904390194811326,0.0077478635519409,0.0179291030316565,0.0288678472365269
ERAA,Current Ratio,Liquidity,1.4674446028935837,1.547942709634713,1.2434091855164138,1.2550009076880737
ERAA,DER,Solvency,0.4226091316217187,0.3533031978246376,0.7168481038764865,0.8996386177576423
ERAA,Debt Ratio,Solvency,0.2038828469954847,0.190719670880216,0.2833394669772153,0.3222120052424712
ERAA,GPM,Profitability,0.099960928187835,0.1105640919452825,0.1083764450583298,0.107213716158827
ERAA,Interest Coverage Ratio,Solvency,6.108529779842828,9.0004214089959,6.568400330604045,3.1967921643519364
ERAA,NPM,Profitability,0.0179402710098036,0.0232906843528678,0.0204738745131527,0.013735583578329
ERAA,Operating Margin,Profitability,0.0240688870925175,0.0334636665939054,0.0304090074912216,0.0254552965034767
ERAA,Quick Ratio,Liquidity,0.833665051432765,0.629224955903899,0.5711428827977152,0.4760702287604054
ERAA,ROE,Profitability,0.1131499179444198,0.1649105006932689,0.1502247143647278,0.1127959298169089
ERAA,ROI,Profitability,0.0839766518526413,0.130052163266655,0.0946495914868325,0.0636198833606909
ERAL,Cash Ratio,Liquidity,0.648981542879476,0.0,0.3811849519141668,0.0
ERAL,Current Ratio,Liquidity,1.7401992477180002,5.450453585160614,2.7557368877358908,0.0
ERAL,DER,Solvency,0.6952717711165455,0.0544098055265816,0.1012238623077857,0.0
ERAL,Debt Ratio,Solvency,0.3360923869464485,0.0444761070532952,0.0670087303721811,0.0
ERAL,GPM,Profitability,0.1242121980270543,0.1431790857473651,0.1361027801710753,0.0
ERAL,Interest Coverage Ratio,Solvency,6.277379344017968,51.51866159167541,32.90108163502969,0.0
ERAL,NPM,Profitability,0.0370994576635018,0.0851239790230323,0.0605824586567221,0.0
ERAL,Operating Margin,Profitability,0.0508915868793724,0.0926884685006458,0.0779189300831207,0.0
ERAL,Quick Ratio,Liquidity,1.438466371466324,2.922470398041753,1.2949192521615829,0.0
ERAL,ROE,Profitability,0.1346591802173035,0.2557345799332158,0.2010639901562068,0.0
ERAL,ROI,Profitability,0.0805023895903438,0.2541177187139209,0.19905129293151,0.0
ESSA,Cash Ratio,Liquidity,0.5163625437060059,0.1023048384882379,0.1683122846095378,0.2367541509904654
ESSA,Current Ratio,Liquidity,1.089797627718771,1.615933081204986,2.237588258035836,1.4352894485625045
ESSA,DER,Solvency,2.2914555550799003,2.2182943504088497,0.7660998484977614,0.424897669040999
ESSA,Debt Ratio,Solvency,0.5681503240955478,0.5851089624431373,0.3247492940729422,0.2317210418193072
ESSA,GPM,Profitability,0.0534265058306821,0.3634665232081113,0.4663937985029897,0.2990968546139009
ESSA,NPM,Profitability,-0.1089734524086546,0.0460365130541166,0.1898056496775802,0.1003434860326855
ESSA,Operating Margin,Profitability,-0.0408316855773029,0.2847845434128172,0.4125216191733742,0.2233377060419401
ESSA,Quick Ratio,Liquidity,0.8605579811539685,1.2847219279006636,1.9976948113706985,1.2358109224529197
ESSA,ROE,Profitability,-0.0973928963300933,0.0654406964874386,0.3940033103286822,0.0912678407813017
ESSA,ROI,Profitability,-0.0296045560157614,0.020353862828929,0.223174212652604,0.0640871909453477
ETWA,Current Ratio,Liquidity,0.0983706994305216,0.1998002329212517,0.1390852666284734,0.0
ETWA,DER,Solvency,-3.357099984281841,-7.9221490856623475,-2.4217021414525792,0.0
ETWA,Debt Ratio,Solvency,0.8541470468706281,0.8647896636012516,1.0754327536187154,0.0
ETWA,GPM,Profitability,-57.00092752252596,-7.345992212919629,-0.59800469260047,0.0
ETWA,Interest Coverage Ratio,Solvency,10.910173887278392,-0.6682673434780227,-2.778034106386285,0.0
ETWA,NPM,Profitability,154.89763323687055,-33.47492522198928,-5.83899765773551,0.0
ETWA,Operating Margin,Profitability,-65.98419588189891,-11.519143279233113,-0.9661073642716024,0.0
ETWA,Quick Ratio,Liquidity,0.0847434773401292,0.1904879771047387,0.1264227548624263,0.0
ETWA,ROE,Profitability,-0.2695432458528627,1.081491798604846,0.7095157428473937,0.0
ETWA,ROI,Profitability,0.1143537599806089,-0.1562364209758078,-0.4990607541200356,0.0
EXCL,Cash Ratio,Liquidity,0.0884397147248988,0.0925602420663894,0.0892835809567181,0.0111698033321841
EXCL,Current Ratio,Liquidity,0.4015014350619233,0.3690569893816054,0.3949966034800098,0.3561471898696772
EXCL,DER,Solvency,1.7571759352880645,1.7745577436519802,1.714289385553551,1.7419349454280997
EXCL,Debt Ratio,Solvency,0.4963882170906793,0.4899935373362263,0.5036765715168282,0.5236519251578128
EXCL,GPM,Profitability,0.6334213089690356,0.6439530089836866,0.635906039923006,0.6235498752871477
EXCL,NPM,Profitability,0.0142872329852307,0.0481350300234917,0.038070147156025,0.0393257656991068
EXCL,Operating Margin,Profitability,0.0232740893137573,0.1244879934066057,0.1255286786484137,0.1355010763195135
EXCL,Quick Ratio,Liquidity,0.3938980621864762,0.361591083597194,0.3795062712282499,0.3373861780448242
EXCL,ROE,Profitability,0.0194174057182163,0.0641058961124749,0.043264582278633,0.0482206218647764
EXCL,ROI,Profitability,0.013045154169557,0.0424165217877053,0.0293867562156085,0.0348584883527466
FAPA,Current Ratio,Liquidity,0.823906304531666,1.3903118802582792,0.8811450532560788,0.6939563231441007
FAPA,DER,Solvency,1.3968076326281984,1.10319338799039,0.9456807283308892,0.8430025863963103
FAPA,Debt Ratio,Solvency,0.46346267847135,0.4169580284397459,0.4069464160724891,0.377607234271142
FAPA,GPM,Profitability,0.1510203905803609,0.2792180899705325,0.3347385836218585,0.1645345750517553
FAPA,Interest Coverage Ratio,Solvency,0.5958186885136113,3.388862605874223,7.712283682825549,1.7060454414212205
FAPA,NPM,Profitability,-0.0459725330214393,0.1133866897723984,0.1468622394548656,0.0303365406252119
FAPA,Operating Margin,Profitability,0.0476728113428761,0.1876213885169929,0.2702341365410886,0.0749310009204121
FAPA,Quick Ratio,Liquidity,0.3141092521619947,0.5920886129565447,0.4152187559628164,0.3709750497086576
FAPA,ROE,Profitability,-0.0464907934759232,0.1281989773673553,0.1910876024841996,0.0397085365107892
FAPA,ROI,Profitability,-0.0194003296789991,0.060968471737308,0.0982290909847949,0.021549183537901
FAST,Cash Ratio,Liquidity,0.2761496056044163,0.1922444367356443,0.1098228806489677,0.0
FAST,Current Ratio,Liquidity,1.0560163732741372,0.8411620155500165,0.7916917753714308,0.0
FAST,DER,Solvency,0.4676493762993506,0.6792386914720869,0.9885505310148188,0.0
FAST,Debt Ratio,Solvency,0.1720775162999815,0.2168022223304141,0.2744017408668971,0.0
FAST,GPM,Profitability,0.5927014659140986,0.6064997221588013,0.6256498880185529,0.0
FAST,Interest Coverage Ratio,Solvency,-10.610159650485093,-5.489332598507394,-0.7144723879819262,0.0
FAST,NPM,Profitability,-0.0779248667110769,-0.0621017682289883,-0.0132220245214074,0.0
FAST,Operating Margin,Profitability,-0.0918387909801262,-0.0671230304681046,-0.0059085817795544,0.0
FAST,Quick Ratio,Liquidity,0.8902668461867678,0.6405442884018433,0.5757900766378579,0.0
FAST,ROE,Profitability,-0.2760502698093178,-0.2690058761075418,-0.0729934107802688,0.0
FAST,ROI,Profitability,-0.2157899629138809,-0.1873055703056764,-0.0439565256434293,0.0
FASW,Current Ratio,Liquidity,0.8094164822846889,0.8282004967261233,0.6558819467019524,0.4695819421406974
FASW,DER,Solvency,1.141219353019447,1.2282175721964117,1.2096054681092807,1.4577176079840817
FASW,Debt Ratio,Solvency,0.4573294430213243,0.4732301155054974,0.4707221223176608,0.5070035864076171
FASW,GPM,Profitability,0.1557602127585333,0.1355316991281071,0.0910873565992138,0.0036130134259237
FASW,NPM,Profitability,0.0446659162063523,0.0517421223046814,0.0110122033570847,-0.0810370788351398
FASW,Operating Margin,Profitability,0.0980670589895183,0.0896343205389057,0.0451682518414123,-0.0539605834011917
FASW,Quick Ratio,Liquidity,0.490101059674168,0.4931791639741204,0.3178494355339649,0.246003121312425
FASW,ROE,Profitability,0.0765759175535344,0.1204659451773195,0.02393036118431,-0.1434390442790541
FASW,ROI,Profitability,0.0359215421681259,0.0542331639477487,0.0108513298321629,-0.0584322749426357
FILM,Cash Ratio,Liquidity,5.346342730668402,1.2613665936927538,4.962901838964869,6.1698393432565055
FILM,Current Ratio,Liquidity,10.568026594112125,4.392286693398504,7.409850367923572,9.924662838501566
FILM,GPM,Profitability,0.1596487051088287,0.5657049096855243,0.7026860136823733,0.6225775777166687
FILM,Interest Coverage Ratio,Solvency,-173.8135068904789,163.4401414265027,0.0,0.0
FILM,NPM,Profitability,-0.465489346555459,0.1320196790116992,0.3662258693014671,0.2615045482670889
FILM,Operating Margin,Profitability,-0.5005581464123029,0.1721606181504857,0.4442386969157588,0.3018917832693362
FILM,ROE,Profitability,-0.0430739432217934,0.0268805552040201,0.1040868834502753,0.0593061985554775
FILM,ROI,Profitability,-0.0430739432217934,0.0268805552040201,0.1040868834502753,0.0593061985554775
FIRE,Cash Ratio,Liquidity,0.0,0.0,0.0,0.0
FIRE,Current Ratio,Liquidity,2.255544808798385,1.3917036883316245,0.4875335225307751,0.6840080304439577
FIRE,DER,Solvency,0.2487059276983731,0.1747648245259901,0.1670394778811198,0.2057980881428654
FIRE,Debt Ratio,Solvency,0.1736803028656857,0.1086819819767387,0.0981508162773269,0.1049151325313053
FIRE,GPM,Profitability,0.2247154635463133,0.2656911845855069,0.2337121241330694,0.2634372670736157
FIRE,Interest Coverage Ratio,Solvency,9.921736309833165,4.441657889997204,-4.024705628398728,2.802007969425083
FIRE,NPM,Profitability,0.0129380333834447,-0.0545112908068774,-0.3784375413944149,-0.0019304181755736
FIRE,Operating Margin,Profitability,0.070325341814555,0.0238582186416509,-0.0817936608343354,0.0389552040911574
FIRE,Quick Ratio,Liquidity,2.0262536825680684,1.2988620896597496,0.2512694309753053,0.4472791073716506
FIRE,ROE,Profitability,0.0391951849838858,-0.1491790720425966,-0.4422694396021293,-0.0023902197885482
FIRE,ROI,Profitability,0.0313886433262399,-0.1269863286064846,-0.3789669912496147,-0.0019822720006378
FISH,Cash Ratio,Liquidity,0.0077536023401093,0.0016063562582919,0.0222119857550417,0.0243823178973193
FISH,Current Ratio,Liquidity,1.197225211901025,1.2994392992610215,1.449246737713032,1.3512247701172797
FISH,DER,Solvency,0.6835612406800556,1.138703550512152,0.8939665494626532,0.8731127321371264
FISH,Debt Ratio,Solvency,0.1875754162032696,0.3114163901842575,0.3099193512937133,0.3032530495063074
FISH,GPM,Profitability,0.0587701132141488,0.0548519080641515,0.0541900417991865,0.0507125507570321
FISH,Interest Coverage Ratio,Solvency,6.308016091727821,7.160071278955988,6.073071936357421,3.937318952572387
FISH,NPM,Profitability,0.019773758254137,0.0212989622212299,0.0206010641926588,0.0172608523043747
FISH,Operating Margin,Profitability,0.0310699496389576,0.0303435110690109,0.0316624586251247,0.0292815804385405
FISH,Quick Ratio,Liquidity,0.6621747027443848,0.6967046619818086,0.63522202317701,0.7593571667222815
FISH,ROE,Profitability,0.1527162675067349,0.1965108314464845,0.2015465184052189,0.1418507341261173
FISH,ROI,Profitability,0.0941098358387492,0.0958405211098517,0.1097196556618038,0.0770315720048413
FMII,Cash Ratio,Liquidity,0.0,0.0,0.0,0.0
FMII,Current Ratio,Liquidity,3.2730872556371464,1.279981711936112,2.845884665489056,2.060374564619853
FMII,DER,Solvency,0.3062944152606131,0.2901197272838019,0.0930663796592496,0.1049065337324814
FMII,Debt Ratio,Solvency,0.219825221172894,0.2121277330395131,0.0805621658589179,0.0897130558685118
FMII,GPM,Profitability,0.6093644836432882,0.6298878926109721,0.5887905377604911,0.7024655462816343
FMII,NPM,Profitability,-0.0288532843857814,0.1622792802855269,0.330221722033304,0.4077143620453496
FMII,Operating Margin,Profitability,0.26481411519936,0.4099434459404369,0.4112408381208967,0.4311449196226083
FMII,Quick Ratio,Liquidity,0.7240469425853483,0.2692613479314366,0.6655643058538375,0.486369564084106
FMII,ROE,Profitability,-0.0023696159382947,0.0134689463139914,0.0265371652925717,0.0259487901844687
FMII,ROI,Profitability,-0.0018139983686771,0.0104400746916325,0.0242907870206699,0.0235057194236447
FPNI,Cash Ratio,Liquidity,0.0,0.4561502532913768,0.3057732795576186,0.3284154025001076
FPNI,Current Ratio,Liquidity,1.584514214861394,1.6532095333512071,1.513253684397433,1.3596739239634312
FPNI,DER,Solvency,0.0088184535084396,0.0049576494233622,0.0022825094561106,0.0045395408043879
FPNI,Debt Ratio,Solvency,0.0056099667284789,0.0028302608429587,0.0012745546861994,0.0026550610390321
FPNI,GPM,Profitability,0.0062805664469707,0.0572560762540767,0.0305774258829785,0.0170993559499538
FPNI,NPM,Profitability,-0.0159680896798947,0.0231742118341357,0.0061028237166027,-0.001060569411477
FPNI,Operating Margin,Profitability,-0.0290043863760517,0.0224389462649479,0.0049020952606045,-0.0138963831659193
FPNI,Quick Ratio,Liquidity,0.5934372509078026,0.8834013010286875,0.7476980442888669,0.6447321210729509
FPNI,ROE,Profitability,-0.0519846782001094,0.0914006795233765,0.0269429279472321,-0.0037345913009294
FPNI,ROI,Profitability,-0.0519846782001094,0.0914006795233765,0.0269429279472321,-0.0037345913009294
FREN,Cash Ratio,Liquidity,0.0017819053240522,0.0221831563464459,0.021465043529357,0.0108374979513629
FREN,Current Ratio,Liquidity,0.3143660210537182,0.2418454289289818,0.5532473120912211,0.6550320191593828
FREN,DER,Solvency,1.5693763138434569,1.8512208954558955,1.5043180610820674,1.5388707152253458
FREN,Debt Ratio,Solvency,0.5016697895627197,0.5402534456734979,0.5099144984379909,0.5354233666167156
FREN,GPM,Profitability,0.5904099031231602,0.6323639259829971,0.6670942467801387,0.6632704765767983
FREN,Interest Coverage Ratio,Solvency,-0.9222907567666788,0.2567737273192366,0.5944895975148904,0.4253676870394377
FREN,NPM,Profitability,-0.161948353801962,-0.0416310831494368,0.0949985713111239,-0.009345292452419
FREN,Operating Margin,Profitability,-0.0794169400073588,0.0274148358310885,0.0591220111011937,0.050880650064329
FREN,Quick Ratio,Liquidity,0.307533451676725,0.2342390868084691,0.5387082308324563,0.6407682181426546
FREN,ROE,Profitability,-0.1232091908411519,-0.0344041372344495,0.0675298431639604,-0.0069501103106532
FREN,ROI,Profitability,-0.065426106718621,-0.0185682619042847,0.0397785930468525,-0.0039029851318503
FUJI,Cash Ratio,Liquidity,95.71876496956212,0.0,14.476115945731364,0.0
FUJI,Current Ratio,Liquidity,271.8714706085775,41.8266931870824,52.10413263527504,122.03739316545747
FUJI,GPM,Profitability,0.7866791268150344,0.8518571441383372,0.7615519367979438,0.6173798081698668
FUJI,NPM,Profitability,0.6207567028057364,0.7857323303642793,0.7979604123868472,0.5735932144087053
FUJI,Operating Margin,Profitability,0.6236995376119241,0.9593829689319292,0.1563301866994901,0.3899257480751695
FUJI,ROE,Profitability,0.0349388894345676,0.0615720939391075,0.0528075009619995,0.0240233792112553
FUJI,ROI,Profitability,0.0349388894345676,0.0615720939391075,0.0528075009619995,0.0240233792112553
GAMA,Cash Ratio,Liquidity,0.1671352496652159,0.0,0.0,0.0
GAMA,Current Ratio,Liquidity,2.442039991303964,2.498232690510827,0.0,0.0
GAMA,DER,Solvency,0.1159199288420991,0.117810840554488,0.0,0.0
GAMA,Debt Ratio,Solvency,0.0897234112953365,0.0912205789157797,0.0,0.0
GAMA,GPM,Profitability,0.3669468791790995,0.478268405497624,0.0,0.0
GAMA,Interest Coverage Ratio,Solvency,-1.3796511461585628,0.0,0.0,0.0
GAMA,NPM,Profitability,-0.3274174185879355,-0.7023654357653225,0.0,0.0
GAMA,Operating Margin,Profitability,-0.2082460669301038,-0.3019834708848767,0.0,0.0
GAMA,Quick Ratio,Liquidity,0.2734572190435276,0.1312055931885287,0.0,0.0
GAMA,ROE,Profitability,-0.0121223782154368,-0.0163566140932763,0.0,0.0
GAMA,ROI,Profitability,-0.0108631254825023,-0.0146327209397635,0.0,0.0
GDST,Current Ratio,Liquidity,0.6274999580466817,0.4854780829878158,0.8709765102840821,1.0261726020604618
GDST,DER,Solvency,0.1950101376895162,0.2444477478440236,0.3724037739667498,0.4375206879278973
GDST,Debt Ratio,Solvency,0.1039905142651372,0.1216232104950277,0.1873721805274825,0.250146476031069
GDST,GPM,Profitability,0.0620043088693726,0.0450127925091713,0.1882881222391494,0.1832600139182336
GDST,NPM,Profitability,-0.0584523153998227,-0.0380992675455566,0.1054821442402566,0.0843522589440192
GDST,Operating Margin,Profitability,-0.0062090998026508,-0.0184738629178191,0.1404674600159255,0.1265260957069794
GDST,Quick Ratio,Liquidity,0.2106515065120598,0.2554405944964097,0.6026269010423404,0.7812822268577059
GDST,ROE,Profitability,-0.0919196158990913,-0.0808422312670574,0.2582212125843216,0.1671934337078333
GDST,ROI,Profitability,-0.0769828149035669,-0.0650052150311178,0.1882685183010044,0.1163068017816376
GEMA,Cash Ratio,Liquidity,0.0727670914255519,0.0504152728479601,0.012500305988804,0.0003413335386807
GEMA,Current Ratio,Liquidity,1.1258293131119388,1.0432477197969887,1.004535045467255,1.0282534743337066
GEMA,DER,Solvency,0.7437903198946335,0.9393031281503128,0.963430099820688,0.9955659860938624
GEMA,Debt Ratio,Solvency,0.2904337709100034,0.3512994786313872,0.3517594886954978,0.3706455088403486
GEMA,GPM,Profitability,0.2423742702253859,0.2461793652937356,0.2583469876899443,0.2485258419336931
GEMA,Interest Coverage Ratio,Solvency,1.239722121130211,1.4532862604618224,1.3730924567072809,1.663380000951522
GEMA,NPM,Profitability,0.0012807998629621,0.011572534623625,0.0001872646567175,0.010755154745357
GEMA,Operating Margin,Profitability,0.0396825341724106,0.0444806739886719,0.0439245510089187,0.0424459468928637
GEMA,Quick Ratio,Liquidity,0.8763466363399709,0.8265106993135527,0.7080436993094914,0.7472072188365466
GEMA,ROE,Profitability,0.0033216963980784,0.0322081854301322,0.0005197506875676,0.0333195605704173
GEMA,ROI,Profitability,0.0019873150324476,0.0175517274740976,0.0002764981609408,0.0175045377009079
GEMS,Cash Ratio,Liquidity,0.0128545148153213,0.0099947887641726,0.0089802834474967,0.0
GEMS,Current Ratio,Liquidity,1.233600101113311,1.0210213195828934,1.530493370180021,1.3682236285341849
GEMS,DER,Solvency,0.4307495459674231,0.3629902515290528,0.2411060542088378,0.3871857133343027
GEMS,Debt Ratio,Solvency,0.1834397716510466,0.1379363358370585,0.1177902297049607,0.1929227667513099
GEMS,GPM,Profitability,0.357165856673105,0.4771643421941721,0.4501675139085591,0.3949399497758574
GEMS,Interest Coverage Ratio,Solvency,14.153308127884106,61.790266470990254,102.55459210719567,93.3268814263418
GEMS,NPM,Profitability,0.0884968013162741,0.2194290759672046,0.2330068593647852,0.1786388380056295
GEMS,Operating Margin,Profitability,0.1290301183055601,0.298435923778554,0.3142130188496,0.2382183974171367
GEMS,Quick Ratio,Liquidity,1.1751271060474122,0.9502832162147512,1.4402942368530194,1.3026269418715246
GEMS,ROE,Profitability,0.2710617437959471,1.1046692971097056,1.2334392905446865,0.7929335931448199
GEMS,ROI,Profitability,0.1900187998518801,0.8166132467456232,0.9975655895869802,0.5724566477671624
GGRM,Cash Ratio,Liquidity,0.0793656457921908,0.0501062011331058,0.0520238104639277,0.051711355937936
GGRM,Current Ratio,Liquidity,2.9122840857303167,2.0907323600670487,1.9036946940104056,1.8321502125866045
GGRM,DER,Solvency,0.1057012725792144,0.1704049311121024,0.1752020023127461,0.2200987000723529
GGRM,Debt Ratio,Solvency,0.0791121822603299,0.1123000484780813,0.1144553914887135,0.1448966765823166
GGRM,GPM,Profitability,0.1518924916047338,0.1142894483468801,0.0889907237485696,0.1227007420418335
GGRM,Interest Coverage Ratio,Solvency,26.248438814596497,98.262990696619,14.896537794630438,12.853886264603943
GGRM,NPM,Profitability,0.0668055960888179,0.0448851551520946,0.022294505800372,0.0447614951643463
GGRM,Operating Margin,Profitability,0.0880921023730195,0.0588162439032288,0.0314245701400159,0.0624944741829413
GGRM,Quick Ratio,Liquidity,0.8219983289821653,0.6708151207064345,0.4662553592256277,0.4352479190699838
GGRM,ROE,Profitability,0.1306802857462734,0.0945435051772858,0.0480459061934516,0.0874839220270808
GGRM,ROI,Profitability,0.1181876958877347,0.0807784576637522,0.0408831044355773,0.0717023319686292
GGRP,Cash Ratio,Liquidity,0.0001850680369696,0.0220857385088432,0.1317689675180493,0.2801413803984486
GGRP,Current Ratio,Liquidity,1.180472671725534,1.4488543804239962,1.4575172423690836,1.637737528574181
GGRP,DER,Solvency,0.2596930244519988,0.203525312004745,0.241778081737198,0.1493473905693154
GGRP,Debt Ratio,Solvency,0.1735689739335008,0.1434645575904142,0.1643111455467522,0.1025448012063972
GGRP,GPM,Profitability,0.0562475568763237,0.145213722402842,0.093485573270618,0.1109823335613399
GGRP,Interest Coverage Ratio,Solvency,0.3477020609074207,10.946089996474235,0.0,0.0
GGRP,NPM,Profitability,-0.0146059562958819,0.0857526910542226,0.0617665511331964,0.0532905510151647
GGRP,Operating Margin,Profitability,0.0060315832099164,0.1055995484020353,0.0615988478247648,0.0646341380194119
GGRP,Quick Ratio,Liquidity,0.2672738216629545,0.3250663865338551,0.4842847993640382,0.6702426358328716
GGRP,ROE,Profitability,-0.0129727871221766,0.0821932776460367,0.0724370395115975,0.0448427903468214
GGRP,ROI,Profitability,-0.0111650455732925,0.0738941163908302,0.0622770560448426,0.0411068076201517
GIAA,Cash Ratio,Liquidity,0.0021161643733792,0.0011337469983445,0.0023185390864415,0.0046352291680965
GIAA,Current Ratio,Liquidity,0.1249295558505292,0.0529732175676409,0.4765851777302834,0.5611035366718142
GIAA,DER,Solvency,-4.045448054594451,-1.2707129289434098,-2.6722146159643034,-3.152508669311649
GIAA,Debt Ratio,Solvency,0.7197406397477623,1.0727758940155223,0.6420250673948332,0.5845097450922252
GIAA,GPM,Profitability,-0.9949492709727414,-0.7371141842360938,-0.0355391121806253,0.2133034500928021
GIAA,Interest Coverage Ratio,Solvency,-3.979012127973451,-6.92999829512106,0.0,0.0
GIAA,NPM,Profitability,-1.637064833425414,-3.1117000859600887,1.7798873370110675,0.0851474907797867
GIAA,Operating Margin,Profitability,-1.2138697271764085,-0.9425058533335994,-0.2064435632204749,0.1078614714824646
GIAA,Quick Ratio,Liquidity,0.1004350366668197,0.0403185601857092,0.4361419534776659,0.4613346124277834
GIAA,ROE,Profitability,1.272626657564668,0.6849650964470535,-2.4952288796504773,-0.200457684839333
GIAA,ROI,Profitability,16.017722030524325,1.0485988009727412,-51.89976664644357,1.7286919083051526
GJTL,Cash Ratio,Liquidity,0.0689568415226201,0.0632277063063731,0.0640275826555304,0.0443238065033836
GJTL,Current Ratio,Liquidity,1.6053617074494055,1.7626471195758675,1.6658638067088456,1.8532301712668624
GJTL,DER,Solvency,0.7461461876935109,0.7585212125348908,0.8110951858311615,0.5952803810101722
GJTL,Debt Ratio,Solvency,0.2960503916423628,0.2947176946612402,0.3087230382479775,0.2620042498478847
GJTL,GPM,Profitability,0.1990379015603897,0.1389981633376863,0.1369794179456243,0.2199409062568739
GJTL,NPM,Profitability,0.0238470956170459,0.005245977323718,-0.0105639954871415,0.0696024663267428
GJTL,Operating Margin,Profitability,0.1021253194737882,0.0517731918208764,0.0439689788737562,0.1254677557382407
GJTL,Quick Ratio,Liquidity,1.2095671267186154,1.1455462398508545,1.0721391377763074,1.2554169451121813
GJTL,ROE,Profitability,0.0455081032224963,0.0112589048783039,-0.0250607629102532,0.1414288456175796
GJTL,ROI,Profitability,0.02622651286497,0.006430094263049,-0.0138748302735335,0.0887193617012966
GMFI,Cash Ratio,Liquidity,0.0031149100004632,0.0065360876878056,0.0049236071414933,0.0043600871443992
GMFI,Current Ratio,Liquidity,0.6324689365860426,0.6540270456515377,0.8076377603171618,0.8816598341443574
GMFI,DER,Solvency,-2.130029793225658,-1.3328971436133148,-1.4088395166200838,-1.454450966696268
GMFI,Debt Ratio,Solvency,0.8762934422942605,1.135811788319842,1.1949992949088477,1.0061788880153917
GMFI,GPM,Profitability,-0.4335083671426613,-0.0515562804070964,0.0794134597545084,0.1279420162190748
GMFI,Interest Coverage Ratio,Solvency,-11.053976147679794,-4.214280407129357,1.1258356427542675,0.0
GMFI,NPM,Profitability,-1.295253700405531,-0.6049403325077056,0.0149631577227774,0.0543303417923175
GMFI,Operating Margin,Profitability,-0.6001241956420551,-0.1939482789375341,-0.0226095977412484,0.0687556532972062
GMFI,Quick Ratio,Liquidity,0.4431829462802462,0.467005830547977,0.580501924796487,0.617040637933983
GMFI,ROE,Profitability,1.5343928332435068,0.3761855147712247,-0.0107790160771016,-0.0651303187736057
GMFI,ROI,Profitability,-1.5782060406281675,-1.5273357689873956,0.0424742146525602,0.2269362905798004
GMTD,Cash Ratio,Liquidity,0.0,0.0,0.0,0.0066818458621543
GMTD,Current Ratio,Liquidity,1.3923526134853,1.699565520046128,1.3566498579265682,1.846720867063077
GMTD,DER,Solvency,0.1196706377650883,0.044877436007283,0.0741124483926047,0.0
GMTD,Debt Ratio,Solvency,0.0708987736795029,0.0233005806177673,0.0361603377069125,0.0
GMTD,GPM,Profitability,0.4473212156131208,0.5186314449345409,0.4526407152876772,0.5349294639027034
GMTD,Interest Coverage Ratio,Solvency,-11.495667260855113,-0.2609473623284053,1.9070922127450587,5.236374604776232
GMTD,NPM,Profitability,-0.6322204371198442,-0.1972250811082088,0.0285321507045608,0.3071821605870475
GMTD,Operating Margin,Profitability,0.1126570967936562,-0.0351869221751697,0.2471316354358141,0.374219747371387
GMTD,Quick Ratio,Liquidity,0.3008735930960257,0.3935715850377073,0.1498492630525403,0.1634958585781891
GMTD,ROE,Profitability,-0.1811301377650669,-0.0491432487657132,0.0158857149311433,0.1852897453000208
GMTD,ROI,Profitability,-0.1617709098155959,-0.0470325485767028,0.0147896199833789,0.1852897453000208
GOLL,Current Ratio,Liquidity,0.0868038274808532,0.0,0.0,0.0
GOLL,DER,Solvency,1.2028166580421586,0.0,0.0,0.0
GOLL,Debt Ratio,Solvency,0.4938188865323262,0.0,0.0,0.0
GOLL,GPM,Profitability,-1.3005766664396046,0.0,0.0,0.0
GOLL,Interest Coverage Ratio,Solvency,-89.53172000846422,0.0,0.0,0.0
GOLL,NPM,Profitability,-81.16866606712881,0.0,0.0,0.0
GOLL,Operating Margin,Profitability,-2.312905196703802,0.0,0.0,0.0
GOLL,Quick Ratio,Liquidity,0.0686948623352976,0.0,0.0,0.0
GOLL,ROE,Profitability,-1.559711578606707,0.0,0.0,0.0
GOLL,ROI,Profitability,-0.7080532884624919,0.0,0.0,0.0
GOOD,Cash Ratio,Liquidity,0.0991818007702033,0.0,0.0,0.0
GOOD,Current Ratio,Liquidity,1.7665116657288222,1.475401169972113,1.7406860321646125,1.775824252587154
GOOD,DER,Solvency,0.9176163598869296,0.8505327330902293,0.814204700264581,0.5576782733028104
GOOD,Debt Ratio,Solvency,0.3543767884016879,0.3312090854480717,0.3165487392838002,0.2578091156484504
GOOD,GPM,Profitability,0.2740503505619737,0.2749852723078763,0.2527902821409616,0.2725373268528689
GOOD,Interest Coverage Ratio,Solvency,3.3430308475759887,0.0,0.0,0.0
GOOD,NPM,Profitability,0.0336053242425696,0.0482780614936587,0.0404538655532955,0.0550489619405931
GOOD,Operating Margin,Profitability,0.0556716082669872,0.0806731797727515,0.0680339326851436,0.0847875809464491
GOOD,Quick Ratio,Liquidity,1.1108091458366869,0.9077973427017068,1.0466129162579756,1.0987711717418926
GOOD,ROE,Profitability,0.1006929617588549,0.1612240782575159,0.1492610458319065,0.169031468432683
GOOD,ROI,Profitability,0.0544713197754943,0.0890046245131823,0.083205086162062,0.1094671938807246
GOTO,Cash Ratio,Liquidity,0.0518248520907166,0.338703105730719,0.3056287315654009,0.1526566023091829
GOTO,Current Ratio,Liquidity,3.387613841265809,2.933512086238041,2.8103269602784176,2.621733331544817
GOTO,DER,Solvency,0.1327274322561915,0.0169759703286049,0.0195463861480499,0.1142956686434961
GOTO,Debt Ratio,Solvency,0.088677443000448,0.0153542449145588,0.0175392627472433,0.0801383530432671
GOTO,GPM,Profitability,0.2672483191225632,0.1675671397365471,0.5171478223908416,0.6555286087199533
GOTO,Interest Coverage Ratio,Solvency,0.0,-103.41816972205795,-156.927981952802,-28.73010282941609
GOTO,NPM,Profitability,-5.028799759606356,-4.716059301145298,-3.486701799347917,-6.113805952483691
GOTO,Operating Margin,Profitability,-3.0550958194042743,-4.935145655726356,-2.6724100544119227,-0.695206490254095
GOTO,Quick Ratio,Liquidity,3.380290594616052,2.930706013237845,2.8044693440206485,2.616162986065792
GOTO,ROE,Profitability,-0.831933762327535,-0.152447522066726,-0.3167692403469688,-2.38320583839844
GOTO,ROI,Profitability,-0.7459032680078815,-0.1508627474486458,-0.3129193318263563,-2.1709004674938406
GPRA,Cash Ratio,Liquidity,0.0084937398753292,0.0314600351298358,0.0230396388332186,0.1605321334552407
GPRA,Current Ratio,Liquidity,3.552272529393312,2.971558425948747,2.9558882649945857,3.55357671255106
GPRA,DER,Solvency,0.3312760263189777,0.2389287995617728,0.1371354729164184,0.1832577911213483
GPRA,Debt Ratio,Solvency,0.1893736508402558,0.1414498465029754,0.0857123763287586,0.1123730662267124
GPRA,GPM,Profitability,0.5855591452693544,0.4581410694476336,0.6370263716793376,0.6243233705095989
GPRA,Interest Coverage Ratio,Solvency,2.0020818029579077,3.052795352249213,5.37857703733324,5.684037788083218
GPRA,NPM,Profitability,0.09198694233609,0.1160113882021126,0.2038348452839545,0.1944186979629225
GPRA,Operating Margin,Profitability,0.2167855483748041,0.2206958515159462,0.3158455611147104,0.3262474657986371
GPRA,Quick Ratio,Liquidity,0.2108488083974223,0.2240666964011237,0.2010876555137049,0.4089354342271917
GPRA,ROE,Profitability,0.0301638164854892,0.0497257896333331,0.0678074451237194,0.0745549054935541
GPRA,ROI,Profitability,0.0226578229376616,0.0401361156919767,0.0596300500148968,0.0630081678337398
GSMF,DER,Solvency,0.3294487823643245,0.1360190047046515,0.1505641946209959,0.2177434856456357
GSMF,Debt Ratio,Solvency,0.1006001828817072,0.0606520292027687,0.0658921117066602,0.0912175764399788
GSMF,NPM,Profitability,0.0160763220384588,0.0046289173751757,0.0109669104026047,-0.0500564138721415
GSMF,ROE,Profitability,0.0135535932952953,0.0024953384343207,0.0073681376996491,-0.0244993578855793
GSMF,ROI,Profitability,0.0101948969190007,0.0021965639870342,0.0064378989814836,-0.020174580962706
GTBO,Cash Ratio,Liquidity,0.0,0.0,0.0,0.2982474681097583
GTBO,Current Ratio,Liquidity,0.4307691705194665,0.5503045320177109,2.023290733936742,1.3957144465436797
GTBO,DER,Solvency,0.0320428103229172,0.0322288989204622,0.0263100460972812,0.0252096063875075
GTBO,Debt Ratio,Solvency,0.0238691750111343,0.0232499238849806,0.0199947112354305,0.0188970749104173
GTBO,GPM,Profitability,0.0,0.314112719602369,0.5522715543083062,0.4318749739038579
GTBO,Interest Coverage Ratio,Solvency,0.0,0.0,8.241277558610593,27.06403392129063
GTBO,NPM,Profitability,0.0,-0.0519948948179487,0.1522143275575667,0.0706201106672015
GTBO,Operating Margin,Profitability,0.0,0.1090614552683317,0.1815357606604105,0.1001615983671277
GTBO,Quick Ratio,Liquidity,0.3243775573318399,0.4544088620564694,1.49352448702212,1.299100583294312
GTBO,ROE,Profitability,-0.0289825401733305,-0.0051986035165311,0.1598321201654697,0.0835445932753001
GTBO,ROI,Profitability,-0.0280826918064204,-0.0050362894528219,0.1557347321827926,0.0814902559971937
GTSI,Cash Ratio,Liquidity,0.1316911937416506,0.0,0.291506739585469,0.9997867306748156
GTSI,Current Ratio,Liquidity,0.8244018465842059,0.9776981618909054,1.1788957983362072,2.239262630845193
GTSI,DER,Solvency,1.1198258724847476,1.5200708061194317,0.5724756221156814,0.5083294314608177
GTSI,Debt Ratio,Solvency,0.3560453036373183,0.4353158783957188,0.2132829069046147,0.2226769284307073
GTSI,GPM,Profitability,0.4177207176147941,-0.0236164810578772,0.3525102061434185,0.3181502135640247
GTSI,Interest Coverage Ratio,Solvency,6.183206338017682,-4.1990244068181255,2.958683397991824,4.193769352710676
GTSI,NPM,Profitability,0.3759056261186871,-0.3756498377455822,0.064541030085216,0.1240686881231412
GTSI,Operating Margin,Profitability,0.3109624675809608,-0.3253222127902392,0.2545507799069019,0.2088909735948018
GTSI,Quick Ratio,Liquidity,0.7600021591715437,0.9289803840594378,1.1480304253969902,2.0987326130257244
GTSI,ROE,Profitability,0.3286704359685767,-0.3135436322332284,0.0576878689864954,0.0844634898301209
GTSI,ROI,Profitability,0.2050221913061646,-0.1806454147603084,0.0370852112281974,0.0567403358112564
GWSA,Cash Ratio,Liquidity,2.8715143593265373,1.203891050104582,0.6165174494480036,1.9701858832124808
GWSA,Current Ratio,Liquidity,16.066184470936822,24.88728082542353,15.311899339187187,11.797369932299896
GWSA,DER,Solvency,0.0501932761311611,0.0485228839421887,0.0771619697152244,0.077861165262627
GWSA,Debt Ratio,Solvency,0.0459747578720342,0.0445236530228148,0.0690256943104423,0.0695364478038694
GWSA,GPM,Profitability,0.4412478499273795,0.4696798231302817,0.4657599769837934,0.4739194714495479
GWSA,NPM,Profitability,-1.5554490168057444,0.4535162716303211,0.5451771524859725,0.8529507855187275
GWSA,Operating Margin,Profitability,-1.866774936208542,-1.1271341576269591,-1.0481413688317494,-0.8704685252211887
GWSA,Quick Ratio,Liquidity,3.606801148953278,3.0006817526713,1.6712537665159046,2.7366601993219395
GWSA,ROE,Profitability,-0.0072785663965118,0.0031279036336467,0.0044633259904604,0.0087144900438949
GWSA,ROI,Profitability,-0.0069306922467887,0.0029831524724444,0.0041435978208926,0.0080849837852461
GZCO,Cash Ratio,Liquidity,0.4180640702471052,0.0,0.0,0.4111592083737495
GZCO,Current Ratio,Liquidity,0.7219765945827535,0.8959555966072293,1.0021628356398462,1.6571453389891853
GZCO,DER,Solvency,0.6514495596048925,0.4860144746112059,0.3222206064459837,0.4156916509434802
GZCO,Debt Ratio,Solvency,0.2983125353120029,0.2461768574535059,0.1744118282629463,0.2202969502407704
GZCO,GPM,Profitability,-0.3412258800169073,0.0955420858659712,0.2208858146707984,0.1257413344153837
GZCO,NPM,Profitability,-0.4463142994760692,0.0191584806718125,0.1363460189897263,0.0028766596888746
GZCO,Operating Margin,Profitability,-0.508827201148126,-0.0057841725804763,0.0837772501852282,-0.0014860278448834
GZCO,Quick Ratio,Liquidity,0.5239252976585327,0.7088941955686721,0.5394629762460982,1.4525473050251183
GZCO,ROE,Profitability,-0.1850382830449157,0.0131461221511236,0.0683148186451746,0.0019072715060229
GZCO,ROI,Profitability,-0.112400745146337,0.0088811181017601,0.0521651208086648,0.0013613375061517
HATM,Cash Ratio,Liquidity,0.0,0.0,0.0,0.7667448091382295
HATM,Current Ratio,Liquidity,2.843217470004839,4.897133511916406,11.360844377648265,3.8906935542966794
HATM,DER,Solvency,0.0,0.1216355541011978,0.0,0.1434776513842639
HATM,Debt Ratio,Solvency,0.0,0.1031967463967268,0.0,0.1192298666536681
HATM,GPM,Profitability,0.0,0.3755370726968585,0.4356790620363789,0.4116105748785307
HATM,Interest Coverage Ratio,Solvency,0.0,911.7316351522832,111.35814797482162,22.40753274696976
HATM,NPM,Profitability,0.0,0.3564436422985508,0.3838105083727946,0.3442416218083851
HATM,Operating Margin,Profitability,0.0,0.3626361371339046,0.3884391589071997,0.3637619147679189
HATM,Quick Ratio,Liquidity,2.8283858597829905,3.945040272852679,9.088383899604612,2.990295717498622
HATM,ROE,Profitability,-0.000498682890338,0.2436938955837094,0.2037694835049074,0.2280241546173803
HATM,ROI,Profitability,-0.000498682890338,0.2172665574772984,0.2037694835049074,0.199412865079908
HDFA,DER,Solvency,0.386056490254071,0.8843182910032229,1.5221432556576964,2.9263228271471142
HDFA,Debt Ratio,Solvency,0.25322135882921,0.4347872563680257,0.5896703825744288,0.7324261983193342
HDFA,Free Cash Flow,Liquidity,128939944000.0,-624604393000.0,-449516894000.0,-823035503000.0
HDFA,NPM,Profitability,-2.1812048323932007,0.3535127423826054,0.3400732516805336,-0.4554757217565353
HDFA,ROE,Profitability,-0.1963638759877592,0.0563900056438459,0.0621400310956492,-0.0927207252679457
HDFA,ROI,Profitability,-0.1437139578419808,0.0302048407692714,0.024760956459314,-0.0236644971955178
HDTX,Cash Ratio,Liquidity,0.0,0.0017466025027347,0.0029477168143217,0.0
HDTX,Current Ratio,Liquidity,0.0845541563482617,0.0587186210192535,0.0515210306634182,0.0388974907384801
HDTX,DER,Solvency,3.0411253959503006,-16.181831500686332,-1.8324944130356025,-1.458513884171687
HDTX,Debt Ratio,Solvency,0.271733070023428,0.3048428285994677,0.4381342780050355,0.4768731344501462
HDTX,GPM,Profitability,-4.049546056040808,-3.476144505763713,-5.412919933470347,-1056.3521570875737
HDTX,Interest Coverage Ratio,Solvency,-7.103615965481635,-306.060330846578,-1131.384003808617,-37.41804610616979
HDTX,NPM,Profitability,-4.457952696093253,-3.519082491322045,-9.492914365466522,-526.9297692417945
HDTX,Operating Margin,Profitability,-5.446222897771596,-4.479744042395412,-7.786311868489877,-1440.5444317041708
HDTX,Quick Ratio,Liquidity,0.0209718736272774,0.0120231994487632,0.0164259245911249,0.0117482747914289
HDTX,ROE,Profitability,-1.3768115642224263,6.344499323475337,0.897472015197771,0.1880133101486719
HDTX,ROI,Profitability,-0.3407000350947187,-0.4179007864228053,-1.0780516975786478,-0.4100493281426388
HEAL,Current Ratio,Liquidity,1.52224500526473,1.524788630314544,1.0471462655844308,1.2558343513677297
HEAL,DER,Solvency,0.6006620376978554,0.503816717737625,0.504922948689035,0.5843442872509962
HEAL,Debt Ratio,Solvency,0.2470676710715914,0.2200598434720833,0.2288552239779173,0.2568427397610106
HEAL,GPM,Profitability,0.4833611183951602,0.5049773266855386,0.3485218725327991,0.3587489881720292
HEAL,Interest Coverage Ratio,Solvency,8.089125591000489,12.33593815469706,4.2005320632468734,5.86109916881628
HEAL,NPM,Profitability,0.1071597598030091,0.1697003960120047,0.0609154577594806,0.0756119462954043
HEAL,Operating Margin,Profitability,0.2196983180866486,0.2956537503573854,0.1053398642542244,0.1349736155375283
HEAL,Quick Ratio,Liquidity,1.4669308718636334,1.466263097747039,0.9886511426633297,1.1802110857022892
HEAL,ROE,Profitability,0.1815757525527627,0.3010971589713575,0.0867803758634559,0.1130350638052393
HEAL,ROI,Profitability,0.1136685069283643,0.2003706148420159,0.0577033451769135,0.0714012369906033
HELI,Cash Ratio,Liquidity,0.0,0.0,0.0,0.0
HELI,Current Ratio,Liquidity,1.1021629220239402,1.0266330369899566,0.4922046757962515,0.3064814748552397
HELI,DER,Solvency,1.3242085511739117,1.0671886323895887,2.8890905027616163,2.257888682442585
HELI,Debt Ratio,Solvency,0.5174219645068974,0.496477304368181,0.6945037458821212,0.6091202590720792
HELI,GPM,Profitability,0.2254765507662894,0.3358712491272855,-0.1777890835939282,0.0713219795433895
HELI,Interest Coverage Ratio,Solvency,2.500301383302445,1.4032128677055875,-6.150719333617749,0.963713455498521
HELI,NPM,Profitability,0.045654442404742,0.0540858279350885,-1.920507554416283,0.0094718281848686
HELI,Operating Margin,Profitability,0.1405461454006253,0.2130381037055761,-1.38351948651913,0.1234870381460671
HELI,ROE,Profitability,0.0500518273956609,0.0244483730029445,-1.5691471096742369,0.0118548750749836
HELI,ROI,Profitability,0.0303074652448601,0.0157792191785677,-0.596993986223364,0.0059130026241429
HERO,Current Ratio,Liquidity,0.6760819159611632,0.7728974552079012,0.7553108849005177,0.4799495790647093
HERO,DER,Solvency,0.6699304680895115,4.45535693849992,4.857437818316709,2.1004808037619305
HERO,Debt Ratio,Solvency,0.256801346390772,0.6205738536412436,0.6594172373988993,0.5173121899835351
HERO,GPM,Profitability,0.4991016575296551,0.436019541385839,0.4180203292246184,0.3959186403890364
HERO,NPM,Profitability,-0.3412442724521701,-0.2767776993571519,0.0133232897578294,-0.0259273289328902
HERO,Operating Margin,Profitability,-0.099509374368737,-0.1486610898973264,-0.0001839218494423,0.0031799795861396
HERO,Quick Ratio,Liquidity,0.1692137370601595,0.513714778970908,0.4240250336045025,0.1709602508088113
HERO,ROE,Profitability,-0.654882114943322,-1.102659586642558,0.0630088537080898,-0.0930659478551842
HERO,ROI,Profitability,-0.5072976649560469,-0.3832915642329204,0.0182793574161571,-0.0383694974035667
HEXA,Current Ratio,Liquidity,0.0,3.0449886976177067,1.962062600391744,1.4206272376922415
HEXA,DER,Solvency,0.0,0.0064636071597438,0.0299007161184591,0.6306891731462898
HEXA,Debt Ratio,Solvency,0.0,0.0043973400551361,0.0156746411028418,0.2256340281715286
HEXA,GPM,Profitability,0.0,0.2631096067002937,0.2512634075514652,0.1982017823393478
HEXA,Interest Coverage Ratio,Solvency,0.0,84.52832268018514,183.29495620846012,17.823418805895265
HEXA,NPM,Profitability,0.0,0.0969555373381505,0.1189031985498437,0.0818722159403345
HEXA,Operating Margin,Profitability,0.0,0.1159021086762697,0.1491029496517165,0.1103744901162593
HEXA,Quick Ratio,Liquidity,0.0,1.5140692826403557,0.9608882878311306,0.6515239261947567
HEXA,ROE,Profitability,0.0,0.1468414067762938,0.3449105356298278,0.3114128306224299
HEXA,ROI,Profitability,0.0,0.1468414067762938,0.3375447379963728,0.1922190430636501
HILL,Current Ratio,Liquidity,0.797122589509674,0.6768740292527337,0.7159855914368024,0.5937603463049828
HILL,DER,Solvency,11.637842182402723,1.8909749762161816,1.7554797818759191,1.4988622399634686
HILL,Debt Ratio,Solvency,0.5775676111131098,0.3679177906123069,0.390043898293371,0.4695311222343348
HILL,GPM,Profitability,0.3340077284505299,0.4103900581767846,0.2637714365509327,0.2142278757846509
HILL,Interest Coverage Ratio,Solvency,5.416197516008423,7.57403646662349,4.624637204972346,1.618952718285222
HILL,NPM,Profitability,0.0845526958504135,0.2034982692141925,0.0921856286416604,0.0867770310953623
HILL,Operating Margin,Profitability,0.2716150816422859,0.3604087346335105,0.2179534645288069,0.1566501423222603
HILL,Quick Ratio,Liquidity,0.741424485948459,0.6329033863901328,0.6743334799634287,0.5471049024849811
HILL,ROE,Profitability,1.3607236852473483,0.8630501010144199,0.3917813032783685,0.2251648918294206
HILL,ROI,Profitability,0.1861480914549355,0.4738165911392955,0.2246303705770949,0.1221800004106563
HITS,Cash Ratio,Liquidity,0.0600883858658784,0.0021476199046601,0.1890530708425083,0.2888378089506802
HITS,Current Ratio,Liquidity,0.5810838227642791,0.834914908909494,1.0668903854720757,1.810673754735892
HITS,DER,Solvency,1.288119871692855,1.7888446788861585,0.8535624590556053,1.1745150717920505
HITS,Debt Ratio,Solvency,0.2993631987527555,0.3322458375103973,0.2109719590387454,0.278856192855927
HITS,GPM,Profitability,0.3181208136975144,0.1594046605138309,0.2756821091097488,0.2649830172381854
HITS,Interest Coverage Ratio,Solvency,2.8323521538685954,-1.3949218321307406,3.658844015568744,2.907484281332
HITS,NPM,Profitability,0.0485308417829655,-0.1643790837599067,0.0700381530187971,0.048531621504444
HITS,Operating Margin,Profitability,0.188905490631729,-0.0408374284528288,0.1687119229909971,0.1198242257456654
HITS,Quick Ratio,Liquidity,0.5285609612736426,0.7612674870349594,0.9944170357665648,1.7011733575655748
HITS,ROE,Profitability,0.0845256305820141,-0.3364130899388463,0.1383282434370146,0.0845795605056345
HITS,ROI,Profitability,0.0449318797092902,-0.1663569074809894,0.0831004807332682,0.0501803651282624
HMSP,Cash Ratio,Liquidity,0.8182215614416627,0.5837295034628758,6.762924539532431e-06,0.0
HMSP,Current Ratio,Liquidity,2.45413553431072,1.8813794264582293,1.6851496036315112,1.71937464371057
HMSP,DER,Solvency,0.0103001095252584,0.0118854843785188,0.0172035537736232,0.0149076394852026
HMSP,Debt Ratio,Solvency,0.0062706810782213,0.0065351516849704,0.0088456581080414,0.0080498748071634
HMSP,GPM,Profitability,0.2030964820096162,0.1700468645271579,0.1542846343853788,0.1666652268052465
HMSP,NPM,Profitability,0.0928467243947836,0.07218318676681,0.0568624124157287,0.0698100945218153
HMSP,Operating Margin,Profitability,0.1125467391418423,0.0846092670098778,0.0697157711129067,0.0772875794001664
HMSP,Quick Ratio,Liquidity,1.601715473290048,1.3119043533405794,1.197883334988756,1.127938352509093
HMSP,ROE,Profitability,0.2837623463919988,0.2444930881369674,0.2244837162490475,0.2710696634496326
HMSP,ROI,Profitability,0.2837623463919988,0.2444930881369674,0.2244837162490475,0.2710696634496326
HOKI,Current Ratio,Liquidity,2.244000841252296,1.602822697585075,3.269089142877756,1.7499700245008931
HOKI,DER,Solvency,0.3241193025720241,0.4408553794993933,0.1552421590987339,0.4451726720283345
HOKI,Debt Ratio,Solvency,0.2380808309632527,0.3010127969611155,0.1282839976538433,0.2808922273774016
HOKI,GPM,Profitability,0.1223411628357564,0.121140185505137,0.1018656634760933,0.0803899938346675
HOKI,Interest Coverage Ratio,Solvency,3.70067591438548,1.6236036527412023,0.993123191221099,0.5199056368744966
HOKI,NPM,Profitability,0.032427669097278,0.0129778628654125,0.001941369902289,-0.001141085515137
HOKI,Operating Margin,Profitability,0.0577222031875707,0.0388340052692563,0.0193132024938048,0.0065966493983357
HOKI,Quick Ratio,Liquidity,1.4670446312166856,1.0702640200954634,2.871690574616097,1.1956502634810535
HOKI,ROE,Profitability,0.0571629575273354,0.0179683763517895,0.0026796369872919,-0.0022204124488434
HOKI,ROI,Profitability,0.0437926379946733,0.0126230112987656,0.0023545508083107,-0.0015500347391388
HOMI,Cash Ratio,Liquidity,0.0,0.0,0.0,0.0
HOMI,Current Ratio,Liquidity,1.3125659637791924,0.9983127431432152,1.123250489395698,1.3315464581395482
HOMI,DER,Solvency,0.387911722806916,0.2810587864817007,0.2525107217388385,0.1230880228544529
HOMI,Debt Ratio,Solvency,0.1890139375236376,0.1266634273431875,0.1206912846742853,0.0725685232933581
HOMI,GPM,Profitability,0.3686803903652959,0.4457805375904256,0.3777308710167877,0.3009582559517037
HOMI,Interest Coverage Ratio,Solvency,2.519268023251866,1.9463898401897883,2.546222470321585,2.280451334710541
HOMI,NPM,Profitability,0.0433442168381104,0.0852808666571994,0.0944821111409138,0.0680185791335326
HOMI,Operating Margin,Profitability,0.0957533374928689,0.2087328777969581,0.1771401952893288,0.1473031822451753
HOMI,Quick Ratio,Liquidity,0.1477695151021356,0.1555287108967244,0.0686333357178974,0.0708766945625432
HOMI,ROE,Profitability,0.0109279842449352,0.0447765262475718,0.0553737397615076,0.0328296397514708
HOMI,ROI,Profitability,0.0078736882651545,0.034952749022975,0.0442101922166648,0.0292315821052304
HOTL,Current Ratio,Liquidity,0.8774973798109835,0.0,0.0,0.0
HOTL,DER,Solvency,2.4117438076645565,0.0,0.0,0.0
HOTL,Debt Ratio,Solvency,0.5895984124667228,0.0,0.0,0.0
HOTL,GPM,Profitability,0.1699679192149833,0.0,0.0,0.0
HOTL,Interest Coverage Ratio,Solvency,-2.2080332627377444,0.0,0.0,0.0
HOTL,NPM,Profitability,-0.825895489617169,0.0,0.0,0.0
HOTL,Operating Margin,Profitability,-0.5789288675568204,0.0,0.0,0.0
HOTL,Quick Ratio,Liquidity,0.1048543435062856,0.0,0.0,0.0
HOTL,ROE,Profitability,-0.1482170672929758,0.0,0.0,0.0
HOTL,ROI,Profitability,-0.043443199621262,0.0,0.0,0.0
HRME,Cash Ratio,Liquidity,0.0,0.0,0.0346654549467029,0.0308488529546804
HRME,Current Ratio,Liquidity,1.2121873383921915,1.1182588430066207,1.2032647226744706,0.7292410276243704
HRME,DER,Solvency,0.2904688785911087,0.3267851672483407,0.3391215215038823,0.3707189616504157
HRME,Debt Ratio,Solvency,0.2135198320344894,0.231401620503223,0.2363630588241554,0.2583823672616071
HRME,GPM,Profitability,0.5205981187993508,0.5575847360221734,0.5038615949389164,0.5923620881562363
HRME,Interest Coverage Ratio,Solvency,-1.1318292661465952,-0.6956751490966205,-0.2928465141721965,0.7677270875393029
HRME,NPM,Profitability,-0.5624065538621678,-0.4439572727079302,-0.2638351920374423,-0.2162204605866734
HRME,Operating Margin,Profitability,-0.4318495732600793,-0.1809916765906266,-0.0585588662618518,0.0978577812980202
HRME,Quick Ratio,Liquidity,1.1986240849621308,1.102212701691452,1.1849535631671366,0.7144398838930456
HRME,ROE,Profitability,-0.0388989616726013,-0.0449728474488967,-0.0342363767929251,-0.0370445500386883
HRME,ROI,Profitability,-0.0301432776240756,-0.0338961035735478,-0.0255662956969554,-0.0272463643607955
HRTA,Cash Ratio,Liquidity,0.0477826139100144,0.011011318534857,0.0,0.0
HRTA,Current Ratio,Liquidity,12.75717572733465,4.659363965319554,3.7562866657200567,2.2100755893246933
HRTA,DER,Solvency,1.047180778948417,1.2528000909742492,1.192866219158388,1.4218626910185057
HRTA,Debt Ratio,Solvency,0.5008077712845179,0.5441841318004799,0.5322302130515731,0.5561056917642202
HRTA,GPM,Profitability,0.1018932962241258,0.1093144162067433,0.1073682165207265,0.0736356474329377
HRTA,Interest Coverage Ratio,Solvency,3.121241562204571,0.0,0.0,0.0
HRTA,NPM,Profitability,0.0413592958265345,0.037033145463542,0.0366441742234456,0.0237850345507739
HRTA,Operating Margin,Profitability,0.0861371692722663,0.0813718541502648,0.0794103472605832,0.052209890963969
HRTA,Quick Ratio,Liquidity,5.674633816483439,1.95515005939169,1.2972654224212212,0.7263824906263748
HRTA,ROE,Profitability,0.1264410939840642,0.1283941719651955,0.147621124061003,0.1554615739238894
HRTA,ROI,Profitability,0.0618090601922017,0.05701483439314,0.0674152343386017,0.064323126315578
HRUM,Cash Ratio,Liquidity,1.770601707774154,0.1029132532298434,0.7128675838341669,0.0279552438855819
HRUM,Current Ratio,Liquidity,10.07430630054906,3.072964115931451,2.3006124632314213,1.6831152042679447
HRUM,DER,Solvency,0.0062916619103465,0.2138003231739184,0.0030799439000496,0.2350896108532852
HRUM,Debt Ratio,Solvency,0.0046668270669966,0.1147937399346753,0.0017685960612304,0.1275138570328456
HRUM,GPM,Profitability,0.2739662786076765,0.5195700197287121,0.598709115202334,0.4131748212038214
HRUM,NPM,Profitability,0.3738762533523599,0.2206044975012264,0.3336366609933633,0.1631995035354922
HRUM,Operating Margin,Profitability,0.0398800912794765,0.3934287844049036,0.4864518493502364,0.3097244475469874
HRUM,Quick Ratio,Liquidity,9.591980207408346,2.808718966047016,2.109226897398257,1.380195143288251
HRUM,ROE,Profitability,0.1595106444510433,0.1579183256065885,0.4109244711667821,0.1705164035351536
HRUM,ROI,Profitability,0.1595106444510433,0.1303751871611696,0.4109244711667821,0.1382250151253729
HUMI,Cash Ratio,Liquidity,0.0,0.0,0.2465628935152441,0.3154286339226572
HUMI,Current Ratio,Liquidity,0.7983107502541187,0.9950914543545184,1.2323618613611325,1.8108283357177748
HUMI,DER,Solvency,0.6309419482560421,0.811002443983291,0.3155471641057664,0.5134793204337942
HUMI,Debt Ratio,Solvency,0.2622221975595263,0.3058675174192514,0.1708553271244949,0.2690958738398673
HUMI,GPM,Profitability,0.3307059641243408,0.1155590779092451,0.290726502650878,0.2739868709249648
HUMI,Interest Coverage Ratio,Solvency,4.120478131506106,-2.166196178582296,4.295997775603913,4.170007086780178
HUMI,NPM,Profitability,0.1034748314117544,-0.2049291354488418,0.0821765491006911,0.097895051774971
HUMI,Operating Margin,Profitability,0.2305854332651362,-0.082441426587482,0.1823179169568698,0.1423320924957312
HUMI,Quick Ratio,Liquidity,0.7191129570517872,0.9049120860526344,1.1505597931658886,1.7013039077629075
HUMI,ROE,Profitability,0.0805441602768631,-0.1719814805115735,0.0648684756929215,0.0731312231646359
HUMI,ROI,Profitability,0.0588875908859384,-0.1214442955611732,0.0522802293423129,0.0564047278733161
IATA,Current Ratio,Liquidity,0.4315081288574265,0.5060559178060321,0.3204595588822935,0.3867742091455669
IATA,DER,Solvency,4.015235903748567,1.6960406337168674,0.469392392367482,0.7086454833713636
IATA,Debt Ratio,Solvency,0.4719745309107793,0.2718114128214705,0.1958504984799683,0.297090427677659
IATA,GPM,Profitability,0.2482955404739717,0.4790681134121184,0.6422091654953151,0.5363986272255994
IATA,NPM,Profitability,-0.2682313025489132,-0.0400844905221665,0.1756543310691456,0.1551036086282924
IATA,Operating Margin,Profitability,-0.1076509230410413,0.2429707908217528,0.3562386786061993,0.2159126124136083
IATA,Quick Ratio,Liquidity,0.3137299834352045,0.3749616507373218,0.1512242609873923,0.1513713190263493
IATA,ROE,Profitability,-0.5355578622624251,-0.1980064600847189,0.4484826412783977,0.2563530386427256
IATA,ROI,Profitability,-0.1080115528672584,-0.0743134509680939,0.3102323796845408,0.1507605771116298
IBOS,Current Ratio,Liquidity,1.977233652444517,1.2839172748498004,4.413158009573228,3.7818147305107206
IBOS,DER,Solvency,0.0376545980670629,0.1250673019034603,0.0642368658167,0.0668714990011655
IBOS,Debt Ratio,Solvency,0.0285519347837051,0.1028584688121659,0.0568867984184991,0.0593763574075974
IBOS,GPM,Profitability,0.4492100507462256,0.4012506523793623,0.4416793126977718,0.4382910029697874
IBOS,Interest Coverage Ratio,Solvency,15.660054020877912,7.469173403957004,4.544208786982445,4.597288348397572
IBOS,NPM,Profitability,0.1071291971551298,0.0646630870231776,0.089937383550935,0.083053318487749
IBOS,Operating Margin,Profitability,0.1628382540333627,0.112052356234138,0.2083123103758047,0.1478163602720958
IBOS,Quick Ratio,Liquidity,1.0943873546999876,0.4138034986658493,3.4467435570687317,2.3591696097410315
IBOS,ROE,Profitability,0.0363812576957572,0.0241882840266108,0.0216444672134771,0.0200427575467179
IBOS,ROI,Profitability,0.0354181573060346,0.0218131672495071,0.0205427440497137,0.0189434390423177
IBST,Current Ratio,Liquidity,1.1553468760500367,2.808641387992216,1.945259650639799,0.0
IBST,DER,Solvency,0.5865594713459525,0.3756437991607438,0.5331760149127915,0.0
IBST,Debt Ratio,Solvency,0.349353187741333,0.2590899260755578,0.3330261197509533,0.0
IBST,GPM,Profitability,0.4950611410112663,0.5022420725028744,0.5231555154274662,0.0
IBST,NPM,Profitability,0.0598820191691857,0.0649615197161921,0.0381596827625825,0.0
IBST,Operating Margin,Profitability,0.3371115580144921,0.3085395647144249,0.361811856764225,0.0
IBST,Quick Ratio,Liquidity,1.0619873034445533,2.6775661398355206,1.870143069955712,0.0
IBST,ROE,Profitability,0.0108361479684975,0.0096207207787677,0.0070488767511396,0.0
IBST,ROI,Profitability,0.0077121597697782,0.0077775838570128,0.0050824334064954,0.0
ICBP,Cash Ratio,Liquidity,0.0007517302437053,0.0160808563318219,0.0613650576767738,0.2411965530175431
ICBP,Current Ratio,Liquidity,2.257612549209016,1.7991848914272566,3.096528430770181,3.514208171173689
ICBP,DER,Solvency,1.077949450109073,1.2247714872396598,1.25980084456346,1.07951287269508
ICBP,Debt Ratio,Solvency,0.3062542617616415,0.3537885012225236,0.3989925600796825,0.3688388570874329
ICBP,GPM,Profitability,0.3692964832179585,0.3571470206016214,0.3363136018979493,0.3699940602181116
ICBP,Interest Coverage Ratio,Solvency,13.721692056461537,6.354446220817091,6.226050039629405,7.1059982328359625
ICBP,NPM,Profitability,0.1412255359270658,0.112658634600652,0.0707954144415042,0.1029389219695667
ICBP,Operating Margin,Profitability,0.2019220279955973,0.2097569538255522,0.1980326066820215,0.2214447492715384
ICBP,Quick Ratio,Liquidity,1.7577370020849672,1.4892158093933825,2.38570849821132,2.9093394876352523
ICBP,ROE,Profitability,0.2238138589931034,0.1877216485772954,0.1256175806291773,0.1715470676943695
ICBP,ROI,Profitability,0.108095247058564,0.0845747220075764,0.055701739506174,0.0827171058206944
IDPR,Cash Ratio,Liquidity,0.0,0.0,0.0,0.0
IDPR,Current Ratio,Liquidity,1.401524709958488,1.2028692603140216,1.2741880009580857,1.2862037693545962
IDPR,DER,Solvency,0.5947405822293078,0.7309872350220346,0.8662184393550647,0.8246251969959322
IDPR,Debt Ratio,Solvency,0.3033238718109199,0.3065655768798889,0.3484131126697802,0.3218894409755531
IDPR,GPM,Profitability,-0.3537049447787574,0.0240097698949762,0.1397546800484327,0.1494692642880429
IDPR,Interest Coverage Ratio,Solvency,-7.933309142331127,-2.601859300372615,1.087924821903864,1.8288904665375156
IDPR,NPM,Profitability,-0.5897953392738204,-0.1572311633327889,-0.0070174538502154,0.029608199556058
IDPR,Operating Margin,Profitability,-0.5496738039229584,-0.129205378527737,0.0251466331699995,0.0577466600786463
IDPR,Quick Ratio,Liquidity,0.943067443692244,0.8709885904815526,1.0263107196232348,1.0521700126952087
IDPR,ROE,Profitability,-0.4999944797757029,-0.2184242607949056,-0.0119907565456994,0.0582644500887472
IDPR,ROI,Profitability,-0.3189442982072625,-0.1282792988780646,-0.0064956724657669,0.0321986104262978
IFII,Current Ratio,Liquidity,5.868214689461,6.413464021900944,2.7990523244104164,1.4889566788449098
IFII,DER,Solvency,0.003879407849669,0.0117445440283768,0.4626366203023164,0.4613813467002699
IFII,Debt Ratio,Solvency,0.0036095697960808,0.0109807061825537,0.3025823237597198,0.2973561403970914
IFII,GPM,Profitability,0.2977108185857983,0.2970389154590961,0.3059281878253403,0.2655444882166705
IFII,NPM,Profitability,0.1078937858934659,0.1152415094674189,0.1119974923478586,0.1022330643856981
IFII,Operating Margin,Profitability,0.1614053831420252,0.1465926521661383,0.1739341117281821,0.1352761918106443
IFII,Quick Ratio,Liquidity,2.9939780460354504,2.802646028534092,0.8481654205270062,0.594988481673443
IFII,ROE,Profitability,0.0736213142838243,0.0760123718979784,0.0850064993318449,0.0826452883809181
IFII,ROI,Profitability,0.0736213142838243,0.075417866385812,0.0582303216820989,0.0566092038628894
IFSH,Cash Ratio,Liquidity,0.0054591661049552,0.0,0.0,0.0886900240965878
IFSH,Current Ratio,Liquidity,1.275930539557173,1.759454010020137,1.965632366995923,1.8468272253964275
IFSH,DER,Solvency,0.0912099631287441,0.0846904626386001,0.1328190114340779,0.1610368488790317
IFSH,Debt Ratio,Solvency,0.0418420117598523,0.0536536358861639,0.0951884641210572,0.1170862716120814
IFSH,GPM,Profitability,0.5051629405411793,0.4722856856441925,0.5951965313573329,0.4800461210816281
IFSH,Interest Coverage Ratio,Solvency,1.1489533021104028,12.003423466105591,24.918685830306806,43.64958495854866
IFSH,NPM,Profitability,0.0805278059516828,0.187052691168949,0.2121201029088534,0.1474030204591046
IFSH,Operating Margin,Profitability,0.030003603363728,0.0871568482947525,0.1702351307535015,0.2006551966146641
IFSH,Quick Ratio,Liquidity,0.4938929282107688,0.9171048804937274,0.9610996405033476,1.6942325737650217
IFSH,ROE,Profitability,0.0605700604724829,0.264342776324346,0.2538322493970343,0.270923700671052
IFSH,ROI,Profitability,0.0559250378796628,0.2445962941361858,0.2266876269755985,0.2355970384893428
IGAR,Cash Ratio,Liquidity,4.185538511276939,2.315892536135309,4.548748025600089,7.621712925385835
IGAR,Current Ratio,Liquidity,10.479785873557208,7.247705407300528,13.87037200634986,13.607555335612307
IGAR,DER,Solvency,0.0,0.0,0.0,0.0026618852764554
IGAR,Debt Ratio,Solvency,0.0,0.0,0.0,0.0017485795859398
IGAR,GPM,Profitability,0.1742827227449825,0.1842041946412654,0.1634659370085952,0.1344858466291053
IGAR,Interest Coverage Ratio,Solvency,75.01178946159007,513.441965711615,439.1393167236071,163.59668675416145
IGAR,NPM,Profitability,0.0596723185509419,0.0755220414404464,0.0659537132271202,0.0447705286033561
IGAR,Operating Margin,Profitability,0.111033529031223,0.135564695097276,0.1208661914093088,0.0731893447322599
IGAR,Quick Ratio,Liquidity,7.92993667806963,5.574133483141797,9.43003102271282,11.340715707507602
IGAR,ROE,Profitability,0.1037114300145512,0.1481436334063536,0.1271017035210584,0.0643276267759323
IGAR,ROI,Profitability,0.1037114300145512,0.1481436334063536,0.1271017035210584,0.0643276267759323
IIKP,Current Ratio,Liquidity,98.6343459037516,56.68210366209917,27.37245020199638,64.69681826905318
IIKP,GPM,Profitability,-0.5060104224825097,-0.2989581329699207,-2.104130353103998,-0.7902177907771528
IIKP,Interest Coverage Ratio,Solvency,-1063.5373139862995,0.0,0.0,0.0
IIKP,NPM,Profitability,-2.6497120087957584,-2.3805047873532827,-7.25254627288612,-3.250969024247888
IIKP,Operating Margin,Profitability,-1.311158800663423,-0.9649744077209504,-3.6551443257293785,-1.6745311057126324
IIKP,Quick Ratio,Liquidity,75.32933492932823,37.98010750593343,10.265234809237516,7.373363151489325
IIKP,ROE,Profitability,-0.1306389334704742,-0.1595719274802117,-0.2125764466072904,-0.1815512611183546
IIKP,ROI,Profitability,-0.1306389334704742,-0.1595719274802117,-0.2125764466072904,-0.1815512611183546
IKAI,Cash Ratio,Liquidity,0.0,0.0,0.0092343666672538,0.0065777021160427
IKAI,Current Ratio,Liquidity,0.4798250525359211,0.8740285734185107,0.3483121992211331,0.4745434516623408
IKAI,DER,Solvency,0.356729987033734,0.3795207115928894,0.3724281533926319,0.3034094191475926
IKAI,Debt Ratio,Solvency,0.2309591432046057,0.2329533979102929,0.221947212838645,0.1880027074955844
IKAI,GPM,Profitability,0.4798038347439334,0.43525795850042,0.4470821843099141,0.4856934937100856
IKAI,Interest Coverage Ratio,Solvency,-2.364348455624144,-0.8836741373004712,0.1166701835708685,0.0545055623182008
IKAI,NPM,Profitability,-0.7644382569556272,-0.3004605317990013,-0.1638810560555693,0.043543401703287
IKAI,Operating Margin,Profitability,-0.5371375588887725,-0.0831480878794188,0.0073999253139712,-0.0132235971736825
IKAI,Quick Ratio,Liquidity,0.2160361383666631,0.7324681829300834,0.2971598360791074,0.3716854400929202
IKAI,ROE,Profitability,-0.085059921729903,-0.0733581478156516,-0.0515638054812404,0.0123653365299664
IKAI,ROI,Profitability,-0.0627434104649023,-0.0531894307782618,-0.0376759577918614,0.0095036937162773
IKBI,Current Ratio,Liquidity,0.0,2.034643465946746,1.3754709208823812,1.4921456867139622
IKBI,DER,Solvency,0.0,0.0597470742044471,0.2714906679930925,0.3103177583081828
IKBI,Debt Ratio,Solvency,0.0,0.0421911924050537,0.1631671233523191,0.1830092082839549
IKBI,GPM,Profitability,0.0,0.0368224513975966,0.0313733640770156,0.059431987992169
IKBI,Interest Coverage Ratio,Solvency,0.0,-8.535955279561216,-6.053237869067451,6.245880544175917
IKBI,NPM,Profitability,0.0,-0.0086465220199996,-0.0021125256460088,0.0154167130791887
IKBI,Operating Margin,Profitability,0.0,-0.0136638491964226,-0.0037177042771977,0.0244748225970526
IKBI,Quick Ratio,Liquidity,0.0,1.199044308244832,0.7382140108551395,0.8531299652210789
IKBI,ROE,Profitability,0.0,-0.0194034747554048,-0.007281409549714,0.0498285248998405
IKBI,ROI,Profitability,0.0,-0.0183095336875272,-0.0057266716406239,0.03802781774413
IMAS,Cash Ratio,Liquidity,0.0453444299259915,0.0258678584912829,0.0,0.0
IMAS,Current Ratio,Liquidity,0.7558050241934875,0.715262666026545,0.0,0.0
IMAS,DER,Solvency,2.825629537024446,2.8710433820644483,0.0,0.0
IMAS,Debt Ratio,Solvency,0.632274322590774,0.6199831850385805,0.0,0.0
IMAS,GPM,Profitability,0.2203502383977966,0.1926147047235214,0.0,0.0
IMAS,Interest Coverage Ratio,Solvency,0.4727180632420007,0.778136748782025,0.0,0.0
IMAS,NPM,Profitability,-0.0358423329721703,-0.0138085042525434,0.0,0.0
IMAS,Operating Margin,Profitability,0.0789629915801435,0.0820611426495808,0.0,0.0
IMAS,Quick Ratio,Liquidity,0.6314367713212607,0.5727478154640058,0.0,0.0
IMAS,ROE,Profitability,-0.050395827153799,-0.0240309298682354,0.0,0.0
IMAS,ROI,Profitability,-0.0131925860573157,-0.006216410282609,0.0,0.0
IMJS,Cash Ratio,Liquidity,0.0981602444204119,0.0419018274708684,0.1279519486728745,0.0
IMJS,Current Ratio,Liquidity,0.8595778185733843,0.8263687034743474,0.7144325560666184,0.0
IMJS,DER,Solvency,5.526900941353607,5.463414947018515,5.423141562986755,0.0
IMJS,Debt Ratio,Solvency,0.7857708015244047,0.7899220866803556,0.7857393694535276,0.0
IMJS,GPM,Profitability,0.3823867322881131,0.3473378072434087,0.4124307498090122,0.0
IMJS,Interest Coverage Ratio,Solvency,1.6018748627292765,1.8269915379868575,1.7336927364538923,0.0
IMJS,NPM,Profitability,-0.0147377445112154,-0.0015177236300954,0.0300510642625348,0.0
IMJS,Operating Margin,Profitability,0.0953709195534917,0.125188905786205,0.1807552072193688,0.0
IMJS,Quick Ratio,Liquidity,0.8510221704192111,0.8215125745338194,0.7097412144823355,0.0
IMJS,ROE,Profitability,-0.0181660443748862,-0.001718403863991,0.0371655868831886,0.0
IMJS,ROI,Profitability,-0.0027983385565981,-0.0002666745793745,0.0058025561522946,0.0
IMPC,Cash Ratio,Liquidity,0.046025862438109,0.0281351834203074,0.0333455093187249,0.0431820893885454
IMPC,Current Ratio,Liquidity,2.0743727327240946,2.1623944640030035,2.448446268634984,2.3840409478433835
IMPC,DER,Solvency,0.6128656366104513,0.4159724904510506,0.2771092269655419,0.2055724908583251
IMPC,Debt Ratio,Solvency,0.2834431796738125,0.2149198700822864,0.1619638252208808,0.1299152385972635
IMPC,GPM,Profitability,0.362270211757658,0.359085367465655,0.348476467527013,0.411171741116616
IMPC,NPM,Profitability,0.0695741802448309,0.0862317465297068,0.1094509684409028,0.1505113052379637
IMPC,Operating Margin,Profitability,0.1323436436748739,0.1387756796895813,0.1590887824460144,0.2119069413930596
IMPC,Quick Ratio,Liquidity,1.0820357811836998,0.9484700732416894,1.1413230455383314,1.266586450320909
IMPC,ROE,Profitability,0.100258866949248,0.1300647449294612,0.1530984569529597,0.1893884811404105
IMPC,ROI,Profitability,0.0636640329829882,0.0943955562049086,0.1230442452905113,0.1605034102994726
INAF,Cash Ratio,Liquidity,0.0717058502060368,0.0334867845027885,0.0,0.0
INAF,Current Ratio,Liquidity,1.3561161535570587,1.3503690322200244,0.8765091195469084,0.0
INAF,DER,Solvency,1.0631411890535605,1.1899328983582758,7.2628462366475155,0.0
INAF,Debt Ratio,Solvency,0.2670189543882447,0.3006332659526426,0.4088741033307965,0.0
INAF,GPM,Profitability,0.2335058659321823,0.1556361406963262,-0.0962397682775082,0.0
INAF,Interest Coverage Ratio,Solvency,1.52058750030058,1.210036714122486,-12.592743623877189,0.0
INAF,NPM,Profitability,1.6076654509187448e-05,-0.0129499703700268,-0.3744951244342719,0.0
INAF,Operating Margin,Profitability,0.0381800881575743,0.0194850258394902,-0.4065650186358058,0.0
INAF,Quick Ratio,Liquidity,1.1831050228996984,1.0310637486634466,0.6288871310815649,0.0
INAF,ROE,Profitability,6.409368537817171e-05,-0.0739345887116128,-4.961409077231996,0.0
INAF,ROI,Profitability,3.1237007256712307e-05,-0.0339817553433727,-0.60416398851952,0.0
INAI,Cash Ratio,Liquidity,0.1014839017652282,0.0403339426401821,0.0693950318251251,0.0248153763700998
INAI,Current Ratio,Liquidity,1.1123115908668055,1.060862267544444,1.001822938172425,0.9583652526852168
INAI,DER,Solvency,2.2440847148466694,1.8436505453953589,2.807451665154303,2.9124422167151085
INAI,Debt Ratio,Solvency,0.5166716880439435,0.4602405355140322,0.537156210926443,0.5401873088844832
INAI,GPM,Profitability,0.1089524920819983,0.1160199054569967,0.0447394595462665,0.0926370673082204
INAI,Interest Coverage Ratio,Solvency,0.5020492078672478,1.5790959468121333,-0.3782612708209019,0.497956431790067
INAI,NPM,Profitability,0.0038794246271981,0.0030241354469864,-0.0791963176663414,-0.0457828888566041
INAI,Operating Margin,Profitability,0.0570388152804314,0.0582308516469176,-0.0203187001890807,0.023563832060532
INAI,Quick Ratio,Liquidity,0.7568669303730293,0.6164374935546869,0.5438559154249887,0.5087542117004085
INAI,ROE,Profitability,0.0124191999048666,0.0111722173346228,-0.3830573181435742,-0.2111409833838398
INAI,ROI,Profitability,0.0038451154717592,0.0039417088570459,-0.1008309057278738,-0.0541575479728581
INCO,Cash Ratio,Liquidity,0.4400659573144173,1.5518197470759365,2.969795302761099,2.456592856450742
INCO,Current Ratio,Liquidity,4.330607927322506,4.966906133111679,5.654751226869441,4.766914136217453
INCO,DER,Solvency,3.266715436418334e-05,0.0022052021605504,0.0024350573516734,0.0033616204406487
INCO,Debt Ratio,Solvency,2.8513931647785543e-05,0.001921282030129,0.0021571669558439,0.0029463441375065
INCO,GPM,Profitability,0.1626413544924837,0.2610761518883226,0.2658582121188484,0.281614395628206
INCO,Interest Coverage Ratio,Solvency,64.5055900621118,80.95245009074411,71.21178010471205,43.48848589522164
INCO,NPM,Profitability,0.1082963710731957,0.1739420084895307,0.1699102634104652,0.2226261763925396
INCO,Operating Margin,Profitability,0.1374564560166539,0.2299202454116457,0.2336712303680014,0.2501844168006343
INCO,Quick Ratio,Liquidity,3.4315537303216974,4.004945674761029,4.764932386496724,4.047363734098659
INCO,ROE,Profitability,0.0409918342013227,0.0769555677989427,0.0851042777001575,0.1069721357110464
INCO,ROI,Profitability,0.0409918342013227,0.0769555677989427,0.0851042777001575,0.1069721357110464
INDF,Cash Ratio,Liquidity,0.0806829455736415,0.0764284118239146,0.159278761900937,0.212693072938301
INDF,Current Ratio,Liquidity,1.373263141903515,1.3410602482899707,1.786004412818328,1.9171425764155523
INDF,DER,Solvency,1.263039826642084,1.2780406989291897,1.230392593128023,1.0929104926623687
INDF,Debt Ratio,Solvency,0.3280714049330316,0.3460140086697386,0.3671664653919204,0.3467140432862984
INDF,GPM,Profitability,0.327354351112911,0.3280144072383746,0.3065198558747559,0.3227332462869083
INDF,Interest Coverage Ratio,Solvency,6.871204043902054,5.949892767306991,6.1424013589125455,5.578919175798844
INDF,NPM,Profitability,0.0789858799674823,0.0771272468202875,0.0573768690200453,0.0729342491891332
INDF,Operating Margin,Profitability,0.1585234201528911,0.1763098398562481,0.1695619676905602,0.1803380286426013
INDF,Quick Ratio,Liquidity,0.9469022148547632,1.0055135453438526,1.2233851447093145,1.4317057307015777
INDF,ROE,Profitability,0.1523478217857438,0.1578684956992974,0.1181025438083571,0.1376348083514519
INDF,ROI,Profitability,0.0674847660868297,0.0694573106377234,0.0530331923080473,0.065886867845404
INDR,Cash Ratio,Liquidity,0.0137026338017705,0.0237338012559754,0.0496955387527378,0.0
INDR,Current Ratio,Liquidity,1.0913740796987872,1.2434347767685678,1.3865420230177656,1.0112478669694147
INDR,DER,Solvency,0.4852822485016341,0.3279689377928385,0.2856149629376706,0.2865735483216955
INDR,Debt Ratio,Solvency,0.2391779655628363,0.1664676365260848,0.1513808856078738,0.1434511907635575
INDR,GPM,Profitability,0.0540444381194472,0.1467831520794835,0.0863236008511372,-0.0268798164015778
INDR,NPM,Profitability,0.0105799946011658,0.0956563198748386,0.0454396983382153,-0.0519432751586674
INDR,Operating Margin,Profitability,0.0197089924573338,0.1219114001256504,0.0629073013247052,-0.0540232612622987
INDR,Quick Ratio,Liquidity,0.5548624102907382,0.6920429593592957,0.6114971057050639,0.3926688485792869
INDR,ROE,Profitability,0.0165536463271208,0.1840057866946861,0.0922714374000406,-0.0992808536291683
INDR,ROI,Profitability,0.011178734037085,0.1388467629413638,0.0718870559067634,-0.0773057931295529
INDS,Cash Ratio,Liquidity,1.420084035661935,0.0430550600967106,0.0442181481472418,0.0060133407165593
INDS,Current Ratio,Liquidity,6.166799345527261,2.8781510133003696,2.532065550621426,2.6154291288054137
INDS,DER,Solvency,0.0113672447793648,0.1144785090613001,0.1709674514113811,0.1183247207756237
INDS,Debt Ratio,Solvency,0.0102609098706212,0.0890911328727029,0.125411759426848,0.0888599992900415
INDS,GPM,Profitability,0.1606917365407855,0.1789413499651487,0.1622565340517277,0.1690282975802933
INDS,Interest Coverage Ratio,Solvency,64.7154538645785,42.226537995794125,14.093002193176138,10.330499284412127
INDS,NPM,Profitability,0.0362327751961377,0.0527173307835878,0.0577132162430385,0.0481068618161393
INDS,Operating Margin,Profitability,0.0465907328567482,0.0878300765463478,0.0847091995308258,0.079023699665381
INDS,Quick Ratio,Liquidity,4.0981549989825945,1.4596099977843553,1.2984530174365383,1.0747309919571932
INDS,ROE,Profitability,0.0230956532432855,0.0575919471025947,0.0738088728067659,0.0546233087740315
INDS,ROI,Profitability,0.0228360700452821,0.051679596707478,0.0632093976599259,0.048946906392185
INDY,Cash Ratio,Liquidity,0.1302119385524817,0.1017460982929501,0.0810287701642255,0.0826398841896644
INDY,Current Ratio,Liquidity,1.9698847594272408,1.8418884148083536,1.6988652513776707,1.5105524667009362
INDY,DER,Solvency,2.4749216218864976,1.90724325769696,0.9224056924073012,0.8857013403912953
INDY,Debt Ratio,Solvency,0.4856639987571788,0.3944184577511212,0.305242379021796,0.3507530479908179
INDY,GPM,Profitability,0.0955473311626884,0.2991442173942123,0.3346809535506639,0.1823605254033994
INDY,NPM,Profitability,-0.0648035653419916,0.0188062802055847,0.1044258086768326,0.0395408518547693
INDY,Operating Margin,Profitability,-0.038507353757131,0.205295417402295,0.2409340898248833,0.0904127017729012
INDY,Quick Ratio,Liquidity,1.9108824201272705,1.8033768243677293,1.647469686468657,1.4578768307834042
INDY,ROE,Profitability,-0.1714487136003732,0.075608612677279,0.3806295832877292,0.097079563091984
INDY,ROI,Profitability,-0.0504169934964185,0.0260498481513907,0.1985011919967064,0.0518459095631848
INET,Current Ratio,Liquidity,0.0,0.0,0.0,8.779551872212528
INET,DER,Solvency,0.0,0.0,0.0,0.0094183757884624
INET,Debt Ratio,Solvency,0.0,0.0,0.0,0.0090238749712956
INET,GPM,Profitability,0.0,0.0,0.2796449877039755,0.286256395810045
INET,Interest Coverage Ratio,Solvency,0.0,0.0,15.35389287843508,9.947380393909873
INET,NPM,Profitability,0.0,0.0,0.0688668881313239,0.0303119235631576
INET,Operating Margin,Profitability,0.0,0.0,0.0946865368099493,0.0452120598468593
INET,ROE,Profitability,0.0,0.0,0.0,0.0040817437493501
INET,ROI,Profitability,0.0,0.0,0.0,0.0040784233019439
INKP,Cash Ratio,Liquidity,0.2462277662614035,0.2782902105450437,0.3588483657113467,0.4163688727678413
INKP,Current Ratio,Liquidity,2.257876003840101,2.07588380488283,2.445062890568669,2.649560694126366
INKP,DER,Solvency,0.8600294635242041,0.7490411681157151,0.5988578159655618,0.5760558891710564
INKP,Debt Ratio,Solvency,0.4308216410552528,0.397476957312764,0.3481502057781778,0.3413383600302534
INKP,GPM,Profitability,0.2889140876875775,0.349314932152946,0.3972233770179222,0.3253918203355084
INKP,Interest Coverage Ratio,Solvency,2.69387279134028,3.5567951528614112,4.619874566157218,2.7356596873730235
INKP,NPM,Profitability,0.0984761387432757,0.1496798315184102,0.2142372818685305,0.1182695806690278
INKP,Operating Margin,Profitability,0.1787056606541187,0.2447373674353478,0.2848728036951686,0.2271957201716116
INKP,Quick Ratio,Liquidity,2.0681092702247583,1.8809396937293856,2.227843201510106,2.4754185172290164
INKP,ROE,Profitability,0.0690896146951089,0.1104783381548659,0.1529988843294227,0.0685817092773703
INKP,ROI,Profitability,0.0374904059708647,0.0636076401384484,0.0962381498403593,0.0437226396121619
INPC,DER,Solvency,0.0561871143281355,0.050582341856205,0.0499454346126856,0.0
INPC,Debt Ratio,Solvency,0.0065515848037955,0.0076546761268257,0.0078623667540136,0.0
INPC,Free Cash Flow,Liquidity,5138509000000.0,-3008661000000.0,623634000000.0,0.0
INPC,NPM,Profitability,0.0286345176508735,-0.1567134952472068,0.0493030852864396,0.0
INPC,ROE,Profitability,0.0060038741015329,-0.0425051005968969,0.0137342453369693,0.0
INPC,ROI,Profitability,0.0056844795965458,-0.040458609385912,0.0130809134305496,0.0
INPP,Cash Ratio,Liquidity,1.5460582913334953,0.3207097800064557,0.3690625126470308,0.1833911795375426
INPP,Current Ratio,Liquidity,3.671127558308053,2.46110203756638,3.133031524780509,1.914974698910172
INPP,DER,Solvency,0.2625539016369537,0.3116667453749917,0.3337136943899051,0.3682821022002759
INPP,Debt Ratio,Solvency,0.1784522260200501,0.1803225400899704,0.1899409678747522,0.2101734264077745
INPP,GPM,Profitability,0.623400110954333,0.5648757595171481,0.6035206097371856,0.6569121914463342
INPP,Interest Coverage Ratio,Solvency,-0.6007088576346371,-0.4415666162340131,1.270689725774742,1.3628817318458553
INPP,NPM,Profitability,-1.2071965279532075,-0.0312331234160266,0.0293811643652863,0.0950491106544433
INPP,Operating Margin,Profitability,-0.138386574810899,-0.1033412524866635,0.1751277521966633,0.1712504545224479
INPP,Quick Ratio,Liquidity,2.8059535530376154,0.9833564639059674,1.2130337846593575,0.606139116937517
INPP,ROE,Profitability,-0.0921956653282499,-0.0025735683156194,0.0053826629898194,0.0196883152978723
INPP,ROI,Profitability,-0.0733091205951628,-0.0019715766936772,0.0040546686325015,0.0144693143416906
INPS,Current Ratio,Liquidity,0.236438800536216,0.1303061227379729,0.1629960857515844,0.1421375150582159
INPS,DER,Solvency,2.4020997508160216,2.725199438648457,9.08481859348358,5.969630759509363
INPS,Debt Ratio,Solvency,0.646802531698194,0.6071001136499758,0.54781312318824,0.4036901641336267
INPS,GPM,Profitability,0.1923345521999783,0.1576117087572816,0.131876671039744,0.1485270913575464
INPS,Interest Coverage Ratio,Solvency,0.4606602521374985,0.3400155952530654,0.2335358759559102,0.045338913517361
INPS,NPM,Profitability,-0.0678010067089338,-0.1129011846998143,-0.26516435456634,0.0019830023341635
INPS,Operating Margin,Profitability,0.0439397023234114,0.0294122540788476,0.0183535706297168,0.0098004136397866
INPS,Quick Ratio,Liquidity,0.2091890114428992,0.1171824126805479,0.1521650601337402,0.1318207643773511
INPS,ROE,Profitability,-0.141832123424229,-0.3372818888986225,-3.993687556564161,0.027775884680784
INPS,ROI,Profitability,-0.0416895840253388,-0.0905406259324982,-0.3960098557593021,0.0039960372679369
INTA,Cash Ratio,Liquidity,0.000441741206405,0.0004308313097559,0.0,0.0
INTA,Current Ratio,Liquidity,0.213952608694514,0.1582044482854031,0.9380973379547652,1.0064375805001338
INTA,DER,Solvency,-3.0830566983329524,-2.2543127936501457,-2.1587864188898003,-2.1117641414661046
INTA,Debt Ratio,Solvency,1.2092982435489354,1.401670939319058,1.6631461056451842,1.4761693503420656
INTA,GPM,Profitability,-0.1226642666380855,0.059341453800192,0.1486082905268188,0.2115878098562385
INTA,NPM,Profitability,-1.254195033643957,-0.6727894572416038,-0.1315648206814061,-0.0368860187540673
INTA,Operating Margin,Profitability,-0.9136459536956966,-0.3048511802046855,-0.0444739146148018,0.0473168594332367
INTA,Quick Ratio,Liquidity,0.1318980343497962,0.095315842433182,0.5761816524284222,0.6790918369826727
INTA,ROE,Profitability,0.753985353423463,0.2707838636179607,0.0516462329503025,0.0230645979836467
INTA,ROI,Profitability,-0.3651953019959207,-0.2170431376190938,-0.0446333987405896,-0.0207621368720316
INTP,Cash Ratio,Liquidity,1.5506724927869266,0.8598428582681267,0.7132070909419694,0.1246564453372315
INTP,Current Ratio,Liquidity,2.917323140943596,2.4398403875944634,2.1384829843605098,1.252415689232643
INTP,DER,Solvency,0.0225787067316346,0.0133729926496161,0.0504666399480837,0.1337590084957155
INTP,Debt Ratio,Solvency,0.0183110991420924,0.0105510712112749,0.0384139698140162,0.0946001545718338
INTP,GPM,Profitability,0.3605073263283222,0.3470291511467782,0.3149847154733646,0.3257272689389204
INTP,NPM,Profitability,0.1273474333140491,0.1210741525162697,0.1128370058373577,0.1086513933671299
INTP,Operating Margin,Profitability,0.1322548233183087,0.1401894921345965,0.1363574285053206,0.127135878615843
INTP,Quick Ratio,Liquidity,2.4847351348069098,1.9518562980441647,1.5514629153124997,0.8581940170628134
INTP,ROE,Profitability,0.0814536796305669,0.0867319297002797,0.0941607221908256,0.0930048392640152
INTP,ROI,Profitability,0.0814536796305669,0.0867319297002797,0.0941607221908256,0.0849067270086855
IPCC,Cash Ratio,Liquidity,3.822318667737984,3.298526792114564,1.5751221180364698,3.083005430216415
IPCC,Current Ratio,Liquidity,4.448580452760209,4.8277899060748295,1.7262977269680486,3.685632947083732
IPCC,DER,Solvency,0.6835619853988143,0.6854579291484215,0.6909249359252279,0.3284141684651467
IPCC,Debt Ratio,Solvency,0.3763926199858511,0.3719068459984172,0.3662851464664906,0.2245728177995136
IPCC,GPM,Profitability,0.2123527443837275,0.3835780646101251,0.4773733146708059,0.4440626160645765
IPCC,Interest Coverage Ratio,Solvency,-0.3478549400895447,2.0775329510450824,4.181995741424041,5.281882771352414
IPCC,NPM,Profitability,-0.066679662782844,0.1161994571015094,0.2225856305564914,0.2595940718243814
IPCC,Operating Margin,Profitability,0.0022374026699644,0.2148113597528195,0.3408564751486401,0.3344256011119838
IPCC,ROE,Profitability,-0.0236566635428075,0.0563911622131437,0.1391815115476796,0.1560716470282217
IPCC,ROI,Profitability,-0.0236566635428075,0.0563911622131437,0.1391815115476796,0.1560716470282217
IPCM,Cash Ratio,Liquidity,1.5318308423846212,2.3497653923888944,1.5031364176809503,1.1216934389397508
IPCM,Current Ratio,Liquidity,2.805254028648736,3.197292330166703,3.1546358453325887,3.2399255285874715
IPCM,DER,Solvency,0.0495337343241721,0.0284058933596294,0.0058741888888344,0.0318539485715882
IPCM,Debt Ratio,Solvency,0.0383964635226717,0.0230054744560705,0.0047228483439761,0.0259605495820761
IPCM,GPM,Profitability,0.3245571421821323,0.3021547190256225,0.3086681460551973,0.2984315540426107
IPCM,Interest Coverage Ratio,Solvency,19.56100940324029,53.28798847350333,109.12861936772104,67.63238137300908
IPCM,NPM,Profitability,0.1151862212829639,0.1665315966409741,0.153703014168049,0.1384776447520974
IPCM,Operating Margin,Profitability,0.1275778393339822,0.1946502381523276,0.1775144441367592,0.1614030166200721
IPCM,Quick Ratio,Liquidity,2.7739357266517715,3.144387309973762,3.072045318203993,3.148614343688356
IPCM,ROE,Profitability,0.0734982748558718,0.1181089539836054,0.1259109114691617,0.1270934938931322
IPCM,ROI,Profitability,0.0734982748558718,0.1181089539836054,0.1259109114691617,0.1270934938931322
IPOL,Current Ratio,Liquidity,1.304883751580811,1.3971759153307362,1.4532575295300614,1.3530650717354231
IPOL,DER,Solvency,0.4150826812466932,0.435420627594337,0.4139452995174414,0.4705315912443803
IPOL,Debt Ratio,Solvency,0.2492573962132943,0.2563758797121311,0.250902381884946,0.2802908534529337
IPOL,GPM,Profitability,0.2227583211890062,0.2178138932244335,0.1878089663480505,0.1778474214101763
IPOL,Interest Coverage Ratio,Solvency,3.9009502340573823,4.393261513115362,2.178688050649827,1.1938143545802895
IPOL,NPM,Profitability,0.0398474428005505,0.0368842985827191,0.0139597715040868,0.0014732582403035
IPOL,Operating Margin,Profitability,0.0799344958784414,0.0713977256117125,0.0418479620725333,0.0212109570962502
IPOL,Quick Ratio,Liquidity,0.9994195533935444,1.0040929844537916,0.9873772217225532,0.934786775573692
IPOL,ROE,Profitability,0.0468112113636346,0.0501373768865411,0.0186937420040689,0.0016877946117117
IPOL,ROI,Profitability,0.0330801952309909,0.0349287002866663,0.013220979630859,0.0011477445447353
IPTV,Cash Ratio,Liquidity,0.0,0.0,7.883977287838229e-05,0.2777435741709586
IPTV,Current Ratio,Liquidity,1.1530436131164663,1.146864875166762,1.234209838888296,2.50572938702919
IPTV,DER,Solvency,0.3584343204962336,0.2489244344031242,0.2227499388004736,0.1199841382213555
IPTV,Debt Ratio,Solvency,0.2299545681434016,0.1720627965929197,0.1527525675585079,0.0958951426954218
IPTV,GPM,Profitability,0.2350601350069777,0.2237280271793221,0.1595681497566633,0.0877235418922844
IPTV,NPM,Profitability,0.0624067407431326,0.0530939677170716,-0.0459978520224921,-0.0363634877247922
IPTV,Operating Margin,Profitability,0.1496967267985079,0.1301205772398833,0.0651015623045999,-0.0453998988206644
IPTV,Quick Ratio,Liquidity,0.735898720496947,0.687005586022328,1.0475582533941836,2.3093443122282165
IPTV,ROE,Profitability,0.0323989602445104,0.0249572927028373,-0.0161045263078237,-0.0099818584866918
IPTV,ROI,Profitability,0.0238983634514762,0.0200085489058246,-0.0132029981185414,-0.0089664887606141
IRRA,Cash Ratio,Liquidity,0.3947339611132528,0.0,0.0,0.0
IRRA,Current Ratio,Liquidity,1.7548151719187912,1.9570456341443965,2.0121559167660856,1.3318337571984191
IRRA,DER,Solvency,0.0019911195698198,0.1593461240988687,0.3309772230368993,0.5245227899260784
IRRA,Debt Ratio,Solvency,0.0009014339765353,0.1022960976327403,0.2182883210110785,0.227466834459424
IRRA,GPM,Profitability,0.2135508753515977,0.1788397398742921,0.2112766623865264,0.1950387170768931
IRRA,Interest Coverage Ratio,Solvency,52.443136514683694,30.20129237899233,8.403616227157151,1.8300837760247517
IRRA,NPM,Profitability,0.1073298669610939,0.0849838041124887,0.0637026733041965,0.0074657374224158
IRRA,Operating Margin,Profitability,0.139467544234399,0.1131893927701381,0.103485080635462,0.0384811008108826
IRRA,Quick Ratio,Liquidity,1.68563858048608,1.2734333325771534,1.5951029728585364,1.1094040834534369
IRRA,ROE,Profitability,0.2497485363641878,0.2233943020182066,0.0991740185114297,0.0113205739000984
IRRA,ROI,Profitability,0.2497485363641878,0.1926899114721632,0.0745121830748867,0.0074431525114899
IRSX,Current Ratio,Liquidity,12.24229375844574,7.006944860192884,0.0,0.0
IRSX,DER,Solvency,0.039299304468779,0.0230413264049191,0.0,0.0
IRSX,Debt Ratio,Solvency,0.0325223589952718,0.0189520887841017,0.0,0.0
IRSX,GPM,Profitability,0.3576622872896612,0.4349894598113754,0.0,0.0
IRSX,Interest Coverage Ratio,Solvency,12.62660420582704,46.153203965559136,0.0,0.0
IRSX,NPM,Profitability,0.0251718606683493,0.0709522853343791,0.0,0.0
IRSX,Operating Margin,Profitability,0.0373516902561428,0.088244214418498,0.0,0.0
IRSX,Quick Ratio,Liquidity,12.24229375844574,7.006944860192884,0.0,0.0
IRSX,ROE,Profitability,0.0407571285994947,0.1045340370361183,0.0,0.0
IRSX,ROI,Profitability,0.0407571285994947,0.1045340370361183,0.0,0.0
ISAT,Cash Ratio,Liquidity,0.0443229690899861,0.0364280641682687,0.1566806435198857,0.0686386727876965
ISAT,Current Ratio,Liquidity,0.4234668194067868,0.4012624051962596,0.520797136115625,0.4534922204303156
ISAT,DER,Solvency,2.3436552113048146,3.6887357979533695,1.975228412691446,1.752137366213467
ISAT,Debt Ratio,Solvency,0.443148699703116,0.5341608269192173,0.4925672908111016,0.469577980466544
ISAT,GPM,Profitability,0.564359819450648,0.5673516169761412,0.5476294127784335,0.5884173080671721
ISAT,Interest Coverage Ratio,Solvency,0.7952249956084675,3.481438168698681,0.0,0.0
ISAT,NPM,Profitability,-0.0256652474582427,0.2150760198597497,0.1010306034231157,0.0879660187899841
ISAT,Operating Margin,Profitability,0.0569123860667076,0.1172896814995875,0.123320556569611,0.1818665335435849
ISAT,Quick Ratio,Liquidity,0.4217096989711491,0.4006304733117474,0.518754518931973,0.4468587838353883
ISAT,ROE,Profitability,-0.0603782559124389,0.735352768463001,0.1666519305157436,0.1465688710830104
ISAT,ROI,Profitability,-0.0257066219428016,0.2589497076912578,0.0951585573368678,0.0989817169699056
ISSP,Cash Ratio,Liquidity,0.0,0.0,0.0,0.020021158360155
ISSP,Current Ratio,Liquidity,1.439938436579549,1.601551401537496,1.688369975208092,2.0319769932865053
ISSP,DER,Solvency,0.6900230176474627,0.6369933676450823,0.6323207721896675,0.5759917095268338
ISSP,Debt Ratio,Solvency,0.3787330884158322,0.3398915816416389,0.3538565239130637,0.333693858329984
ISSP,GPM,Profitability,0.147826133019735,0.2082271759839726,0.1212624151906706,0.1654736729917251
ISSP,NPM,Profitability,0.0465696206890158,0.09036611829238,0.0488910947906351,0.0771590417777312
ISSP,Operating Margin,Profitability,0.1017078396940297,0.1564519499487618,0.1033175643328066,0.135722129731885
ISSP,Quick Ratio,Liquidity,0.4672285315376102,0.4269157049621166,0.5009910242015514,0.559757952203889
ISSP,ROE,Profitability,0.0527169189153372,0.1283487556643828,0.073799473708847,0.1078504207055693
ISSP,ROI,Profitability,0.031229607284025,0.0787961228822798,0.0456287627393846,0.0688272815747695
ITMA,Cash Ratio,Liquidity,0.0,0.0659979844216952,0.0686322383563731,0.1216751532073985
ITMA,Current Ratio,Liquidity,0.0,0.3394575606852966,0.2037461425197666,0.4259101440213784
ITMA,DER,Solvency,0.0,0.0597831912038863,0.0427662028621055,0.0387981765696625
ITMA,Debt Ratio,Solvency,0.0,0.0562763423853359,0.0409080433474085,0.0362549002370448
ITMA,GPM,Profitability,0.0,0.0,0.8588623431131199,0.9896720036801374
ITMA,NPM,Profitability,0.0,59.95807940995217,154.8196910690504,8.898091946442602
ITMA,Operating Margin,Profitability,0.0,0.4285281084623737,0.2064752411316033,0.1459068648404392
ITMA,ROE,Profitability,0.0,0.0711731997141369,0.1463831425697193,0.0103181580692849
ITMA,ROI,Profitability,0.0,0.0671684755397241,0.1403796384730709,0.0099327841557806
ITMG,Cash Ratio,Liquidity,0.7052291365171249,0.6144874610342076,1.9537493190895692,1.3272478878791791
ITMG,Current Ratio,Liquidity,1.9760636758321275,2.708822376303315,3.259055041469366,4.349548349385225
ITMG,DER,Solvency,0.0758052581790253,0.0429742348090557,0.0254979647662626,0.0301368498958647
ITMG,Debt Ratio,Solvency,0.0558832896466427,0.0311894032008613,0.0188813098515743,0.0246232940420422
ITMG,GPM,Profitability,0.1718365088042546,0.4413170564706596,0.5209793815708815,0.3127394638032443
ITMG,NPM,Profitability,0.0332977316136521,0.2289902846332337,0.3300331966251702,0.2107264621585594
ITMG,Operating Margin,Profitability,0.0846578522882963,0.3830672284890358,0.4627473693097736,0.2531479605696801
ITMG,Quick Ratio,Liquidity,1.685552339604438,2.537614155720603,3.0949705693008864,4.0166013036356345
ITMG,ROE,Profitability,0.0462092687815523,0.393258612791138,0.6138288480444059,0.2798930844454986
ITMG,ROI,Profitability,0.0439724861405729,0.3819698228017278,0.6057629890615772,0.2725809193193036
JARR,Current Ratio,Liquidity,0.0980252343721746,1.285464537595439,1.5085731597337595,3.69768098519707
JARR,DER,Solvency,24.060272759824407,1.6516699716474643,1.135253592525974,1.3352313200504338
JARR,Debt Ratio,Solvency,0.3608504835521161,0.5148166447486066,0.4145842070127498,0.5269632599143337
JARR,GPM,Profitability,0.1569838828414914,0.1410352269002152,0.0785021654751901,0.0867244187616409
JARR,Interest Coverage Ratio,Solvency,-1.9665423928584076,1.410062600606937,4.877201789669025,5.254974436133754
JARR,NPM,Profitability,-1.1005672826841768,0.025602656601285,0.0089786338940641,0.0173933912757651
JARR,Operating Margin,Profitability,-0.7364176249743569,0.0918725767693427,0.0522413133608853,0.059799673477349
JARR,Quick Ratio,Liquidity,0.0804752562287607,0.6395339360970468,0.8397705968987829,2.5709703913149062
JARR,ROE,Profitability,-1.4025577514138678,0.0211527166391042,0.0327105501290631,0.0535986645484999
JARR,ROI,Profitability,-0.0559673777239324,0.0079775295325507,0.0153238825728565,0.0229581383045456
JAWA,Current Ratio,Liquidity,0.2690177436998715,0.3824433094667853,0.4002773634378754,0.0
JAWA,DER,Solvency,11.160332748177172,11.576498080378604,20.556741251234207,0.0
JAWA,Debt Ratio,Solvency,0.741351430909784,0.6889567506589312,0.6229118098555138,0.0
JAWA,GPM,Profitability,-0.0523291626806715,0.0974784870178532,0.0280961879075312,0.0
JAWA,Interest Coverage Ratio,Solvency,-0.3280860453439876,0.1545402815013626,-0.1809558999477445,0.0
JAWA,NPM,Profitability,-0.6630041504631196,-0.2104949022943577,-0.3089997375023782,0.0
JAWA,Operating Margin,Profitability,-0.1981421192489648,0.0301285609256365,-0.0293826710137472,0.0
JAWA,Quick Ratio,Liquidity,0.1148485974963,0.1193753322075018,0.1092256396534017,0.0
JAWA,ROE,Profitability,-1.3179646866524752,-0.8362678675170694,-2.759916768932358,0.0
JAWA,ROI,Profitability,-0.1083855793122542,-0.0664944933138251,-0.1280871258880229,0.0
JAYA,Current Ratio,Liquidity,1.7134333777211035,7.860606198042512,4.4278327571810445,1.6907673822845108
JAYA,DER,Solvency,0.1974442294921649,0.0788369427041278,0.0708456291400567,0.1895072101240834
JAYA,Debt Ratio,Solvency,0.1603175891488975,0.0712530141724343,0.0632328964346295,0.1382391150339648
JAYA,GPM,Profitability,0.298109857718501,0.3073358566614572,0.286401211046296,0.3250942942659863
JAYA,NPM,Profitability,0.046234327998734,0.0785886210784205,0.0547388552598602,0.1206539461851233
JAYA,Operating Margin,Profitability,0.0758732401023565,0.099988919697468,0.0867596263325518,0.1056428300502523
JAYA,Quick Ratio,Liquidity,0.0,7.860606198042512,2.809229750680126,1.0023026620291524
JAYA,ROE,Profitability,0.0453548107755577,0.0516455556365736,0.0369363007010914,0.0841225333348925
JAYA,ROI,Profitability,0.0449470829046494,0.0516455556365736,0.0357048629339993,0.0841225333348925
JECC,Cash Ratio,Liquidity,0.0571970971484665,0.0152554517709713,0.0753617942993513,0.0767625298188122
JECC,Current Ratio,Liquidity,1.3613747475082387,1.181007745098374,1.1591132936861706,1.2222495114641043
JECC,DER,Solvency,0.4744545257307958,0.8602209516961421,1.1861130054503242,0.9337848938516956
JECC,Debt Ratio,Solvency,0.2303587138796758,0.3448005628665117,0.4034359640446582,0.3423878108657316
JECC,GPM,Profitability,0.0916165948181038,0.0187515387428893,0.0796426468577141,0.0947529128125404
JECC,NPM,Profitability,0.0075707271094396,-0.0274080998033223,0.0204599781149357,0.020854681179402
JECC,Operating Margin,Profitability,0.0297170707242069,-0.0199474511673246,0.0389092437869317,0.0515700668378175
JECC,Quick Ratio,Liquidity,0.8499220252298494,0.591904396914793,0.7529141009367775,0.8925425501207084
JECC,ROE,Profitability,0.0162217640591486,-0.0677655391051525,0.0770157476233902,0.0812143667825334
JECC,ROI,Profitability,0.0111488036927747,-0.0366975737750534,0.0353569697597985,0.0421058197516045
JGLE,Cash Ratio,Liquidity,2.718248143436518e-05,2.7578891540705383e-05,0.2277717357847865,0.0
JGLE,Current Ratio,Liquidity,2.58087875525981,2.15707451604349,3.4788610045212347,0.0
JGLE,DER,Solvency,0.264209998207156,0.2723922455729438,0.1470171953722945,0.0
JGLE,Debt Ratio,Solvency,0.1628633254357616,0.173942792696061,0.102206031522754,0.0
JGLE,GPM,Profitability,0.1743852528710873,0.1487439502189444,0.4785308027250567,0.0
JGLE,Interest Coverage Ratio,Solvency,-2.2352666511022914,-3.1848800455982174,-0.51022992599628,0.0
JGLE,NPM,Profitability,-1.2617139229312866,-1.1695091034800644,-3.949024979687077,0.0
JGLE,Operating Margin,Profitability,-0.7536590066548007,-0.6371975109472229,-0.0813246109293943,0.0
JGLE,Quick Ratio,Liquidity,2.2329158104185014,1.8919798461946435,3.046693205835881,0.0
JGLE,ROE,Profitability,-0.0543676268070719,-0.0521065707469019,-0.6376231079161617,0.0
JGLE,ROI,Profitability,-0.0430052181869891,-0.0409516569502818,-0.5558967297863433,0.0
JIHD,Cash Ratio,Liquidity,0.2230237583070801,0.3143563640061279,0.3255030752436197,0.3771438520136795
JIHD,Current Ratio,Liquidity,0.5411539345813281,0.6344345720192633,0.6415841308569998,0.6872614196120096
JIHD,DER,Solvency,0.0743747757500137,0.0803305812447856,0.0771289005553498,0.0754726926652008
JIHD,Debt Ratio,Solvency,0.0399035589090578,0.0426388952603978,0.0412892043298379,0.0412893287869149
JIHD,GPM,Profitability,0.7098480820904616,0.7160573638934927,0.7678329250792177,0.7839113186148008
JIHD,Interest Coverage Ratio,Solvency,-46.39736088781355,-6.154670850644382,-0.230512786099688,2.488348354081282
JIHD,NPM,Profitability,-0.0359155209157252,-0.1154436280425451,0.0030553576081628,0.0358747397619477
JIHD,Operating Margin,Profitability,-0.2688553077413841,-0.2659008091782314,-0.006177548260935,0.0338770337826069
JIHD,Quick Ratio,Liquidity,0.4899576352990107,0.5850899452349843,0.5908800913329203,0.6421697080315355
JIHD,ROE,Profitability,-0.0090286422847467,-0.029712783629451,0.001099165916891,0.0147211666910195
JIHD,ROI,Profitability,-0.0084096570348162,-0.0275314828179456,0.0010210880968781,0.01370621251992
JKON,Cash Ratio,Liquidity,0.1839775500048017,0.1344155105454933,0.1574922365139789,0.1808420246035797
JKON,Current Ratio,Liquidity,1.5782935687872224,2.1373844201684458,1.945121055840584,1.9492825734713664
JKON,DER,Solvency,0.3324249105633253,0.0654331482601338,0.0600171750745199,0.079365214208197
JKON,Debt Ratio,Solvency,0.1926815061585392,0.0412453343101553,0.0393402690431611,0.0543698278257932
JKON,GPM,Profitability,0.1635757998767631,0.1339838589202862,0.1345853842760451,0.1549718811216369
JKON,Interest Coverage Ratio,Solvency,2.836841871736212,3.011160954059713,18.017227858133705,12.04770772419418
JKON,NPM,Profitability,0.0175725331746356,-0.0109371398026627,0.044960072291625,0.0522065538528217
JKON,Operating Margin,Profitability,0.0379706574873488,0.0382399271019144,0.0504218252507159,0.0643754989156707
JKON,Quick Ratio,Liquidity,1.34384432033576,1.842639790818728,1.7202740583887677,1.6630180629498548
JKON,ROE,Profitability,0.0200137521556061,-0.0145668917259805,0.0711016729558918,0.078849956261589
JKON,ROI,Profitability,0.0150209052529255,-0.0136727478054822,0.0670935048179742,0.0730632112475376
JPFA,Cash Ratio,Liquidity,4.427666657955593e-05,0.0035660260531816,0.0041106238127414,0.0027438066158732
JPFA,Current Ratio,Liquidity,1.9550208990859863,2.004646125246773,1.8062763746701171,1.6115895808167342
JPFA,DER,Solvency,0.7416955190669335,0.8315439129516412,1.0093045639547082,0.9712239054773556
JPFA,Debt Ratio,Solvency,0.3051722888929306,0.3558138649866931,0.3935855273673057,0.3766022951247706
JPFA,GPM,Profitability,0.2009798309468743,0.1787075490827415,0.1568884804475856,0.1467752456439552
JPFA,Interest Coverage Ratio,Solvency,3.10553824844236,5.311231416203218,4.059663577777712,2.4532347623823365
JPFA,NPM,Profitability,0.024799466781341,0.0450684629319738,0.0289931498730348,0.0181670676301566
JPFA,Operating Margin,Profitability,0.0643268049504628,0.0750587700514502,0.0526416835223576,0.0398852600495647
JPFA,Quick Ratio,Liquidity,0.6253671342959569,0.538616306581697,0.4828771285660254,0.4063738117581122
JPFA,ROE,Profitability,0.0858511637577016,0.1653341381256404,0.1113782544696069,0.0702930247035998
JPFA,ROI,Profitability,0.0494610232174282,0.0904303682105106,0.0554572217695574,0.0356827850776907
JRPT,Cash Ratio,Liquidity,0.2977979044885432,0.1583697561472134,0.1755500255361675,0.0759712053184389
JRPT,Current Ratio,Liquidity,1.2433515130586363,1.027337594561774,1.0089426626778852,0.8747168085166719
JRPT,DER,Solvency,0.0024945952920105,0.0021057456401461,0.0015252538263498,0.0001364937936163
JRPT,Debt Ratio,Solvency,0.0016363128688591,0.0014092206051482,0.0010382969425595,9.284859806349626e-05
JRPT,GPM,Profitability,0.5313099287936883,0.520089363083714,0.5753331596999691,0.5841939145781682
JRPT,Interest Coverage Ratio,Solvency,142.75043570856397,317.6645135305491,360.1927663178104,790.0555505266242
JRPT,NPM,Profitability,0.4233087555305004,0.3536299182412821,0.3811067181392866,0.4012630625074257
JRPT,Operating Margin,Profitability,0.3500603342792828,0.3474502723937697,0.4264164776188593,0.4398308249862755
JRPT,Quick Ratio,Liquidity,0.3554837793399288,0.2105039973324025,0.2230548949667989,0.1266997671959893
JRPT,ROE,Profitability,0.1228093632023404,0.0977990391179307,0.1032234939186762,0.1118249503514375
JRPT,ROI,Profitability,0.1225303436266224,0.0975979092063395,0.1030936341381283,0.1118249503514375
JSKY,Current Ratio,Liquidity,1.2876769698137345,1.2261145950562065,0.0,0.0
JSKY,DER,Solvency,0.6902756749495159,1.0021584003049118,0.0,0.0
JSKY,Debt Ratio,Solvency,0.3234575172142202,0.415502537422204,0.0,0.0
JSKY,GPM,Profitability,0.2752292536163941,0.1208131191045291,0.0,0.0
JSKY,NPM,Profitability,0.0348412003900349,-0.4907257011085663,0.0,0.0
JSKY,Operating Margin,Profitability,0.1374394928168967,-0.1023240654673816,0.0,0.0
JSKY,Quick Ratio,Liquidity,0.6328469903373647,0.1910523236652414,0.0,0.0
JSKY,ROE,Profitability,0.0300505596850996,-0.4530797731843468,0.0,0.0
JSKY,ROI,Profitability,0.0177784962124578,-0.2272910486723562,0.0,0.0
JSMR,Cash Ratio,Liquidity,0.109323813942914,0.2139058009753646,0.3218511786390631,0.1464916139462305
JSMR,Current Ratio,Liquidity,0.7171424385815042,0.8624415845310653,1.0188770671600762,0.3494464765007813
JSMR,DER,Solvency,3.3537435786615304,2.99663260692315,2.346680043616664,2.465035164735327
JSMR,Debt Ratio,Solvency,0.6145932015140539,0.6099012845189199,0.5619724236717419,0.5316859908480721
JSMR,GPM,Profitability,0.3907271449744567,0.4927816589441797,0.4473354970548185,0.4202210229046412
JSMR,Interest Coverage Ratio,Solvency,1.472736841966414,1.6152982437584436,2.2552912081299152,3.626498515702474
JSMR,NPM,Profitability,0.0365620426296778,0.1064817866737264,0.1656460840956822,0.3186677083233166
JSMR,Operating Margin,Profitability,0.2931608905152728,0.3837371729896836,0.3017915679024756,0.3254181031075908
JSMR,Quick Ratio,Liquidity,0.7079156391985444,0.8508388514191462,1.010754931158624,0.3442105470260214
JSMR,ROE,Profitability,0.026267912078798,0.0783894341466411,0.1258560416406364,0.2435712078943799
JSMR,ROI,Profitability,0.0060393415951249,0.0196411752309525,0.0376683747694497,0.0703887012389002
JSPT,Cash Ratio,Liquidity,0.5750247277396895,0.6991283337394343,1.0764207193264,1.138339836387494
JSPT,Current Ratio,Liquidity,1.7383195302813768,1.6683864240203077,2.1184997859684915,2.00654169676338
JSPT,DER,Solvency,0.8674848029037183,1.1101682699410662,1.360827655427644,1.5339318230390755
JSPT,Debt Ratio,Solvency,0.3342877661893735,0.3949895665321628,0.4476941866315663,0.4719698275502371
JSPT,GPM,Profitability,0.5989630532374033,0.6011707508357915,0.67207486089527,0.6794827491693413
JSPT,Interest Coverage Ratio,Solvency,-1.8469656613599947,-2.055185943531081,1.9230588083533744,1.8961253074177944
JSPT,NPM,Profitability,-0.2427214508030182,-0.3806350106065729,-0.0327268550905324,0.1077455601182134
JSPT,Operating Margin,Profitability,-0.2838127579460742,-0.4064965684572402,0.1669074761624686,0.2392855336072478
JSPT,Quick Ratio,Liquidity,0.980166921273973,0.9956631389151298,1.5554543235792857,1.5814156442983514
JSPT,ROE,Profitability,-0.0646157086239071,-0.1040692621809336,-0.0225099919873189,0.0990677860598416
JSPT,ROI,Profitability,-0.0379958001405129,-0.054267364829316,-0.0104245949461945,0.0424457451123964
JTPE,Cash Ratio,Liquidity,0.0,0.0412699501760777,0.2341930479221457,0.0
JTPE,Current Ratio,Liquidity,2.079818446044825,2.3478119153054737,1.7284462763356725,0.0
JTPE,DER,Solvency,0.0434037307094883,0.0541517178271795,0.102525623153221,0.0
JTPE,Debt Ratio,Solvency,0.0301491386160799,0.0382432065638706,0.0622430297538357,0.0
JTPE,GPM,Profitability,0.2244976268898227,0.2332182286409765,0.2291920615828366,0.0
JTPE,Interest Coverage Ratio,Solvency,7.605312082144245,12.218468968690596,15.91444273977594,0.0
JTPE,NPM,Profitability,0.0735812972811036,0.085055653518249,0.0894164452477164,0.0
JTPE,Operating Margin,Profitability,0.1147033603765358,0.1271336077677676,0.1393418951174245,0.0
JTPE,Quick Ratio,Liquidity,0.870133296597377,1.5183501174893792,0.9292817047785868,0.0
JTPE,ROE,Profitability,0.0998615612441565,0.10686584837131,0.1340514198587503,0.0
JTPE,ROI,Profitability,0.095707498741885,0.1013761554091874,0.1215857636717444,0.0
KAEF,Cash Ratio,Liquidity,0.0375721501480241,0.0007294139297556,4.9202219756470766e-05,0.0
KAEF,Current Ratio,Liquidity,0.8977686991387543,1.0368856056994276,1.058594628969061,0.0
KAEF,DER,Solvency,1.109753248211138,1.1238573310939155,1.2316365989695337,0.0
KAEF,Debt Ratio,Solvency,0.441896365546496,0.4517934935358683,0.3986066905717672,0.0
KAEF,GPM,Profitability,0.3654875028238855,0.3419204210980464,0.3740142273231241,0.0
KAEF,Interest Coverage Ratio,Solvency,1.0949855539665891,1.6242883757151343,1.0719619271520775,0.0
KAEF,NPM,Profitability,0.0017627952224547,0.0235092870222693,-0.0177017025711238,0.0
KAEF,Operating Margin,Profitability,0.0528889430338206,0.0708089713458985,0.032733753264039,0.0
KAEF,Quick Ratio,Liquidity,0.5359225337714719,0.5869058176644123,0.6630022779645536,0.0
KAEF,ROE,Profitability,0.0025222126541076,0.0423373574243285,-0.0258138377861169,0.0
KAEF,ROI,Profitability,0.0011992326808909,0.0200296922679476,-0.0116215818412157,0.0
KARW,Cash Ratio,Liquidity,0.0434469518064423,0.0374565401699545,0.0,0.0
KARW,Current Ratio,Liquidity,0.0885366252939223,0.0799379132196068,0.0624745688239928,0.0467772324523489
KARW,DER,Solvency,-0.0025398707724932,-0.0009069054746721,-0.0017554058388558,-0.000282776460924
KARW,Debt Ratio,Solvency,0.0041314593984369,0.0017366721211997,0.0039551268966501,0.0007353272338892
KARW,GPM,Profitability,0.2807525006072114,-0.1695782833782729,0.4257586164435317,0.3881458341072463
KARW,Interest Coverage Ratio,Solvency,26.42263544536272,-98.46859039836568,283.373476848091,635.5437821927889
KARW,NPM,Profitability,0.015290026275696,-0.2005118037640208,0.1338392013736494,0.1771352776387191
KARW,Operating Margin,Profitability,0.0277219633906688,-0.1275869250089555,0.2239026431432331,0.2467544298781728
KARW,Quick Ratio,Liquidity,0.083386089151091,0.0744320024689337,0.0567433865682949,0.0410291923026163
KARW,ROE,Profitability,-0.0020419164485898,0.0170541655411518,-0.0284906259270564,-0.0371643672586735
KARW,ROI,Profitability,-0.0020419164485898,0.0170541655411518,-0.0284906259270564,-0.0371643672586735
KBLI,Cash Ratio,Liquidity,0.0019848054860244,0.0,0.0,0.9864387961199051
KBLI,Current Ratio,Liquidity,5.291505476467171,11.762498334284896,10.420811613929542,7.988738621065559
KBLI,DER,Solvency,0.073410097731897,0.011618447488302,0.0213206747174669,0.0404243481641966
KBLI,Debt Ratio,Solvency,0.0544044109813379,0.0099274514521582,0.0181085015522995,0.033769004985114
KBLI,GPM,Profitability,0.0446115324597435,0.0998814520040024,0.0885255570549716,0.1189333927072765
KBLI,NPM,Profitability,-0.02890719469331,0.0532077938414657,0.0292410714654898,0.0453301815983677
KBLI,Operating Margin,Profitability,-0.0238926068451327,0.0583874605846797,0.0344201463139079,0.0564720649067041
KBLI,Quick Ratio,Liquidity,4.0771029527955625,8.164643375440962,7.038976562302181,5.5009412969528215
KBLI,ROE,Profitability,-0.0255161783231878,0.0402552305757251,0.0273391420971238,0.0503954432244328
KBLI,ROI,Profitability,-0.0239083633463114,0.0398276384436793,0.0267755897887506,0.0484469501514177
KBLV,Cash Ratio,Liquidity,0.0012193139326938,0.0020434324761361,0.0934980431979114,0.0372612408959865
KBLV,Current Ratio,Liquidity,0.0271673305153633,0.0323729654791599,0.3460825530230731,0.2199651729990679
KBLV,DER,Solvency,1.0128004407780318,1.724797222250242,0.0,0.0
KBLV,Debt Ratio,Solvency,0.2932870444306557,0.3356262793818925,0.0,0.0
KBLV,GPM,Profitability,0.4513479281599601,0.4273056653491436,0.441433485503479,0.046590909090909
KBLV,Interest Coverage Ratio,Solvency,-0.300636121916155,-6.641180866590764,-2.1406692475893467,0.0
KBLV,NPM,Profitability,0.0019449169833118,-9.164578392621872,-1.9295221952383328,-0.7078400281888654
KBLV,Operating Margin,Profitability,-0.3750987032120277,-0.406897233201581,-0.7663392990677501,-0.8265063424947146
KBLV,Quick Ratio,Liquidity,0.0271673305153633,0.0323729654791599,0.0,0.0
KBLV,ROE,Profitability,0.0001918471746452,-1.559214913593198,-0.5816132667847368,-0.2834636225094541
KBLV,ROI,Profitability,9.568454864008008e-05,-0.5757433292293048,-0.5816132667847368,-0.2834636225094541
KEEN,Cash Ratio,Liquidity,0.0028775201484112,0.0,0.0036518293672847,0.1845256748160068
KEEN,Current Ratio,Liquidity,0.3702372418557992,1.7050995471034274,1.8656885331018271,1.4005438313896428
KEEN,DER,Solvency,0.5223601331187617,0.6258685444966827,0.5861889914387142,0.668373536850373
KEEN,Debt Ratio,Solvency,0.2485986163099263,0.2961052199460804,0.2838440768042261,0.3115373367292508
KEEN,GPM,Profitability,0.561034655856417,0.5754566215448921,0.6477841933475182,0.5812672906609049
KEEN,Interest Coverage Ratio,Solvency,1.9412894374845295,3.292903513778877,4.067745496060337,3.6587392857923113
KEEN,NPM,Profitability,0.2646880037735238,0.1826209297878651,0.3001672444472312,0.2688708638633733
KEEN,Operating Margin,Profitability,0.4368999354783839,0.493981913551791,0.5750010775043178,0.502202581890159
KEEN,ROE,Profitability,0.0491242905711326,0.0469063360557856,0.0820325651807596,0.0785154284362724
KEEN,ROI,Profitability,0.0322789929373036,0.0288500175580347,0.0517167661757341,0.047061060788879
KEJU,Cash Ratio,Liquidity,0.660493375428863,0.0,0.0,0.0
KEJU,Current Ratio,Liquidity,2.5362039773139697,2.815382195915709,4.165798403688675,4.032371818750006
KEJU,DER,Solvency,0.0952059575464337,0.0216554167260975,0.0031813241049082,0.0
KEJU,Debt Ratio,Solvency,0.0622050513230494,0.0165245038779116,0.002602114971363,0.0
KEJU,GPM,Profitability,0.3058128150292032,0.3233086975149405,0.2829509563441256,0.2579265817747322
KEJU,Interest Coverage Ratio,Solvency,55.17849056025078,0.0,0.0,0.0
KEJU,NPM,Profitability,0.125881993098213,0.1388268992334697,0.1123843836698487,0.0787925807915549
KEJU,Operating Margin,Profitability,0.1604405635167892,0.1675023219932238,0.1329197919782851,0.0971347990653549
KEJU,Quick Ratio,Liquidity,1.7313254409699983,1.7131432755650489,2.421782414603628,1.905653887609507
KEJU,ROE,Profitability,0.2744380853669812,0.2470023271573933,0.1668369289306133,0.1197758708806688
KEJU,ROI,Profitability,0.2744380853669812,0.2470023271573933,0.1668369289306133,0.1197758708806688
KIAS,Cash Ratio,Liquidity,0.0,0.0051531204200612,0.0032974844805749,0.1739614558019371
KIAS,Current Ratio,Liquidity,1.6719321338697402,2.446222244881336,1.8914813218913376,2.1461427900910857
KIAS,DER,Solvency,0.0008702534505491,0.003591796492556,0.0401893214644377,0.0012230784862747
KIAS,Debt Ratio,Solvency,0.0006761938745305,0.0028272936903612,0.0299243494050243,0.0009575724092199
KIAS,GPM,Profitability,-0.0340924701870041,0.0356019585720139,0.0496944965339625,-0.0272258675073074
KIAS,Interest Coverage Ratio,Solvency,-21.140291572237917,9.397012565090602,2.247243444125452,-10.577699478931294
KIAS,NPM,Profitability,-0.1242952180871826,-0.0111815148834781,0.0099509980928063,-0.0643800072863033
KIAS,Operating Margin,Profitability,-0.1142313548555974,-0.0071062713311653,0.0042165415822352,-0.085747418707784
KIAS,Quick Ratio,Liquidity,1.28207127532873,1.941822975026048,1.4943242697760988,1.526790631394921
KIAS,ROE,Profitability,-0.0684687104811189,-0.0078475855662405,0.0081243315071686,-0.0477750396721022
KIAS,ROI,Profitability,-0.0684687104811189,-0.0078475855662405,0.0078255883140946,-0.0477750396721022
KIJA,Cash Ratio,Liquidity,0.7217926472997447,0.687623072988539,0.4330778846789336,0.0
KIJA,Current Ratio,Liquidity,6.179261413914549,6.543887778181607,4.515281204854657,0.0
KIJA,DER,Solvency,0.8093902236455021,0.8182099567554068,0.963710859245542,0.0
KIJA,Debt Ratio,Solvency,0.3475010563205151,0.3499144759431574,0.3816548112085332,0.0
KIJA,GPM,Profitability,0.4250344303943863,0.4387387154972234,0.5195032020152179,0.0
KIJA,NPM,Profitability,-0.0199468582823092,-0.002074199805297,-0.0233093520860218,0.0
KIJA,Operating Margin,Profitability,0.2066412236906661,0.23484600976527,0.3306720060235253,0.0
KIJA,Quick Ratio,Liquidity,1.5451323929554854,1.6233942723903356,1.3536150554477515,0.0
KIJA,ROE,Profitability,-0.0091245748270462,-0.0009825886167798,-0.0123332143574464,0.0
KIJA,ROI,Profitability,-0.0050440868317043,-0.0005428626304155,-0.006298506908808,0.0
KINO,Cash Ratio,Liquidity,0.0104085785842866,0.0122620771583839,0.0281855510079082,0.0091967681001906
KINO,Current Ratio,Liquidity,1.19374706890918,1.5069670358573892,0.8723106953393233,0.8254111107746406
KINO,DER,Solvency,0.7315771442455337,0.7281038587447682,1.578298210516928,1.2138318632049874
KINO,Debt Ratio,Solvency,0.3541566568101972,0.3577141075670308,0.4946251279450993,0.4036105984651798
KINO,GPM,Profitability,0.4792243513287338,0.4517610726287707,0.3603700309537444,0.4168255028282324
KINO,NPM,Profitability,0.0282478063306954,0.0264148076863288,-0.2635380891149958,0.0170350455717287
KINO,Operating Margin,Profitability,0.0553689145218212,0.0582897861557852,-0.1406312537425241,0.0524728133974857
KINO,Quick Ratio,Liquidity,0.8721183977133886,1.1263030571674362,0.6398103304001691,0.6169635673575832
KINO,ROE,Profitability,0.0446974372870407,0.0399934388963906,-0.6530214885501083,0.0456062402120395
KINO,ROI,Profitability,0.0262481583736647,0.0237325304961621,-0.2584416537523595,0.0209269464775694
KIOS,Current Ratio,Liquidity,13.841131371055427,3.530246931141276,7.510468207875379,0.0
KIOS,DER,Solvency,2.754894562090089,0.0,0.0,0.0
KIOS,Debt Ratio,Solvency,0.7278200236015532,0.0,0.0,0.0
KIOS,GPM,Profitability,0.0075018835635942,0.0452722534465304,0.0737701934696121,0.0
KIOS,NPM,Profitability,-0.0456278691639668,0.0073724888985714,0.0020191174788048,0.0
KIOS,Operating Margin,Profitability,-0.0041666063628853,0.0169917785320151,0.0123786010058645,0.0
KIOS,Quick Ratio,Liquidity,5.090613793928348,1.2812503358273124,1.092149482662248,0.0
KIOS,ROE,Profitability,-0.8384497426027292,0.0407552901722123,0.0043605643924159,0.0
KIOS,ROI,Profitability,-0.223295149501088,0.0407552901722123,0.0043605643924159,0.0
KKGI,Cash Ratio,Liquidity,0.0653781999877537,0.0337601337726393,0.485017618339443,0.5269699469953026
KKGI,Current Ratio,Liquidity,3.0509855862688147,2.418831547328064,2.583721882109569,2.3809511504100134
KKGI,DER,Solvency,0.0743195773352974,0.0476157506605764,0.0265565419611406,0.0383770438572438
KKGI,Debt Ratio,Solvency,0.0572360407975163,0.035473295227023,0.0190541287820896,0.0265214532452336
KKGI,GPM,Profitability,0.1016637322719924,0.3106781372275088,0.2889034600371297,0.1791288623755844
KKGI,Interest Coverage Ratio,Solvency,-1.613675267146653,63.93756924524579,82.12307501749056,66.27052044764322
KKGI,NPM,Profitability,-0.1013945191684769,0.1748279368957216,0.1515003603887017,0.0912226120582824
KKGI,Operating Margin,Profitability,-0.0138106197486967,0.256664998256675,0.2363818000829929,0.1296136142089583
KKGI,Quick Ratio,Liquidity,2.4672901514039336,2.0136354676309867,2.0949815986478946,1.995057772883542
KKGI,ROE,Profitability,-0.087484775171071,0.2346135145509603,0.3166840363687386,0.1939644047739309
KKGI,ROI,Profitability,-0.0814878506512424,0.2247202145559056,0.3088282159199006,0.1912565021836499
KLBF,Cash Ratio,Liquidity,0.907704524635072,0.9403150197237544,0.5181995466432175,0.5897659756342489
KLBF,Current Ratio,Liquidity,4.1166246623529466,4.445187625075941,3.771176829628162,4.90807797385939
KLBF,DER,Solvency,0.0665199895952383,0.0319800946681813,0.0572825708369625,0.0288782153748366
KLBF,Debt Ratio,Solvency,0.0513118445100426,0.0243956833057649,0.0428656904819333,0.0228600865757809
KLBF,GPM,Profitability,0.4433208775738912,0.4296752090227049,0.4044884315060668,0.3882949677073023
KLBF,NPM,Profitability,0.1182581518927113,0.12122911273325,0.116895966945728,0.0908645885627575
KLBF,Operating Margin,Profitability,0.1536103881470166,0.1524753793491598,0.1460125451887542,0.1190555048226708
KLBF,Quick Ratio,Liquidity,2.983284184730963,3.0059246476260078,2.185237434358174,2.8138359698046584
KLBF,ROE,Profitability,0.1570339659051651,0.1625995067803867,0.1659148199318617,0.1291734710328778
KLBF,ROI,Profitability,0.1479621588406442,0.158076087203771,0.1573007339679778,0.1257870761384848
KMTR,Cash Ratio,Liquidity,0.0050508332017035,0.0930738185553552,0.0,0.0
KMTR,Current Ratio,Liquidity,1.1731649744913268,24.80362638095009,9.727484328778727,1.1635116717524905
KMTR,DER,Solvency,1.3641709013856924,1.6875576086765185,1.3836060814479056,1.3426460620102914
KMTR,Debt Ratio,Solvency,0.5327481775739674,0.5953545522999812,0.5462758695699934,0.5389083936226455
KMTR,GPM,Profitability,0.0893741034880655,0.0515521376637504,0.0596865906377489,0.0549956896290105
KMTR,Interest Coverage Ratio,Solvency,5.1688180481045904,2.6801822463057263,0.9041973194850362,0.8310314403521016
KMTR,NPM,Profitability,0.0221420978816123,0.0066259918141944,-0.0020748789407186,-0.0077022491808658
KMTR,Operating Margin,Profitability,0.044519993285019,0.0225280230631752,0.0265385878574975,0.0153197622776845
KMTR,Quick Ratio,Liquidity,0.5588210946948005,10.023204851080967,4.567988730625074,0.6599772121560725
KMTR,ROE,Profitability,0.0972741351365634,0.0415003972444975,-0.0125766568106833,-0.0382696001269002
KMTR,ROI,Profitability,0.0411451367917391,0.0154416772725233,-0.0052763151212652,-0.0163360572249911
KOIN,Cash Ratio,Liquidity,0.0,0.0,0.0160260745347305,0.0
KOIN,Current Ratio,Liquidity,1.1459357133332635,0.9888615055889572,0.8786550518295588,0.8375982463587957
KOIN,DER,Solvency,0.0999959478583568,0.4512485933015473,5.000836334961417,-0.2555422987176428
KOIN,Debt Ratio,Solvency,0.0187298689870152,0.0415929365250179,0.1177099651097142,0.0124118970256595
KOIN,GPM,Profitability,0.1124483468432682,0.0835640290699172,0.0719278620225434,0.0734048964917896
KOIN,NPM,Profitability,0.0284276554104884,-0.0107838549342286,-0.0235489564669373,-0.0235062885244081
KOIN,Operating Margin,Profitability,0.0099514509804139,-0.0050946084497258,-0.0202123065142469,-0.020472074151301
KOIN,Quick Ratio,Liquidity,0.8423005551935498,0.6006799820548266,0.4745074670755541,0.542238931713821
KOIN,ROE,Profitability,0.3248182547494086,-0.2832058802921247,-2.8357072437488924,1.5276182867214416
KOIN,ROI,Profitability,0.3248182547494086,-0.2088476425275906,-0.5024058844845332,1.5276182867214416
KONI,Cash Ratio,Liquidity,0.7445453071230476,19.246232119912783,2.743671189882724,2.425991289651917
KONI,Current Ratio,Liquidity,2.3249534645075154,48.11458479302948,10.014774776768787,11.404287592069828
KONI,DER,Solvency,0.502815038480535,0.0,0.0,0.0
KONI,Debt Ratio,Solvency,0.2878798385319483,0.0,0.0,0.0
KONI,GPM,Profitability,0.2721844596644212,0.2319557011537666,0.2261318851264006,0.2240107856309401
KONI,NPM,Profitability,0.0005205232771797,0.0622832309393325,0.0649177993264781,0.0789255381232609
KONI,Operating Margin,Profitability,0.0440090443813759,0.0721529024008739,0.0821562489604147,0.0996472130643984
KONI,Quick Ratio,Liquidity,1.3724468068601403,29.2518484163867,5.4993034874893,6.1694375971181925
KONI,ROE,Profitability,0.00076653191949,0.0737223567025561,0.0982635978390004,0.1448369468722634
KONI,ROI,Profitability,0.0005100640463813,0.0737223567025561,0.0982635978390004,0.1448369468722634
KOTA,Current Ratio,Liquidity,0.95359582110486,0.9099595071894492,1.608202383544091,1.4216805181478067
KOTA,DER,Solvency,0.1701573352688617,0.171675285971869,0.0930963057536704,0.0914566522874909
KOTA,Debt Ratio,Solvency,0.1374461855970913,0.1383871687766837,0.0746656986987567,0.0727707758803021
KOTA,GPM,Profitability,0.6052153085936122,0.6104821937759092,0.6685718201416159,0.6876857127295994
KOTA,NPM,Profitability,-4.385677829087588,-1.2606077317415811,-1.0050538049944902,-0.8845161628600682
KOTA,Operating Margin,Profitability,-4.470325505111967,-1.346303136725962,-0.6325791884971466,-0.4609362045348487
KOTA,Quick Ratio,Liquidity,0.9013573120423368,0.8577674599480848,1.5066207415795163,1.3200237469183456
KOTA,ROE,Profitability,-0.023146034854471,-0.0120852973895088,-0.0170235781267981,-0.0203440901179173
KOTA,ROI,Profitability,-0.0197802758285943,-0.0103145449376654,-0.0155737221296898,-0.0186393935803862
KPIG,Cash Ratio,Liquidity,0.0045779771189241,0.0062436530916988,0.0134839791978358,0.0
KPIG,Current Ratio,Liquidity,1.855319315019482,1.368651560970597,1.1218731685265355,0.0
KPIG,DER,Solvency,0.23768785200257,0.2395071263073923,0.2266320312935866,0.0
KPIG,Debt Ratio,Solvency,0.185938541849623,0.1879900713995561,0.1792633051969904,0.0
KPIG,GPM,Profitability,0.2229063809554599,0.1818412889950834,0.3620481283331657,0.0
KPIG,NPM,Profitability,0.4577157504437544,0.2798135736596863,0.1584590796863111,0.0
KPIG,Operating Margin,Profitability,-0.0521432282446732,-0.0236449032895505,0.1126547839940115,0.0
KPIG,Quick Ratio,Liquidity,1.2723986156869045,0.8827105079823653,0.6856121092472582,0.0
KPIG,ROE,Profitability,0.0134813406264127,0.0080724955208213,0.0070330380964051,0.0
KPIG,ROI,Profitability,0.0108982116144153,0.0065158900230129,0.0057362386423273,0.0
KRAS,Cash Ratio,Liquidity,0.0124967371443487,0.0091028996239521,0.0025049883064428,0.0
KRAS,Current Ratio,Liquidity,1.0094816168295675,0.6544900082661915,0.4469522572815939,0.0
KRAS,DER,Solvency,3.8424589322025664,3.5733520922584616,3.1045468693479594,0.0
KRAS,Debt Ratio,Solvency,0.6352361740032337,0.5983340912150381,0.5834853786671912,0.0
KRAS,GPM,Profitability,0.1025244947575345,0.0954391445006311,0.0904467345355194,0.0
KRAS,Interest Coverage Ratio,Solvency,1.2046216786653945,0.5510949185043145,0.2072870090634441,0.0
KRAS,NPM,Profitability,0.0174896594927666,0.0209915946695692,0.0086994473612852,0.0
KRAS,Operating Margin,Profitability,0.0990199142027855,0.0349861485899151,0.0258763216803147,0.0
KRAS,Quick Ratio,Liquidity,0.7483637383141429,0.4079012415429596,0.3316936238025147,0.0
KRAS,ROE,Profitability,0.0410764725069574,0.0703206478476032,0.0327643787908103,0.0
KRAS,ROI,Profitability,0.0085088107072645,0.0154203176584049,0.0080008874353938,0.0
KREN,DER,Solvency,0.1762755558770578,0.2719860388607312,0.3629035260044377,1.5628670621223213
KREN,Debt Ratio,Solvency,0.0556329965518956,0.05048265741568,0.0421374148718532,0.095381905325597
KREN,NPM,Profitability,-0.0275875904526935,-0.0369641807513289,-0.0092755178102643,-0.0047808878730353
KREN,ROE,Profitability,-0.2932207951647991,-0.7880681616305258,-0.3414245524903041,-0.3138617273242676
KREN,ROI,Profitability,-0.2522391940572866,-0.6300394469506909,-0.2540555923330374,-0.1239145244322174
LAND,Cash Ratio,Liquidity,0.0618804822008927,0.0445707727858679,0.0,0.0
LAND,Current Ratio,Liquidity,1.286176235012125,1.1528386736761949,0.9607948387710998,0.0
LAND,DER,Solvency,0.2182596775953126,0.1962960673564455,0.1880276175841208,0.0
LAND,Debt Ratio,Solvency,0.1407706935085312,0.1223617616010553,0.1198137265252853,0.0
LAND,GPM,Profitability,0.410915963122865,0.4906682852266383,0.4842135704514405,0.0
LAND,Interest Coverage Ratio,Solvency,-0.6528510930453425,-0.165252403479082,0.1862222793045978,0.0
LAND,NPM,Profitability,-0.6592209499652396,-0.2724206105069306,-0.1494959932989883,0.0
LAND,Operating Margin,Profitability,-0.3045811666382005,-0.0426742068469882,0.0331776858789398,0.0
LAND,Quick Ratio,Liquidity,0.2092359860479926,0.1977857551389,0.0788866181211356,0.0
LAND,ROE,Profitability,-0.0368230411917012,-0.024381945834508,-0.0169224844747265,0.0
LAND,ROI,Profitability,-0.0302903158663736,-0.0204008276059112,-0.0142473009037499,0.0
LAPD,Cash Ratio,Liquidity,0.0,0.0,0.0,0.2901628511396226
LAPD,Current Ratio,Liquidity,0.0279866000253381,0.0002013392633348,0.0024386727076291,1.0232909537133468
LAPD,DER,Solvency,-0.6618676787791318,-0.3431769109261788,-0.2787195575918895,-5.808001223349353
LAPD,Debt Ratio,Solvency,0.7861672352686445,1094.7755440206322,66.62495737502722,0.4766232391437141
LAPD,GPM,Profitability,-2.698503401788114,0.0,0.0,0.0185639452407622
LAPD,NPM,Profitability,-3.874198254921745,0.0,0.0,-0.007498677638308
LAPD,Operating Margin,Profitability,-3.3776000800078445,0.0,0.0,-0.0497646785276013
LAPD,Quick Ratio,Liquidity,0.0021980937654674,0.0002013392633348,0.0024386727076291,0.8458867471430498
LAPD,ROE,Profitability,0.3901901168023151,0.43608108191959,-15.112330953698756,0.0780207964357717
LAPD,ROI,Profitability,1.153956875206386,0.6639247145445253,-20.952087517088103,-0.0166978310657093
LCGP,Cash Ratio,Liquidity,0.0058015449714605,0.0,0.0,0.0
LCGP,Current Ratio,Liquidity,40.29395659716364,0.0,0.0,0.0
LCGP,GPM,Profitability,0.676327012,0.0,0.0,0.0
LCGP,NPM,Profitability,-1.388640418,0.0,0.0,0.0
LCGP,Operating Margin,Profitability,-1.4473492945,0.0,0.0,0.0
LCGP,Quick Ratio,Liquidity,26.279079217346503,0.0,0.0,0.0
LCGP,ROE,Profitability,-0.0017402190369201,0.0,0.0,0.0
LCGP,ROI,Profitability,-0.0017402190369201,0.0,0.0,0.0
LIFE,DER,Solvency,0.0043228039933279,0.0027054755420993,0.0011776846329723,0.0019616807503402
LIFE,Debt Ratio,Solvency,0.0021951018819558,0.001252633335183,0.0005825014504607,0.0009827499826801
LIFE,NPM,Profitability,0.0760568973683829,0.0182767462420445,0.1075570045719469,0.0365716849899035
LIFE,ROE,Profitability,0.0411241104650577,0.0097552518521024,0.0478586309969198,0.0168841232137339
LIFE,ROI,Profitability,0.0411241104650577,0.0097552518521024,0.0478586309969198,0.0168841232137339
LINK,Cash Ratio,Liquidity,0.0532485501298611,0.0687782390779201,2.108240056259892e-05,0.0
LINK,Current Ratio,Liquidity,0.27481723811582,0.4381549238769915,0.1925524483873792,0.2444896372009421
LINK,DER,Solvency,0.3806854895320083,0.6373211250637699,1.075990607956667,1.5928810731910752
LINK,Debt Ratio,Solvency,0.2256209547856529,0.3432389846447494,0.4590514009951571,0.5440709968383894
LINK,GPM,Profitability,0.7853876664911051,0.7842466796568792,0.7757405369886984,0.7896278283392955
LINK,Interest Coverage Ratio,Solvency,9.662849586404818,6.567331731947644,2.1331776596671603,0.0
LINK,NPM,Profitability,0.2326371973663797,0.1982839481287374,0.0550741389239131,-0.1357720041950478
LINK,Operating Margin,Profitability,0.3511335575118751,0.3398378463123474,0.2103388387567348,0.0645565586342505
LINK,ROE,Profitability,0.2037131458142202,0.1686532663737789,0.0484531610586479,-0.1234874076133546
LINK,ROI,Profitability,0.1538055609680091,0.1075930099143247,0.0241121964339107,-0.0478962017710983
LPCK,Cash Ratio,Liquidity,0.0611038052952182,0.0172208914409606,0.0175640475655697,0.0178111307693221
LPCK,Current Ratio,Liquidity,3.130483416415751,3.1660640439400187,3.375245763604952,3.6923224311221983
LPCK,DER,Solvency,0.1541254341389954,0.1421086295655087,0.1227546380295066,0.1170608422264211
LPCK,Debt Ratio,Solvency,0.1005597984272966,0.0991883879828829,0.0877041648675726,0.0826299032455476
LPCK,GPM,Profitability,0.3684865443922162,0.3606086692547685,0.5213620369119529,0.4768286693781022
LPCK,Interest Coverage Ratio,Solvency,-10.457464358275304,1.917646228020056,4.793774365885354,2.0609555336852465
LPCK,NPM,Profitability,-2.02719525651616,0.1026610029780897,0.248635422094422,0.1544097382813058
LPCK,Operating Margin,Profitability,0.2017206668083173,0.2223895181876196,0.3038039317855787,0.236221981700194
LPCK,Quick Ratio,Liquidity,0.4776854433857962,0.3535718299002227,0.2844066385712872,0.2822573071513309
LPCK,ROE,Profitability,-0.5762188415338461,0.0290669898109787,0.0462882290876995,0.0236932607926804
LPCK,ROI,Profitability,-0.4992688181798184,0.0254502847264508,0.0412273773092024,0.0212103583771294
LPGI,DER,Solvency,0.0037446457162922,0.0016923902494307,0.0001747101955862,0.0022881349460085
LPGI,Debt Ratio,Solvency,0.0011452132098,0.0004920571670166,4.202784797406482e-05,0.0006971120608835
LPGI,NPM,Profitability,0.0700927630576518,0.0185447792170722,0.0330909227078465,0.0078993218103658
LPGI,ROE,Profitability,0.1078976885324347,0.0389960574552246,0.1011283250375528,0.0294939069534186
LPGI,ROI,Profitability,0.1078976885324347,0.0389960574552246,0.1011283250375528,0.0294939069534186
LPKR,Cash Ratio,Liquidity,0.0308579895814753,0.0804946550409761,0.0802627289844691,0.0559376322868816
LPKR,Current Ratio,Liquidity,3.1283028389448773,3.2661888178462406,3.1250510403218543,3.004508876024652
LPKR,DER,Solvency,0.9200676329826872,1.0594750026117243,1.3829833515406924,1.3235915420073243
LPKR,Debt Ratio,Solvency,0.3455207201398695,0.3814688161518449,0.424914033529415,0.4089155144969952
LPKR,GPM,Profitability,0.3497924596275237,0.3438864417089758,0.4190515852230932,0.4373446042462992
LPKR,Interest Coverage Ratio,Solvency,-2.69196714579501,0.6279017403648438,0.0629487470714521,2.013558921042848
LPKR,NPM,Profitability,-0.7527841736760491,-0.0993209357158963,-0.1834577635704193,0.0029762143254206
LPKR,Operating Margin,Profitability,-0.0071491255364193,0.0722367481897825,0.1112140817492823,0.1586095487568785
LPKR,Quick Ratio,Liquidity,0.6119605540380815,0.8292052221291204,0.6173670056487482,0.5793544949350468
LPKR,ROE,Profitability,-0.4564810466487988,-0.0854786580125756,-0.1756935639797504,0.0032739993325324
LPKR,ROI,Profitability,-0.2677806812039833,-0.0496299291421662,-0.0882337710266329,0.0016885208432811
LPLI,Cash Ratio,Liquidity,0.0464759603095299,20.639339541134685,3.1267537881824743,1.5915069408584186
LPLI,Current Ratio,Liquidity,4.329158242898861,65.25151195161754,65.59247975627355,18.00564988912852
LPLI,DER,Solvency,0.2388973883448786,0.0,0.0,0.0
LPLI,Debt Ratio,Solvency,0.1888457726019223,0.0,0.0,0.0
LPLI,GPM,Profitability,-0.0561022963111736,-1.133816425120773,-0.1754526197993685,-0.022338403041825
LPLI,Interest Coverage Ratio,Solvency,-1.964023576512456,20.860492751326944,0.0,0.0
LPLI,NPM,Profitability,-1.4137376983329986,39.977777777777774,1.545621677790656,15.12148288973384
LPLI,Operating Margin,Profitability,-1.1310838856530765,-3.4389694041867958,-0.334998601175013,-3.288403041825095
LPLI,ROE,Profitability,-0.0285649356183117,0.2581024125821053,0.0347973729886438,0.1968660432744427
LPLI,ROI,Profitability,-0.0230567405235016,0.2581024125821053,0.0347973729886438,0.1968660432744427
LPPF,Cash Ratio,Liquidity,0.0,0.0,0.0,0.0
LPPF,Current Ratio,Liquidity,0.5637408535517978,0.7311356666814811,0.6137657410469115,0.4903627762762798
LPPF,DER,Solvency,6.643278989809299,2.7838299674344813,5.0556290979791925,117.1352397683649
LPPF,Debt Ratio,Solvency,0.6109327094444534,0.4786097074648762,0.5100840542191712,0.6122892063731762
LPPF,GPM,Profitability,0.3278400126579155,0.3489643620111418,0.3563432683252632,0.3433179917903218
LPPF,Interest Coverage Ratio,Solvency,-10.64799471294472,30.571732084002942,8.456247283043906,3.350476716950379
LPPF,NPM,Profitability,-0.1011406602757011,0.088994703042107,0.1119952248949312,0.053754830978243
LPPF,Operating Margin,Profitability,-0.0566763728446476,0.1011028431482178,0.1289307516653073,0.0958470222326084
LPPF,Quick Ratio,Liquidity,0.2523295872282323,0.3703843976263306,0.2334329288248085,0.221894379807225
LPPF,ROE,Profitability,-1.502588114634205,0.907434799378114,2.384191366579105,21.971501073589693
LPPF,ROI,Profitability,-0.5484398769437944,0.907434799378114,2.384191366579105,1.1629280522642624
LPPS,Cash Ratio,Liquidity,0.0,99.39616503850046,129.14004353608885,261.25818518040205
LPPS,Current Ratio,Liquidity,1087.146011983967,663.3330206020387,1017.4862077440118,1393.510059920863
LPPS,GPM,Profitability,-155.65380873333334,-3.721525088888889,-3.026684346666667,-3.0665418875
LPPS,NPM,Profitability,260.75460985,650.0931608166667,-1202.2110925066668,97.18411181666669
LPPS,Operating Margin,Profitability,-171.25786615,-8.591154094444445,-7.395693044444444,-6.4016572375
LPPS,ROE,Profitability,0.0142911919863058,0.0964034724979347,-0.2726125707098969,0.0229668424279435
LPPS,ROI,Profitability,0.0142911919863058,0.0964034724979347,-0.2726125707098969,0.0229668424279435
LSIP,Cash Ratio,Liquidity,2.918866676158491,3.3152237580323765,5.010729580469739,6.534742495960999
LSIP,Current Ratio,Liquidity,4.891541946884867,6.184387184949954,7.197427662701672,9.525022320795896
LSIP,DER,Solvency,0.0003611003760172,0.0008325737716887,0.0003449296890274,0.0007416762111474
LSIP,Debt Ratio,Solvency,0.0003076137704036,0.0007158727052773,0.0003037767617703,0.0006725957697825
LSIP,GPM,Profitability,0.3041786445693624,0.3998178753911469,0.325262989853769,0.274676984822535
LSIP,Interest Coverage Ratio,Solvency,1395.076923076923,2704.548752834467,1783.810650887574,1341.7402826855125
LSIP,NPM,Profitability,0.1967955628956878,0.2192970767917519,0.226034752433185,0.1818648959305911
LSIP,Operating Margin,Profitability,0.2301190848811653,0.3568351860678431,0.2641363316372062,0.2166154004777206
LSIP,Quick Ratio,Liquidity,4.008797246254219,5.351719029051504,6.049534473744657,8.472231867010573
LSIP,ROE,Profitability,0.0748005457774254,0.0973910136988022,0.094777753534752,0.0671442989798405
LSIP,ROI,Profitability,0.0748005457774254,0.0973910136988022,0.094777753534752,0.0671442989798405
LTLS,Cash Ratio,Liquidity,0.079406647701068,0.1273724708478427,0.0203148650993377,0.055134526844666
LTLS,Current Ratio,Liquidity,0.9762978725347384,1.1373110698216211,1.219159936684398,1.1761031574818592
LTLS,DER,Solvency,0.9661626867489423,0.7075604257327112,0.5073810536828078,0.3835839293038158
LTLS,Debt Ratio,Solvency,0.3553346080722017,0.2821474216655648,0.2254279070431442,0.1839430829309199
LTLS,GPM,Profitability,0.2100763580455973,0.1956403273039859,0.1913412864262039,0.1623315441425893
LTLS,Interest Coverage Ratio,Solvency,1.9601972963530965,4.451512103423257,4.246380054569865,3.6522969600133672
LTLS,NPM,Profitability,0.0134501884542744,0.0413616426927468,0.0407421391869518,0.0219960578944476
LTLS,Operating Margin,Profitability,0.0773554817323273,0.0848224350558145,0.0755155877278095,0.0534157762397255
LTLS,Quick Ratio,Liquidity,0.6356783093523537,0.7089661084382319,0.6405996433061324,0.7121018126803574
LTLS,ROE,Profitability,0.0370887011558353,0.1106909082109627,0.1185592596860402,0.0596284167420313
LTLS,ROI,Profitability,0.019248347648425,0.0657018983761547,0.0793229973483387,0.0434259154578429
MAGP,Current Ratio,Liquidity,0.6978772073190259,0.0,0.0,0.0
MAGP,DER,Solvency,3.642379887590578,0.0,0.0,0.0
MAGP,Debt Ratio,Solvency,0.5023391309179827,0.0,0.0,0.0
MAGP,GPM,Profitability,-0.1720139904808629,0.0,0.0,0.0
MAGP,NPM,Profitability,-1.283537494507469,0.0,0.0,0.0
MAGP,Operating Margin,Profitability,-0.3131928661374012,0.0,0.0,0.0
MAGP,Quick Ratio,Liquidity,0.6726543271325619,0.0,0.0,0.0
MAGP,ROE,Profitability,-1.3360094824005149,0.0,0.0,0.0
MAGP,ROI,Profitability,-0.3435147014385662,0.0,0.0,0.0
MAHA,Current Ratio,Liquidity,1.263288496071569,1.4397767420307823,1.3721847693785456,1.9341266104675627
MAHA,DER,Solvency,0.2484244235049705,0.183179873921642,0.1109555691590239,0.2188736370887066
MAHA,Debt Ratio,Solvency,0.1591465379454448,0.1257292428138053,0.0785280944794015,0.1535132924740584
MAHA,GPM,Profitability,0.2541518752642921,0.2416767046333781,0.2548006172573265,0.2520820494638701
MAHA,Interest Coverage Ratio,Solvency,10.783808448071582,30.27136748988133,31.114769166749756,15.435580626600684
MAHA,NPM,Profitability,0.1361196072647997,0.2363042218508322,0.3055073741536744,0.1354815189272861
MAHA,Operating Margin,Profitability,0.1922714459890105,0.1861842080047315,0.2051540276462033,0.2003299982656826
MAHA,Quick Ratio,Liquidity,1.109196625082996,1.223462018280293,1.185779673930974,1.7906321604519375
MAHA,ROE,Profitability,0.2696069046210403,0.4242405737624285,0.4411715785544494,0.1495838467299524
MAHA,ROI,Profitability,0.2694316665640404,0.4242405737624285,0.4411715785544494,0.1495838467299524
MAIN,Cash Ratio,Liquidity,0.0,0.0,0.0732705255932395,0.0
MAIN,Current Ratio,Liquidity,1.198592401030206,1.2560436344622656,1.169234931465798,0.0
MAIN,DER,Solvency,0.9923818094228446,1.1730047880906438,1.30626159927621,0.0
MAIN,Debt Ratio,Solvency,0.421634978841896,0.4423109401148486,0.472168340048379,0.0
MAIN,GPM,Profitability,0.093351527166955,0.061099934951339,0.0625023427435456,0.0
MAIN,NPM,Profitability,-0.0055479300563029,0.006612485856715,0.0023636127459291,0.0
MAIN,Operating Margin,Profitability,0.0305302573106952,0.0111323373294914,0.0163945912252017,0.0
MAIN,Quick Ratio,Liquidity,0.4145196337074515,0.4197274700760155,0.5832505555609875,0.0
MAIN,ROE,Profitability,-0.0195568379804905,0.0294508661164808,0.0126315309923356,0.0
MAIN,ROI,Profitability,-0.0098393360515009,0.013589334942895,0.0054849110215365,0.0
MAPA,Cash Ratio,Liquidity,0.0146798113809514,0.0269966843409259,0.0838882384961262,0.0283869911154176
MAPA,Current Ratio,Liquidity,1.8654866829733048,2.211013238655511,2.253053065835489,1.7584073260273223
MAPA,DER,Solvency,0.4104934533526981,0.2390334956716989,0.2868039996294562,0.4328387254819382
MAPA,Debt Ratio,Solvency,0.2286834406716243,0.1454407902330259,0.1721814067909653,0.228313114726785
MAPA,GPM,Profitability,0.3998847637133272,0.4281627182513345,0.4785325122127404,0.4865743832602124
MAPA,NPM,Profitability,0.0004345934731505,0.0415014758353274,0.1199295191220702,0.1024053745981792
MAPA,Operating Margin,Profitability,0.0122664948927947,0.0741330439811175,0.1636276634385037,0.1467862267439952
MAPA,Quick Ratio,Liquidity,0.6164862959556103,0.7730755104436319,0.9792110963633516,0.58066736724305
MAPA,ROE,Profitability,0.0006933176919794,0.0775956345028751,0.2636553333065669,0.2436492043036112
MAPA,ROI,Profitability,0.0005953405860981,0.0761292234304298,0.2579460310661067,0.2159548055427974
MAPB,Cash Ratio,Liquidity,0.132962528375974,0.0366865704680654,0.0,0.3014936788667954
MAPB,Current Ratio,Liquidity,0.5677418860052764,0.5771435343203621,0.5318302758195063,0.7238804298956268
MAPB,DER,Solvency,0.5234142820752313,0.4206287686386937,0.3570118683416867,0.3116857862753816
MAPB,Debt Ratio,Solvency,0.2223633261651801,0.1930078004388836,0.1607950041355975,0.1620280566409079
MAPB,GPM,Profitability,0.6729017084526485,0.6744058834005173,0.6843459675983414,0.6901931339110623
MAPB,NPM,Profitability,-0.0806126871417488,-0.0055355326577507,0.0393988201709111,0.0261658281770032
MAPB,Operating Margin,Profitability,-0.0804360990967105,0.0104800436623929,0.0675986905270361,0.0472412102354997
MAPB,Quick Ratio,Liquidity,0.4612830925210135,0.4163162725594738,0.3644339575148836,0.5578135201106608
MAPB,ROE,Profitability,-0.1590127521285711,-0.0131064879014038,0.1175273926533446,0.062041796353935
MAPB,ROI,Profitability,-0.1588850463117848,-0.0131019457737731,0.1174778413670035,0.0620006647435316
MAPI,Cash Ratio,Liquidity,0.0317782496135039,0.0423840103232035,0.0981135213523322,0.0850679853279388
MAPI,Current Ratio,Liquidity,1.1117112909956453,1.2329983436158054,1.419510830485038,1.3565693451792782
MAPI,DER,Solvency,1.2517834365204967,0.854401302748047,0.6958617568747444,0.8294747328853582
MAPI,Debt Ratio,Solvency,0.384881123830512,0.3032651105833342,0.2694496963157752,0.3013694259217594
MAPI,GPM,Profitability,0.4162981284666848,0.4175284549015206,0.4465646942125689,0.4530044004271341
MAPI,NPM,Profitability,-0.0372938073054955,0.0228061491973182,0.0786224623515165,0.0568312296618267
MAPI,Operating Margin,Profitability,-0.009199187628701,0.0636010925648738,0.1145700726203849,0.1052256636648888
MAPI,Quick Ratio,Liquidity,0.6058861771571451,0.67284775886745,0.7983022207779313,0.6247081766988731
MAPI,ROE,Profitability,-0.1020505165870147,0.0704664602752407,0.2602954016298021,0.1894007349778646
MAPI,ROI,Profitability,-0.0667193385180204,0.0559552236758715,0.2310275844893821,0.1425492199894982
MARK,Cash Ratio,Liquidity,0.0167067765781643,0.1206747160259673,0.0537097784217963,0.3594176683293839
MARK,Current Ratio,Liquidity,1.1924852685751546,2.141739902399937,3.898077153615183,5.334970450571045
MARK,DER,Solvency,0.3984295014303566,0.1811902786583148,0.1444096909912045,0.0685084625039154
MARK,Debt Ratio,Solvency,0.2251484249009106,0.124474164210367,0.1208028430030065,0.0602840082864224
MARK,GPM,Profitability,0.4198880800996407,0.5082608027600033,0.488764012628385,0.4713365768374392
MARK,Interest Coverage Ratio,Solvency,42.3723331242347,81.74414166042757,88.58365004372914,59.59450499121385
MARK,NPM,Profitability,0.2547167257541227,0.3285701640920587,0.2951375608010473,0.2788639623890934
MARK,Operating Margin,Profitability,0.3285085425396782,0.432005880969767,0.3954281828959007,0.3429682937635435
MARK,Quick Ratio,Liquidity,0.6406529531113959,1.2287813001959444,1.546085342746796,2.967909673728103
MARK,ROE,Profitability,0.3541266566158882,0.529303900730032,0.2890442530625463,0.1863281876955226
MARK,ROI,Profitability,0.2532316832944932,0.4481106137541661,0.2525706094049214,0.1743815741607567
MASA,Cash Ratio,Liquidity,0.0,0.0372885110284961,0.0119877492795962,0.2342131153459549
MASA,Current Ratio,Liquidity,1.51556876622312,1.559594988907849,1.4098507681884214,1.9775634829989897
MASA,DER,Solvency,0.596766750271844,0.4441835769639825,0.1387741919260841,0.0038145224749452
MASA,Debt Ratio,Solvency,0.3027274850457456,0.2313882973982248,0.0973738202313803,0.0027758499198533
MASA,GPM,Profitability,0.2327855790982648,0.2815774833297287,0.3050416120466761,0.4003336117505099
MASA,Interest Coverage Ratio,Solvency,9.925376986400869,65.21837323672142,0.0,0.0
MASA,NPM,Profitability,0.110713206855916,0.1085925219917383,0.1138723333762193,0.1541073773751388
MASA,Operating Margin,Profitability,0.0953411365911964,0.1455509077427409,0.1696963749651978,0.199037532805903
MASA,Quick Ratio,Liquidity,0.92761553664381,0.9468350579543376,0.77210748408729,1.494625966304409
MASA,ROE,Profitability,0.1498903353768526,0.1848437349029612,0.1628946615048292,0.1977494769633792
MASA,ROI,Profitability,0.0943964146604354,0.1284079385380821,0.1432287937354914,0.1977494769633792
MASB,DER,Solvency,0.0059065904080319,0.0043077012423896,0.0019275766929827,0.0048061524352798
MASB,Debt Ratio,Solvency,0.0005182721488631,0.0005014562015476,0.0003097442966664,0.0006462565606745
MASB,Free Cash Flow,Liquidity,7212697346758.0,726794723670.0,-3054784771708.0,5095399254018.0
MASB,NPM,Profitability,0.2315900050886983,0.3064442850875239,0.3641776577366645,0.2941257305619758
MASB,ROE,Profitability,0.0572491009911301,0.0789058160412046,0.0891141872836445,0.0662202401078118
MAYA,DER,Solvency,0.1582442833917535,0.128163336261686,0.187252267140855,0.0
MAYA,Debt Ratio,Solvency,0.0220891226331301,0.0150414781814761,0.0191655865443244,0.0
MAYA,Free Cash Flow,Liquidity,561787000000.0,7254550000000.0,5039320000000.0,0.0
MAYA,NPM,Profitability,0.2689423629070455,0.0946293699095459,0.0136644650322781,0.0
MAYA,ROE,Profitability,0.0049683781208002,0.0031568261617309,0.0018761375396379,0.0
MAYA,ROI,Profitability,0.0042895770711261,0.0027981995693916,0.0015802349606424,0.0
MBAP,Cash Ratio,Liquidity,0.8705825854108924,0.0,1.1232117091103866,1.2572702035295384
MBAP,Current Ratio,Liquidity,3.744011808238413,3.977711141796253,5.357850982318075,3.742873804620468
MBAP,DER,Solvency,0.0884242665237791,0.0195086164043786,0.0,0.0010386275220728
MBAP,Debt Ratio,Solvency,0.0671636294906925,0.0151380814619829,0.0,0.0007754531414181
MBAP,GPM,Profitability,0.3329355760360707,0.5415488534883955,0.5912265249628592,0.2066730009325038
MBAP,Interest Coverage Ratio,Solvency,30.05651163307701,188.31638584303445,838.7105409988512,165.10293841434145
MBAP,NPM,Profitability,0.1365130329499448,0.3245747550464138,0.3990586138311749,0.0968116062918882
MBAP,Operating Margin,Profitability,0.1788184888154672,0.4143635740711001,0.5116102238700542,0.070608623330886
MBAP,Quick Ratio,Liquidity,3.35395019436359,3.757120275495823,4.746462240501846,3.24813350822904
MBAP,ROE,Profitability,0.1987229069156735,0.5028739832826848,0.7181501155903032,0.1266089616489908
MBAP,ROI,Profitability,0.1922213315355158,0.5028739832826848,0.7181501155903032,0.1266089616489908
MBMA,Cash Ratio,Liquidity,0.0,0.0,0.0,0.0161907897390219
MBMA,Current Ratio,Liquidity,0.0,0.0,2.595355865669182,2.188834893670118
MBMA,DER,Solvency,0.0,0.0,0.5567700877705594,0.3214438097348534
MBMA,Debt Ratio,Solvency,0.0,0.0,0.2259087800798197,0.1508981236642009
MBMA,GPM,Profitability,0.0,0.0,0.0974391057606332,0.0583267274521065
MBMA,Interest Coverage Ratio,Solvency,0.0,0.0,1.4318069770420667,2.5419507327525936
MBMA,NPM,Profitability,0.0,0.0,0.0475367985146097,0.0052162268341695
MBMA,Operating Margin,Profitability,0.0,0.0,0.0661915905381362,0.0355394394936215
MBMA,Quick Ratio,Liquidity,inf,inf,2.049228228444746,1.3855696638906172
MBMA,ROE,Profitability,-0.0019220973342798,0.0950106690467605,0.0245174795156059,0.0045232986947988
MBMA,ROI,Profitability,-0.0019220973342798,0.0950106690467605,0.0157813750071464,0.0034335515627184
MBSS,Cash Ratio,Liquidity,1.1061601458740988,2.1801187599888165,0.8707403179675012,4.687772827079961
MBSS,Current Ratio,Liquidity,2.1086193109091704,7.419542402657287,7.055245788006032,12.982922042536824
MBSS,DER,Solvency,0.1727819143260062,0.0,0.0580877371245784,0.142533685709692
MBSS,Debt Ratio,Solvency,0.1284299431599433,0.0,0.0509239860767141,0.120954415683374
MBSS,GPM,Profitability,0.0707472215297376,0.2068992096233923,0.2992473829357959,0.3011714174465885
MBSS,NPM,Profitability,-0.2732127595379553,0.1566560747189164,0.2842967910050856,0.3896777906860679
MBSS,Operating Margin,Profitability,-0.121625673249502,0.106562220928065,0.2432780645299559,0.2193426907016298
MBSS,Quick Ratio,Liquidity,2.005766700641483,6.877553193708977,6.895941175180168,12.804173865658008
MBSS,ROE,Profitability,-0.1034881433884245,0.0734814676070296,0.1358278491158798,0.1174386342901423
MBSS,ROI,Profitability,-0.0882415921700999,0.0734814676070296,0.128371064468624,0.1031974388227338
MCAS,Cash Ratio,Liquidity,0.5167884156164368,0.1807879699916307,0.1542427384900479,0.0
MCAS,Current Ratio,Liquidity,3.442631251587249,2.938383928902207,2.246221405681988,1.9294094897757812
MCAS,DER,Solvency,0.3625580809170858,0.2997237343123726,0.7533872191228368,1.9673026851073785
MCAS,Debt Ratio,Solvency,0.0943997556251017,0.0710691034416549,0.1198225417103929,0.1851373680713668
MCAS,GPM,Profitability,0.0196343463138165,0.0175043587099806,0.0172960519065238,0.0172554842444041
MCAS,Interest Coverage Ratio,Solvency,5.990973185807233,5.123481838227084,2.8966517770599034,1.55049518682251
MCAS,NPM,Profitability,0.0022620264516405,0.0049764231145027,0.0020149325436904,4.623751440579029e-05
MCAS,Operating Margin,Profitability,0.0101954264266548,0.0067938578910611,0.0043222831653636,0.0022886642398209
MCAS,Quick Ratio,Liquidity,2.2772678289749484,2.1561691065474013,1.5389527831557088,1.3492303895149458
MCAS,ROE,Profitability,0.0536568187281063,0.1246284521918629,0.0816255124622687,0.0028880447061032
MCAS,ROI,Profitability,0.0395719798242087,0.0967399438644536,0.0468723609946418,0.0009755445993837
MCOL,Cash Ratio,Liquidity,0.8352374412405883,1.48612992246417,1.738667765492505,1.6227487690251594
MCOL,Current Ratio,Liquidity,1.274193914039223,2.570871753906613,3.5616678524522167,3.411406874909628
MCOL,DER,Solvency,0.7028130094246139,0.158006229082028,0.1309100143141453,0.1269285649748106
MCOL,Debt Ratio,Solvency,0.3284168150144586,0.1047219351836084,0.0965850556487787,0.094839710419018
MCOL,GPM,Profitability,0.3051485023098335,0.563715600008767,0.4979501023426368,0.3664790897833029
MCOL,Interest Coverage Ratio,Solvency,6.743781930633867,48.17307247953136,70.11773482945603,0.0
MCOL,NPM,Profitability,0.1367468277041518,0.3914063649594329,0.3309245665864694,0.2484375870913605
MCOL,Operating Margin,Profitability,0.1929643011969269,0.5173760138282697,0.4473548052728245,0.3022421559088719
MCOL,Quick Ratio,Liquidity,1.1885335345000771,2.481174083504084,3.416493471080908,3.203369546014188
MCOL,ROE,Profitability,0.2758919982940334,0.7101267821188368,0.6500731952479144,0.40935094265978
MCOL,ROI,Profitability,0.2036303292667399,0.6954415829048012,0.6500731952479144,0.404929354816364
MCOR,DER,Solvency,0.0707339352563757,0.0734232650563062,0.0767376694906163,0.0710517468160586
MCOR,Debt Ratio,Solvency,0.0168645269120697,0.0170456081166202,0.0190111454871053,0.0166852973217742
MCOR,Free Cash Flow,Liquidity,-2385996000000.0,594882000000.0,-1396980000000.0,3005114000000.0
MCOR,NPM,Profitability,0.0767962507682851,0.0970835320444623,0.1498932239958811,0.2351642653936979
MCOR,ROE,Profitability,0.0083066908925068,0.0130553051483537,0.0219315699657877,0.0368915063350109
MCOR,ROI,Profitability,0.0077628647438979,0.0121976757245327,0.0203950879818404,0.0344579988738254
MDIA,Cash Ratio,Liquidity,0.0,0.0,0.0,0.0
MDIA,Current Ratio,Liquidity,1.5158253881844284,1.7701121656559362,1.369445518198792,0.0
MDIA,DER,Solvency,0.6345883525428562,0.3845635300725439,0.6169977055424288,0.0
MDIA,Debt Ratio,Solvency,0.242619664688504,0.183967302768995,0.2320231554220921,0.0
MDIA,GPM,Profitability,0.5101635527432743,0.5145753471277751,0.4950935560737711,0.0
MDIA,Interest Coverage Ratio,Solvency,0.6391301183828484,0.7301241642602484,0.3657317747049112,0.0
MDIA,NPM,Profitability,0.0786880743415982,0.0602481513583864,0.0250050527249564,0.0
MDIA,Operating Margin,Profitability,0.155684263909492,0.1867093541950381,0.1306339561831717,0.0
MDIA,Quick Ratio,Liquidity,1.4043575055977535,1.5425972058598063,1.2242832360250924,0.0
MDIA,ROE,Profitability,0.040012006172841,0.0312249195607733,0.0108137870971528,0.0
MDIA,ROI,Profitability,0.0245040893181043,0.0228244566104822,0.0067273343810134,0.0
MDKA,Cash Ratio,Liquidity,0.0,0.0117681127382704,0.0052997365884211,0.0063761552341575
MDKA,Current Ratio,Liquidity,1.0368917638780943,1.3837741389904832,1.481591674710334,1.3269742662411643
MDKA,DER,Solvency,0.503130331266567,0.5000276481314088,1.407346961034305,1.7073716251719309
MDKA,Debt Ratio,Solvency,0.2895520061895255,0.2954843384565373,0.3641882531303669,0.3187823848627766
MDKA,GPM,Profitability,0.3545673933009909,0.3152514041699805,0.1892806998978059,0.0853515484843398
MDKA,Interest Coverage Ratio,Solvency,5.133384316980599,4.240998534755129,1.84617300989104,1.072631875626307
MDKA,NPM,Profitability,0.1124589370342407,0.0948629892171771,0.0671624413692159,-0.01210326113854
MDKA,Operating Margin,Profitability,0.2792329238764132,0.2384387989612957,0.1282795085769371,0.0566810401875599
MDKA,Quick Ratio,Liquidity,0.5115163317945484,0.9416506531143086,1.0668910283621615,0.8391981769651898
MDKA,ROE,Profitability,0.0676576455339889,0.0478299133860938,0.0582374310096158,-0.0222874219538704
MDKA,ROI,Profitability,0.0472322621148017,0.0331737304846561,0.0246029465327324,-0.0083833329536322
MDLN,Cash Ratio,Liquidity,0.0006001239469477,0.2696803264424313,0.0018259710376911,0.0001754011476869
MDLN,Current Ratio,Liquidity,0.256929575369798,0.9787372463833286,0.803828950917466,0.880357386381744
MDLN,DER,Solvency,1.3739162459960323,1.5796063045383508,1.4566989434703133,1.5455914920824525
MDLN,Debt Ratio,Solvency,0.390450903237492,0.4545691579354751,0.4550008208797509,0.46486421739371
MDLN,GPM,Profitability,0.4937475556610983,0.6733928651118078,0.5123398442552641,0.4667147265193089
MDLN,Interest Coverage Ratio,Solvency,-2.19782150723452,0.8777969276874553,1.0664607921723768,0.6424676004726819
MDLN,NPM,Profitability,-2.4112935037413257,-0.0209066774960834,0.0183560449686481,-0.0884958598154188
MDLN,Operating Margin,Profitability,-0.1164939028967418,0.4802618935544487,0.8215315148712735,0.0897999629513289
MDLN,Quick Ratio,Liquidity,0.0513183994618297,0.3939003390501935,0.1333571799134253,0.1384874130591326
MDLN,ROE,Profitability,-0.4179605319090433,-0.0100365997212779,0.0047735360293094,-0.0247679606402729
MDLN,ROI,Profitability,-0.1763130400031855,-0.0038935992191681,0.0019448371978464,-0.0097401142999216
MDRN,Current Ratio,Liquidity,0.1736685158745756,0.2086518289437765,0.2834306646479972,0.2558294441243299
MDRN,DER,Solvency,-1.0306795059197655,-1.2550237004886278,-1.320377175747133,-1.3259525446557854
MDRN,Debt Ratio,Solvency,1.8126238001657,2.0920443080652795,1.909496102144766,1.983000781704163
MDRN,GPM,Profitability,0.3980926389318543,0.3445722210205645,0.4917733711565694,0.6524436462672396
MDRN,Interest Coverage Ratio,Solvency,-34.12874328534643,56.21477876960455,96.79109439584492,15.48038352915706
MDRN,NPM,Profitability,-2.381160991518768,1.6230258516143017,1.197228531654543,0.2373480650543906
MDRN,Operating Margin,Profitability,-0.0605719263158169,-0.1709707292328041,0.0625431148853705,0.0257820588599801
MDRN,Quick Ratio,Liquidity,0.1236437152501884,0.1449522898387274,0.1348921185419496,0.1096087749551444
MDRN,ROE,Profitability,0.3862093938615087,-0.3085344139861611,-0.2395972316262908,-0.0373265714500885
MDRN,ROI,Profitability,-15.971322644900892,1.2501464838521483,0.7723342501463818,0.1182840156021962
MEDC,Cash Ratio,Liquidity,0.0230437682545924,0.0978997880498987,0.0835258673816746,0.0
MEDC,Current Ratio,Liquidity,1.3724189644840945,1.6911185432557452,1.2697585137212757,0.0
MEDC,DER,Solvency,2.9827289443085707,2.993804093700829,2.1431190890209786,0.0
MEDC,Debt Ratio,Solvency,0.5108043571051213,0.5650240283689217,0.4814539807338692,0.0
MEDC,GPM,Profitability,0.28566990231677,0.4397752778189432,0.5389050121718943,0.0
MEDC,NPM,Profitability,-0.1753112073060855,0.0375522379755129,0.2295979316831976,0.0
MEDC,Operating Margin,Profitability,0.1431834273672231,0.310867948778031,0.4273779670933968,0.0
MEDC,Quick Ratio,Liquidity,1.2998809147725667,1.5908534156029062,1.1928506664929688,0.0
MEDC,ROE,Profitability,-0.1914006272356006,0.0438317049486959,0.3409081794889217,0.0
MEDC,ROI,Profitability,-0.0516270946452575,0.0115756431208982,0.1127516941529946,0.0
MEGA,DER,Solvency,0.0204761054802382,0.0192921567300082,0.0935331458082125,0.1369413162489957
MEGA,Debt Ratio,Solvency,0.0033228447815757,0.0027794980094354,0.0136150044928605,0.0225613648436063
MEGA,Free Cash Flow,Liquidity,-454245000000.0,10983155000000.0,16926104000000.0,-10191892000000.0
MEGA,NPM,Profitability,0.4782317365520767,0.5382470130222426,0.5305595419413607,0.486541450270956
MEGA,ROE,Profitability,0.1652178282801932,0.2093582249155682,0.1964108195920456,0.1613697317034638
MEGA,ROI,Profitability,0.1622680112087123,0.2057572380912583,0.1798002324145904,0.1420480167427679
MERK,Cash Ratio,Liquidity,0.3619323231834732,0.5792924638482624,0.6065056836337775,1.4396385470707098
MERK,Current Ratio,Liquidity,2.5470602784805663,2.714873062211925,3.3277808769753454,5.74410602381239
MERK,DER,Solvency,0.0359411834528955,0.0296508576728716,0.0213712016783165,0.022783255640787
MERK,Debt Ratio,Solvency,0.0236805336381996,0.0197633633823271,0.015596017004777,0.0189313456658098
MERK,GPM,Profitability,0.448589245550173,0.3745637797004864,0.3802170332712633,0.4165365324908195
MERK,Interest Coverage Ratio,Solvency,27.32357289826515,72.66429784681598,70.4034365665785,49.42504279200081
MERK,NPM,Profitability,0.1096326571531437,0.1236954860589019,0.1599126808617485,0.1853897506106932
MERK,Operating Margin,Profitability,0.1687514800038194,0.1798640140876672,0.2107566212148628,0.2076459229313788
MERK,Quick Ratio,Liquidity,1.3556270040664862,1.7571855557386231,1.783927188632959,2.727286422743269
MERK,ROE,Profitability,0.117356381793016,0.1924742776846911,0.2374905807643974,0.2239537032116899
MERK,ROI,Profitability,0.117356381793016,0.1924742776846911,0.2374905807643974,0.2239537032116899
META,Cash Ratio,Liquidity,0.3742015999228893,1.472732292136149,0.21928916049528,1.3881490070485016
META,Current Ratio,Liquidity,1.2876077023891384,2.1099908993031877,0.4897341134293234,3.771680137164328
META,DER,Solvency,0.7745280548634242,1.102317031012485,2.4908972957881925,0.1427288514059411
META,Debt Ratio,Solvency,0.3440697341444638,0.4346491434028804,0.5964936063964517,0.1188142017940263
META,GPM,Profitability,0.2148997608124316,0.4809290403025983,0.4145076377967981,0.3860588346907284
META,Interest Coverage Ratio,Solvency,2.184812010461106,1.0749209250525893,1.4921174140420466,0.7981335468408279
META,NPM,Profitability,0.0441954597058649,0.007089631203058,0.0516547167582818,-0.1385570550515556
META,Operating Margin,Profitability,0.08395934526091,0.183462593135025,0.1923855713129267,0.2296016932209094
META,Quick Ratio,Liquidity,1.2708620084458522,2.0941173618791367,0.4830647941794933,3.676909090893282
META,ROE,Profitability,0.0267172290672831,0.002305846951022,0.0271213565355394,-0.065009604023087
META,ROI,Profitability,0.0150650983582219,0.0010973723902579,0.0077743785260917,-0.056905287044525
MFIN,Cash Ratio,Liquidity,0.1811584526465404,0.0346125348486552,0.0528625932006473,0.2656337698467728
MFIN,Current Ratio,Liquidity,2.790120384048816,2.954670080177133,3.3488883579666004,2.466419779887831
MFIN,DER,Solvency,0.6958725843393411,0.833663958328583,0.93706751414734,0.8705040292306923
MFIN,Debt Ratio,Solvency,0.3859124314523608,0.4309155189909034,0.4616503260237254,0.4436965977427135
MFIN,GPM,Profitability,0.6146505312744804,0.7080360707553195,0.7038064724756236,0.6520797494515337
MFIN,NPM,Profitability,0.1146124141049299,0.2779548067323064,0.3068373177070956,0.1948357088691687
MFIN,Operating Margin,Profitability,0.2459602372202331,0.4307411368256567,0.4646699600304547,0.3237762128224572
MFIN,ROE,Profitability,0.0746891183277572,0.1756279250901844,0.2034998133465844,0.1245160359554002
MFIN,ROI,Profitability,0.0440417039684934,0.0957797770373762,0.1050556120838984,0.0665681730750463
MGRO,Cash Ratio,Liquidity,0.0010369371558011,0.0635204493790854,0.0941365894058315,0.1325341157170846
MGRO,Current Ratio,Liquidity,0.7282791101358689,1.0277821375733758,1.0040543124592816,0.8420436530135799
MGRO,DER,Solvency,0.9180351723771782,1.3098129096975253,2.7551922225978647,4.184866098921746
MGRO,Debt Ratio,Solvency,0.3619259192536481,0.4649916530973729,0.6527427417742996,0.7189707997302364
MGRO,GPM,Profitability,0.0402572766952959,0.1128175959632388,0.0970741297881653,0.0474338393936837
MGRO,Interest Coverage Ratio,Solvency,0.4154475007713961,2.765158497680254,1.051595870904151,-0.3728860775652876
MGRO,NPM,Profitability,-0.0126013352028533,0.0107391834970047,-0.0026785589292176,-0.0280590048756295
MGRO,Operating Margin,Profitability,0.0054436657350084,0.0249506817676265,0.0133947575522997,-0.008091662310283
MGRO,Quick Ratio,Liquidity,0.5075843892900864,0.4823610052310766,0.5167610102067586,0.6461051722972952
MGRO,ROE,Profitability,-0.091537664339282,0.1215400769641066,-0.0331268506085356,-0.330607258352053
MGRO,ROI,Profitability,-0.0477575842966986,0.0526261840324786,-0.0088769362916846,-0.0640331858351722
MICE,Cash Ratio,Liquidity,0.0772705230768129,0.032962691957466,0.0,0.0
MICE,Current Ratio,Liquidity,1.7015001869960906,1.6320116428592126,1.5390025324386616,1.6505671579292034
MICE,DER,Solvency,0.3485103960118536,0.3319904270318758,0.3726312722881302,0.3195886082198677
MICE,Debt Ratio,Solvency,0.2371611040757046,0.2218880673139732,0.2333418444536423,0.2141821736111922
MICE,GPM,Profitability,0.5683537300486626,0.5269529383528022,0.4959784531121779,0.4792475749193908
MICE,Interest Coverage Ratio,Solvency,1.254245516896917,3.087353363676554,3.8954934537891055,2.745933714303351
MICE,NPM,Profitability,0.0041232201946949,0.039080034229244,0.0489537274590365,0.0316303824430008
MICE,Operating Margin,Profitability,0.0565117615361248,0.100322614732815,0.086369533549032,0.0693841844713358
MICE,Quick Ratio,Liquidity,0.8570906401017863,0.8370091175943263,0.6964848207155715,0.7395792838214831
MICE,ROE,Profitability,0.0039632612219523,0.0423884050541328,0.0637011050471323,0.038588707965983
MICE,ROI,Profitability,0.0029508830878478,0.0318747313315971,0.046514962145407,0.0292592971202751
MIDI,Cash Ratio,Liquidity,0.0,0.012730444750276,0.0159290456590164,0.0
MIDI,Current Ratio,Liquidity,0.6495191744183239,0.6868638332669273,0.7629635883254963,0.9472314704604646
MIDI,DER,Solvency,1.6919530019611124,1.3296631118143902,1.0030115947151823,0.1698811243373439
MIDI,Debt Ratio,Solvency,0.399356448755869,0.3502144468973174,0.2884763657491483,0.0815983952960329
MIDI,GPM,Profitability,0.2488689902331847,0.2519291762772124,0.2530349174399279,0.2598438420688148
MIDI,Interest Coverage Ratio,Solvency,2.40190327892137,3.110080779161021,4.708424059462212,7.343317812904693
MIDI,NPM,Profitability,0.0158196419268853,0.0198532306598716,0.0255329515105749,0.0297765819814154
MIDI,Operating Margin,Profitability,0.0138317599027781,0.0218443178448584,0.0283651314858867,0.0235610868949796
MIDI,Quick Ratio,Liquidity,0.208708105564289,0.1962146157965317,0.2299859505817287,0.2544361561331901
MIDI,ROE,Profitability,0.1432370228281501,0.1617690723653074,0.2008659656564405,0.1381485044683323
MIDI,ROI,Profitability,0.0580813536848534,0.0766685524381888,0.112324850547675,0.1358673099346616
MIKA,Cash Ratio,Liquidity,1.1817586460029663,1.6460708570508475,1.026314622556729,1.3717498710513043
MIKA,Current Ratio,Liquidity,5.45994023818617,4.193674782691067,3.82214341631543,4.967171874086433
MIKA,DER,Solvency,0.0,0.0,0.0,0.0005245149403341
MIKA,Debt Ratio,Solvency,0.0,0.0,0.0,0.0004160518971056
MIKA,GPM,Profitability,0.4948429331003197,0.5195092450569141,0.5129803986235684,0.499136761416157
MIKA,Interest Coverage Ratio,Solvency,97.01274613488285,136.55932621213594,104.14446414373823,77.87713860500054
MIKA,NPM,Profitability,0.2461505936596393,0.2823022763881563,0.2489524359672092,0.2148383422774355
MIKA,Operating Margin,Profitability,0.3017858177779749,0.3704759193078619,0.3191459853811153,0.2745032484504928
MIKA,Quick Ratio,Liquidity,5.363127677276315,4.1057436629850415,3.726344561807549,4.820218490738372
MIKA,ROE,Profitability,0.1710751813215068,0.2330605371662386,0.1858473192055461,0.1573337431792145
MIKA,ROI,Profitability,0.1710751813215068,0.2330605371662386,0.1858473192055461,0.1573337431792145
MINA,Cash Ratio,Liquidity,0.0,0.0,0.0,0.0659074443456556
MINA,Current Ratio,Liquidity,8.89859376968333,4.975423721846629,8.800375733712128,8.355220325292724
MINA,DER,Solvency,0.008380850174439,0.0072860931315844,0.0370615316310304,0.0461745245751106
MINA,Debt Ratio,Solvency,0.008014959824524,0.0068285520475587,0.0344316314701621,0.042313330805817
MINA,GPM,Profitability,0.5335655692567906,0.5996060768012836,0.692987406921949,0.664589868688072
MINA,Interest Coverage Ratio,Solvency,-173.40504576860292,-101.40805882626196,-20.228814022846997,-10.472335836695398
MINA,NPM,Profitability,-2.61171498507179,-1.189566213646984,-0.3754169889260851,-0.2492626920990239
MINA,Operating Margin,Profitability,-1.859818951393228,-1.3918303477033769,-0.3156205673163478,-0.2216764545859118
MINA,Quick Ratio,Liquidity,2.57698369085435,0.7224368170126567,0.7487571294859107,0.6238506922685136
MINA,ROE,Profitability,-0.0883195178067262,-0.0456827211836286,-0.0350807305423635,-0.0301330154713383
MINA,ROI,Profitability,-0.0883195178067262,-0.0456827211836286,-0.0340167832118031,-0.0289015119308394
MIRA,Current Ratio,Liquidity,1.1712078230074563,1.098440897381877,0.4606689017364677,0.7171224406662394
MIRA,DER,Solvency,0.3078796240007678,0.3254193020261433,0.3357487206050873,0.3075068967585389
MIRA,Debt Ratio,Solvency,0.2078519519912101,0.2180453478536673,0.2146391793478567,0.2022674303523075
MIRA,GPM,Profitability,-0.0057395645142175,-0.0028077220996418,0.0004543169648616,0.029406864563506
MIRA,Interest Coverage Ratio,Solvency,-0.9148264738800512,-0.7741526451898346,-0.6062706539845581,-0.6676224671718077
MIRA,NPM,Profitability,-0.2074076844226174,-0.1530305091243757,-0.3744771108360985,-0.1354333386295661
MIRA,Operating Margin,Profitability,-0.1073468291899001,-0.0706552743146301,-0.3030089313237294,-0.0540224564801166
MIRA,Quick Ratio,Liquidity,1.1170284168648883,1.0543397795978915,0.4319017584952613,0.6677169287281459
MIRA,ROE,Profitability,-0.0842684726810038,-0.0648444034901735,-0.1845269918420387,-0.0653649096718094
MIRA,ROI,Profitability,-0.066969415025971,-0.0509165117899539,-0.1432112854748891,-0.0500190339368767
MITI,Cash Ratio,Liquidity,0.0,0.0,0.5694259520939348,0.0
MITI,Current Ratio,Liquidity,9.577842963610683,2.507909303797577,2.9335805202514558,0.0
MITI,DER,Solvency,0.0,0.0147249384917045,0.0525445247685314,0.0
MITI,Debt Ratio,Solvency,0.0,0.0107501718854321,0.0296475309768844,0.0
MITI,GPM,Profitability,0.0,0.3123271748210935,0.3413871963392361,0.0
MITI,Interest Coverage Ratio,Solvency,0.0,204.92945985184832,28.09107240631237,0.0
MITI,NPM,Profitability,0.2582275680686136,0.255216889022401,0.1225500253776345,0.0
MITI,Operating Margin,Profitability,0.2693672071747046,0.2702048462687749,0.1069063778466335,0.0
MITI,Quick Ratio,Liquidity,9.577842963610683,2.507909303797577,2.899784533174292,0.0
MITI,ROE,Profitability,0.1817537340934126,0.0916137483165273,0.0557292158951597,0.0
MITI,ROI,Profitability,0.1817537340934126,0.0916137483165273,0.0532460129882305,0.0
MKNT,Current Ratio,Liquidity,3.698913493378389,2.8917448497269977,2.241508639718401,0.0
MKNT,DER,Solvency,8.258560703963703,13.7227532566885,-34.32617272081265,0.0
MKNT,Debt Ratio,Solvency,0.7262776257101727,0.6960542816169809,0.7282232223101381,0.0
MKNT,GPM,Profitability,0.0221391004172397,0.0247401999538936,0.0217910328083612,0.0
MKNT,NPM,Profitability,-0.0147583998358012,-0.0127828833175937,-0.0137234865781236,0.0
MKNT,Operating Margin,Profitability,-0.0143341350306344,-0.0200582675286787,-0.0200217846385338,0.0
MKNT,Quick Ratio,Liquidity,2.1731929875940894,1.5750389369607791,1.003642398802283,0.0
MKNT,ROE,Profitability,-1.1570308195444303,-1.0369761802238835,3.05741992735614,0.0
MKNT,ROI,Profitability,-0.1252819694295365,-0.0706869876078028,-0.0922919964471596,0.0
MKPI,Cash Ratio,Liquidity,0.5815418113433589,0.6483943330715577,0.786870223518619,0.9161574109142924
MKPI,Current Ratio,Liquidity,0.936334982103256,0.9738237000469844,1.1724576691002448,1.49921389693061
MKPI,DER,Solvency,0.1552675273908644,0.148824400274786,0.0460647593601348,0.0
MKPI,Debt Ratio,Solvency,0.1142170634766332,0.1086571795646065,0.0363164019125505,0.0
MKPI,GPM,Profitability,0.3665671193507737,0.3831215146133662,0.479845038205755,0.4921283176425068
MKPI,Interest Coverage Ratio,Solvency,5.521338731851306,8.261459521074094,22.175232800573447,6893.922295601942
MKPI,NPM,Profitability,0.1896006710056396,0.2463977733124077,0.3595000772950115,0.3628540134375367
MKPI,Operating Margin,Profitability,0.2037611247554164,0.2671547796061974,0.3851354016419777,0.4005411103075322
MKPI,Quick Ratio,Liquidity,0.9250787686313546,0.9586082494997028,1.1563669229358935,1.4833575821502725
MKPI,ROE,Profitability,0.0412434265398068,0.0556402260322684,0.1090769775051927,0.1232458142175595
MKPI,ROI,Profitability,0.0357109047998438,0.0484423436413154,0.1042844316886235,0.1232458142175595
MKTR,Current Ratio,Liquidity,0.4431219535703467,0.9636602229750346,2.178701482129857,3.238077774562536
MKTR,DER,Solvency,1.7154503199618027,2.056526212305032,0.6554655526803436,1.1525787938178442
MKTR,Debt Ratio,Solvency,0.563368576426908,0.583438598150691,0.3677108884691263,0.5045340953439562
MKTR,GPM,Profitability,0.4659112532087999,0.3240768045806798,0.2774253205477686,0.1768654026679636
MKTR,Interest Coverage Ratio,Solvency,1.6092006898436355,2.9590435568124853,3.721580932123514,1.815925436077088
MKTR,NPM,Profitability,-2.5410802000177067e-05,0.0299040953660199,0.0979862612832324,0.0720711654475995
MKTR,Operating Margin,Profitability,0.2968137142405819,0.223459497749789,0.1893331584339247,0.0857904595660885
MKTR,Quick Ratio,Liquidity,0.3120249845869557,0.6047682836962416,2.044052434683804,2.963529346197939
MKTR,ROE,Profitability,-2.3424068374377877e-05,0.0832093224988777,0.1135017999735637,0.0878948917121173
MKTR,ROI,Profitability,-8.626218716720021e-06,0.0272234938355482,0.0685618615197364,0.0408683673082405
MLBI,Cash Ratio,Liquidity,0.0,0.0,0.0464085146630022,0.0400974099746317
MLBI,Current Ratio,Liquidity,0.8885419678566332,0.7375717596719558,0.765395676675591,0.9266276206998868
MLBI,DER,Solvency,0.2274916607349718,0.3993570296663817,0.411218124712746,0.2797757939432725
MLBI,Debt Ratio,Solvency,0.1121236145386381,0.1501544994433639,0.1307143987468373,0.1141853625094719
MLBI,GPM,Profitability,0.473663343591893,0.5504739697640885,0.6175757414266301,0.608054343370009
MLBI,Interest Coverage Ratio,Solvency,6.8004399057344855,34.47849816140894,57.26053098957147,52.48509575974365
MLBI,NPM,Profitability,0.1439116900729417,0.2691058386267267,0.2968843050530882,0.3209173694466635
MLBI,Operating Margin,Profitability,0.2473777196979963,0.3516439670272763,0.4058907697725807,0.424400457276053
MLBI,Quick Ratio,Liquidity,0.760753742600533,0.6137683484875498,0.6414742685670025,0.8147847170058462
MLBI,ROE,Profitability,0.1993510028053427,0.6059085187197755,0.8621274088548343,0.7666567195303035
MLBI,ROI,Profitability,0.1648409098777827,0.4441874726003585,0.627958173559763,0.6125048472296826
MLIA,Cash Ratio,Liquidity,0.0,0.0958286297629042,0.5449792230245291,0.3213445640785697
MLIA,Current Ratio,Liquidity,1.0513075761045585,1.425016777338303,2.0102095402228017,2.173304076823968
MLIA,DER,Solvency,0.6024038059602282,0.4021161419241507,0.2473993845155413,0.1866626481767694
MLIA,Debt Ratio,Solvency,0.2883675853806032,0.2283985760734989,0.1629402842220357,0.1318909219114458
MLIA,GPM,Profitability,0.2205027820386086,0.3450915218510865,0.3496069348010049,0.282424272201893
MLIA,NPM,Profitability,0.0147450974432308,0.1466041178032556,0.1682575120657413,0.117057955547344
MLIA,Operating Margin,Profitability,0.0760718347479863,0.2134780324256679,0.228446510463581,0.1652628552634317
MLIA,Quick Ratio,Liquidity,0.657729530766926,1.0441759758054494,1.415555368466035,1.3277804979748045
MLIA,ROE,Profitability,0.0200351472145387,0.187633804386451,0.1904262447744646,0.1134747424011322
MLIA,ROI,Profitability,0.0125031824937116,0.1338218702260695,0.1526586008765921,0.0956251067440935
MLPL,Cash Ratio,Liquidity,0.1105070890675067,0.0358705720214367,0.0467270188812112,0.1158750404373905
MLPL,Current Ratio,Liquidity,0.8268358883666386,1.1649185023685455,1.0412272639574172,1.0000498007558192
MLPL,DER,Solvency,1.1038940408048372,0.8616182273640427,0.5088678490465396,0.4688738633182672
MLPL,Debt Ratio,Solvency,0.2370605632834655,0.22883926150177,0.1683017977792098,0.1571445411898969
MLPL,GPM,Profitability,0.1972715438272393,0.1798553328937019,0.1770627559224244,0.1905467232299563
MLPL,NPM,Profitability,-0.0771689340880128,0.0195203698722996,0.0138516516656797,0.0156938591455868
MLPL,Operating Margin,Profitability,-0.0083622422703358,-0.0034603754182891,-0.0075370857096536,0.0092755305818583
MLPL,Quick Ratio,Liquidity,0.5793649715551757,0.860876671383251,0.7221513426840848,0.5947313269802386
MLPL,ROE,Profitability,-0.2354944062673797,0.0505267375611255,0.0349502406213376,0.0392188820695836
MLPL,ROI,Profitability,-0.1130121380161777,0.0272198401957965,0.02321636645834,0.0267553675886967
MLPT,Cash Ratio,Liquidity,0.3171132038921754,0.0720963522385112,0.0874690625125863,0.0
MLPT,Current Ratio,Liquidity,1.1846332086605371,1.1398962384489284,1.1749710266849478,0.0
MLPT,DER,Solvency,0.2036092006846815,0.0823837968662955,0.1314287303412494,0.0
MLPT,Debt Ratio,Solvency,0.0685329071611323,0.0234614397557634,0.03995098471617,0.0
MLPT,GPM,Profitability,0.1383473881309719,0.146029393215174,0.1647232035809417,0.0
MLPT,Interest Coverage Ratio,Solvency,11.870415903740518,20.54361733061937,44.770859451177046,0.0
MLPT,NPM,Profitability,0.0642397768707016,0.0864931495695664,0.1623962189550183,0.0
MLPT,Operating Margin,Profitability,0.0788559224691962,0.093685617666629,0.09025533790228,0.0
MLPT,Quick Ratio,Liquidity,0.8923363483288381,0.8872646595015601,0.8886085944808033,0.0
MLPT,ROE,Profitability,0.2120092060913556,0.3033499833811612,0.6759019114949658,0.0
MLPT,ROI,Profitability,0.1823513371832486,0.2819873735697897,0.5973879691839782,0.0
MMLP,Cash Ratio,Liquidity,0.866827655474532,4.107234485740926,4.018211081301537,0.731107492112408
MMLP,Current Ratio,Liquidity,5.698156202187717,6.3757652051138685,4.935012757386051,1.0591472772940538
MMLP,DER,Solvency,0.1698981458390902,0.189926695696317,0.2754185747386683,0.3192154796242354
MMLP,Debt Ratio,Solvency,0.1001699673096444,0.1113328227518145,0.1541548528061422,0.2104222029580447
MMLP,GPM,Profitability,0.9186858152975924,0.989826593595594,0.9642075738175164,0.9674246771481008
MMLP,NPM,Profitability,-0.4509178766146662,0.6281452018107976,0.3205386978500322,0.2650325486111319
MMLP,Operating Margin,Profitability,0.6655653635714652,0.6591386240944814,0.5705525974722235,0.5395275108683042
MMLP,ROE,Profitability,-0.0382942468313451,0.0477299426203322,0.0250890704210872,0.0208668058036366
MMLP,ROI,Profitability,-0.0330453654872562,0.0405147797320717,0.0198741652649779,0.0159711289650115
MNCN,Cash Ratio,Liquidity,0.0116248319378131,0.0107534805604885,0.3305488906518025,0.5622119778107787
MNCN,Current Ratio,Liquidity,3.851389260044712,4.080567772119955,4.718649515341801,8.03277278869869
MNCN,DER,Solvency,0.2824407607123723,0.1573071834409257,0.1135516567589281,0.0743526066994093
MNCN,Debt Ratio,Solvency,0.2113174095232659,0.1300277406463224,0.0967915745733827,0.0655349485536553
MNCN,GPM,Profitability,0.6165685340232406,0.5762515879547143,0.558761793714652,0.4642608945128727
MNCN,NPM,Profitability,0.2196413681943652,0.2427081918488986,0.2268452688906269,0.1326842388394672
MNCN,Operating Margin,Profitability,0.3544631269200343,0.3500949776687626,0.3218429578575675,0.1928391637789495
MNCN,Quick Ratio,Liquidity,2.52355001062908,2.6394796993189904,2.92644553382357,4.939892509752205
MNCN,ROE,Profitability,0.123429400033691,0.1408425873385469,0.1075963921408171,0.0514665819185627
MNCN,ROI,Profitability,0.0964862225521766,0.1219129076559167,0.0967673794359342,0.0479833286025968
MOLI,Current Ratio,Liquidity,1.7450926400322715,1.9659273934181003,2.008021240091974,1.9447698605664177
MOLI,DER,Solvency,0.6055417355226511,0.5862189733965575,0.477176053610434,0.4522548919737573
MOLI,Debt Ratio,Solvency,0.3201222275299527,0.3130123789085387,0.2703866682999509,0.2599692869436286
MOLI,GPM,Profitability,0.2632202096760515,0.222748416040108,0.2304588297755171,0.2582763153616098
MOLI,Interest Coverage Ratio,Solvency,3.6615024435787062,2.132381896088053,1.9674782365973609,3.077281432256344
MOLI,NPM,Profitability,0.0448793133637396,0.0185318225019642,0.0148637925267724,0.0576654597345247
MOLI,Operating Margin,Profitability,0.0937619270142704,0.0675234861041969,0.0485157657070976,0.0756558955636215
MOLI,Quick Ratio,Liquidity,0.8080958984707253,0.946435113693141,0.8677827955858048,0.9723995326462366
MOLI,ROE,Profitability,0.0548424160527587,0.0284413448151776,0.0209618285489087,0.0719246839604471
MOLI,ROI,Profitability,0.0341582002132793,0.0179302765205716,0.0141904741128689,0.0495262122083089
MORA,Cash Ratio,Liquidity,0.0117445259864223,0.0239578249791393,0.1097203574072715,0.0857418939639133
MORA,Current Ratio,Liquidity,1.4381307753898651,1.002382644831994,1.1961231623467938,1.0491270659529717
MORA,DER,Solvency,2.740122995713987,1.886411635534112,1.1671697293559893,1.0059891599383024
MORA,Debt Ratio,Solvency,0.6009333067845908,0.5421231160035106,0.4515922755626166,0.4282400821058876
MORA,GPM,Profitability,0.6578259442983618,0.6069966336770046,0.5933044778150479,0.5863315069972235
MORA,Interest Coverage Ratio,Solvency,2.062618575120528,2.124276149721033,2.2161385544809176,2.46969279287352
MORA,NPM,Profitability,0.1534921137070261,0.1384972986248592,0.1246866823097911,0.1310202302588005
MORA,Operating Margin,Profitability,0.4098652322060738,0.3641614845084995,0.3329476651730426,0.3461638120858037
MORA,Quick Ratio,Liquidity,1.4181824114013064,0.976593694983374,1.127210588526608,0.9978415984719023
MORA,ROE,Profitability,0.1967499088010387,0.138306078556228,0.1003930193545832,0.0889582734913725
MORA,ROI,Profitability,0.0533611048913149,0.0483801080951537,0.0465829940620277,0.04484293226894
MPMX,Cash Ratio,Liquidity,0.633110619899626,0.3472056047843034,0.5798566814007085,0.3289469974932126
MPMX,Current Ratio,Liquidity,1.5402082551333918,1.4446491006175912,1.8828369934290787,1.8754770702681132
MPMX,DER,Solvency,0.1113321972076736,0.1587078083956058,0.0023485609710251,0.0025723756761444
MPMX,Debt Ratio,Solvency,0.0764449928435223,0.1006449616575279,0.0016345666469212,0.0018283466057667
MPMX,GPM,Profitability,0.0937814213993597,0.0805715711238967,0.0853377901057329,0.0876850259299487
MPMX,Interest Coverage Ratio,Solvency,5.544125452352231,97.17555685814771,303.73337189126664,296.9030453697949
MPMX,NPM,Profitability,0.0105825864488411,0.0345606395751744,0.0519296540633675,0.0379261351644709
MPMX,Operating Margin,Profitability,0.021597487531157,0.016106558257721,0.0240898938338303,0.0216456788481709
MPMX,Quick Ratio,Liquidity,1.401569281672714,1.3743249470707246,1.6923407086182265,1.7262657541613535
MPMX,ROE,Profitability,0.0187119168744389,0.0657837450153117,0.1069518924009643,0.0860001701609657
MPMX,ROI,Profitability,0.0168852878915115,0.0569031454523643,0.1068267499843811,0.085895777417242
MPPA,Cash Ratio,Liquidity,0.0015211181358322,0.0019136256368516,0.0020692757143503,0.0022366728696692
MPPA,Current Ratio,Liquidity,0.5556319190879516,0.8447453494065877,0.6713331581749659,0.7490206209541757
MPPA,DER,Solvency,13.002550122633286,3.684825315554582,11.281692262274143,6.407105670411436
MPPA,Debt Ratio,Solvency,0.5324301392902046,0.4630253857229607,0.4947391866195704,0.4559135379290383
MPPA,GPM,Profitability,0.1936766907864916,0.1798127846073354,0.1826582857501143,0.1747945928169743
MPPA,Interest Coverage Ratio,Solvency,-0.5128778903953315,-0.2714048956135017,-1.1057051201408985,-0.6933008069056108
MPPA,NPM,Profitability,-0.0600762399515963,-0.0507192697704148,-0.0612231084156391,-0.0369280277294997
MPPA,Operating Margin,Profitability,-0.031492038797651,-0.0193900368763055,-0.034468965576207,-0.0314092869181214
MPPA,Quick Ratio,Liquidity,0.2065662504311282,0.4144051711290636,0.2677413096509941,0.247234552244064
MPPA,ROE,Profitability,-2.1944590329025377,-0.577629165183583,-2.588490110194664,-0.9854621657398008
MPPA,ROI,Profitability,-0.3540762315267708,-0.243828230643875,-0.5078553959377242,-0.2972237774366006
MPRO,Cash Ratio,Liquidity,0.0817375848022749,0.1625490934993446,0.0163801070718994,0.0
MPRO,Current Ratio,Liquidity,0.2899697263730118,0.1959201131412291,0.1007371736506589,0.0274744537798528
MPRO,DER,Solvency,0.2300083581824045,0.2524475115394535,0.2643900565393438,0.2757699333517632
MPRO,Debt Ratio,Solvency,0.1283165831783563,0.1395204184651663,0.1447973789785322,0.1460655581490605
MPRO,GPM,Profitability,0.5410974011908347,0.4067338724840793,0.4711081689841678,0.2136285453176999
MPRO,Interest Coverage Ratio,Solvency,1.5591449631556902,0.0901554953026191,-0.588187815130887,-0.7455939425855939
MPRO,NPM,Profitability,0.1006343165254415,-0.2068698395012127,-2.01797513106816,-7.137221319578956
MPRO,Operating Margin,Profitability,0.2564530197800727,0.0176339253911721,-0.8012392426755052,-3.024891701129562
MPRO,ROE,Profitability,0.0129612465569841,-0.0142234356447885,-0.0308898822468767,-0.0430049986191411
MPRO,ROI,Profitability,0.0105375272214712,-0.0113565123597919,-0.0244306589466725,-0.033709054818494
MRAT,Cash Ratio,Liquidity,0.0,0.0,0.7194972323456601,0.0
MRAT,Current Ratio,Liquidity,2.209261148461348,2.1302887122791243,2.483755822844805,0.0
MRAT,DER,Solvency,0.2368308072910971,0.2572551186488388,0.3409709811621322,0.0
MRAT,Debt Ratio,Solvency,0.1448463981575384,0.1526597047453117,0.2018796634884986,0.0
MRAT,GPM,Profitability,0.6421265283593762,0.602185897621867,0.4799930532517563,0.0
MRAT,Interest Coverage Ratio,Solvency,1.9285149957586916,1.9232606254911668,5.163534526197491,0.0
MRAT,NPM,Profitability,-0.021250091618648,0.0010958778470456,0.2378623671415592,0.0
MRAT,Operating Margin,Profitability,0.0438644366781314,0.0442821696774902,-0.3468402783819739,0.0
MRAT,Quick Ratio,Liquidity,1.4604264011087542,1.2450822158457402,1.609147826790128,0.0
MRAT,ROE,Profitability,-0.0197626969805479,0.0010436447748428,0.1648990906215874,0.0
MRAT,ROI,Profitability,-0.0159912229216696,0.0008322467964209,0.1231749990068298,0.0
MREI,NPM,Profitability,0.0527273973709874,-0.1521541511798694,0.020024713959357,0.0300414190117139
MREI,ROE,Profitability,0.0599059560652112,-0.2104380842034832,0.0269065979321754,0.0424037432284195
MREI,ROI,Profitability,0.0599059560652112,-0.2104380842034832,0.0269065979321754,0.0424037432284195
MSIN,Cash Ratio,Liquidity,0.2714462222091863,0.8114663137344897,0.1148893939689361,0.7795361340580421
MSIN,Current Ratio,Liquidity,2.0627263961400835,4.480609688239751,0.6600350023928092,4.206864130185952
MSIN,DER,Solvency,0.2144376777202325,0.1206360997227102,1.7765462888781136,0.0494740076120285
MSIN,Debt Ratio,Solvency,0.1398634484987917,0.0976613718754824,0.5705545469509035,0.0421725540167947
MSIN,GPM,Profitability,0.3176513585470223,0.2901370018575148,0.2872922569964023,0.2792907608778482
MSIN,NPM,Profitability,0.1180740444322898,0.1293183975081722,0.0965859990084734,0.0894091333520059
MSIN,Operating Margin,Profitability,0.1949432531128342,0.177395423537714,0.1250500311557651,0.0997920835973635
MSIN,Quick Ratio,Liquidity,1.4862283319645686,2.9378538621866914,0.4182186195848038,2.7049804106247017
MSIN,ROE,Profitability,0.08805026495193,0.0903745848533929,0.1618384087992737,0.0459527699132528
MSIN,ROI,Profitability,0.0726967542725836,0.0807345756810813,0.0583512426372066,0.0438160050443044
MSJA,Cash Ratio,Liquidity,0.4646527369455963,0.2361670933263765,0.3655974138661378,0.0
MSJA,Current Ratio,Liquidity,1.5550311659181706,1.3576976732944894,1.4401535268736467,0.0
MSJA,DER,Solvency,0.3678926606694517,0.3589168955359954,0.282068143111385,0.0
MSJA,Debt Ratio,Solvency,0.2271487935997822,0.2209513471420802,0.1924058638919645,0.0
MSJA,GPM,Profitability,0.2951344914029715,0.2304818949711454,0.2092939006860249,0.0
MSJA,Interest Coverage Ratio,Solvency,22.83416519812837,11.038385261781563,7.338442785186523,0.0
MSJA,NPM,Profitability,0.2028752561679668,0.1177472847360558,0.0604990090672455,0.0
MSJA,Operating Margin,Profitability,0.2253739811725149,0.1415767766253097,0.0904212559981823,0.0
MSJA,Quick Ratio,Liquidity,1.3222361865751515,1.0472603365861424,1.0840921118987552,0.0
MSJA,ROE,Profitability,0.2462531139356846,0.1339601978919529,0.070279548476008,0.0
MSJA,ROI,Profitability,0.188730055313246,0.1025290164471525,0.056556553914583,0.0
MSKY,Cash Ratio,Liquidity,0.0,0.0,0.0001703772948401,0.0
MSKY,Current Ratio,Liquidity,1.1731131820150116,0.8094315595281886,0.9079871739972444,1.044389405233563
MSKY,DER,Solvency,0.2218942901016602,0.1619821155520364,0.1181555033424083,0.104415681343005
MSKY,Debt Ratio,Solvency,0.1282363609530953,0.1031493798328761,0.0776210517451103,0.067334676341335
MSKY,GPM,Profitability,0.0396522526125462,0.0132962790274134,-0.1141426897983126,-0.2447503471430364
MSKY,NPM,Profitability,-0.0992809760585023,-0.124508492981112,-0.219476470408846,-0.3708621157305387
MSKY,Operating Margin,Profitability,-0.0047767879958578,-0.0331229344381158,-0.1644443328244658,-0.2897446727544332
MSKY,Quick Ratio,Liquidity,0.848054317624134,0.6537186795704627,0.7293318143250958,0.8369301838710591
MSKY,ROE,Profitability,-0.0753621157798751,-0.0734656117252816,-0.1096773412770626,-0.1404895179965341
MSKY,ROI,Profitability,-0.0619201983050611,-0.0633434451837044,-0.098247080609077,-0.1275254329777697
MSTI,Cash Ratio,Liquidity,0.0288352905023707,0.0142066804481711,0.0077692385969575,0.0051161630021808
MSTI,Current Ratio,Liquidity,2.3207034158442115,2.0184517219905143,2.041518116484075,2.7528605177437
MSTI,DER,Solvency,0.1495752523100346,0.2134346710339361,0.0961305152220548,0.1132482485110759
MSTI,Debt Ratio,Solvency,0.0851639158176748,0.1118688527681531,0.0510010095189169,0.0714560121336137
MSTI,GPM,Profitability,0.196860966995147,0.1949052444674373,0.219869862740878,0.2075713562910089
MSTI,Interest Coverage Ratio,Solvency,60.733781946631936,33.81129897310162,44.11269421089414,28.73792761773787
MSTI,NPM,Profitability,0.107959790511586,0.1049823694348638,0.1136502072010332,0.1065778434381193
MSTI,Operating Margin,Profitability,0.1316828926221355,0.1362926454587231,0.1535797818692592,0.1385539505111878
MSTI,Quick Ratio,Liquidity,2.02704440272199,1.7411837172867493,1.60172165453866,2.02707906313856
MSTI,ROE,Profitability,0.2921749366760773,0.3245063939557285,0.322405319978322,0.2301512739751326
MSTI,ROI,Profitability,0.2614217348165478,0.2825301273512847,0.3021788349324747,0.208854003569437
MTDL,Cash Ratio,Liquidity,0.3643021002263192,0.1786434589394074,0.2277531932024952,0.0
MTDL,Current Ratio,Liquidity,2.290039267724997,1.9746751804285232,1.960405803101504,0.0
MTDL,DER,Solvency,0.0067968995486999,0.0,0.0,0.0
MTDL,Debt Ratio,Solvency,0.0027146653653872,0.0,0.0,0.0
MTDL,GPM,Profitability,0.0899226319914287,0.0814108763143569,0.0824316046223283,0.0
MTDL,NPM,Profitability,0.0260263975369012,0.0275062623688642,0.0276580801196018,0.0
MTDL,Operating Margin,Profitability,0.0507931035687788,0.0512234017223345,0.0535932000581085,0.0
MTDL,Quick Ratio,Liquidity,1.9410406982456188,1.3583207345204824,1.1680835374188157,0.0
MTDL,ROE,Profitability,0.1562272305791556,0.1841702112875107,0.1801081649287117,0.0
MTDL,ROI,Profitability,0.1562272305791556,0.1841702112875107,0.1801081649287117,0.0
MTEL,Cash Ratio,Liquidity,0.0517144720488353,0.955017454750959,0.2176220250019778,0.0334176218674733
MTEL,Current Ratio,Liquidity,0.3938250504316806,3.289745597300231,0.7731382798560039,0.3088766520579788
MTEL,DER,Solvency,1.645481320971099,0.5932065069641231,0.5179503715070478,0.5403525553160917
MTEL,Debt Ratio,Solvency,0.5312317237158307,0.3457366379030707,0.3122897474635938,0.3226147641696226
MTEL,GPM,Profitability,0.3409903815914544,0.468500671106395,0.4727779912614036,0.4905301395189731
MTEL,Interest Coverage Ratio,Solvency,2.3948611357550336,3.000699196007926,2.9873961083684573,2.7309146028041766
MTEL,NPM,Profitability,0.0972992887592427,0.2010419115217699,0.230959266030356,0.233907846036956
MTEL,Operating Margin,Profitability,0.2744943482899449,0.3988866574146613,0.4079914037260009,0.4234515441798446
MTEL,ROE,Profitability,0.0737417095911799,0.04104759088596,0.0528010496153005,0.0590619629010956
MTEL,ROI,Profitability,0.0293306359531971,0.0267046084880514,0.0363577948967698,0.0402113604322083
MTFN,Current Ratio,Liquidity,1.0398090144251149,1.0308158326406986,0.6842802827205129,0.0
MTFN,DER,Solvency,-0.2462098759798488,-0.1965448076472661,-0.0031525868205723,0.0
MTFN,Debt Ratio,Solvency,0.004142916838401,0.0051745031385668,0.0021277644114947,0.0
MTFN,GPM,Profitability,0.0663660173641564,0.077761836595957,0.0135721069606776,0.0
MTFN,NPM,Profitability,-0.0440531259086221,-0.0168951892552261,-0.8033983472482238,0.0
MTFN,Operating Margin,Profitability,0.0030667912149464,-0.0269629932908922,-0.1056544151226645,0.0
MTFN,ROE,Profitability,2.750499926522132,0.308434469830059,0.9119924484768964,0.0
MTFN,ROI,Profitability,2.750499926522132,0.308434469830059,0.9119924484768964,0.0
MTLA,Cash Ratio,Liquidity,0.3378685362342965,0.3931928847970258,0.4676163054797503,0.4060995017630722
MTLA,Current Ratio,Liquidity,2.6346697412698568,2.434130604487472,2.6478004965465045,2.596258412298859
MTLA,DER,Solvency,0.2881206588483164,0.2204207281792695,0.2055074847495734,0.1957543054283244
MTLA,Debt Ratio,Solvency,0.1840413196295716,0.1413378915330691,0.1353725080334536,0.1294150949954928
MTLA,GPM,Profitability,0.5273884662134786,0.5052248651876364,0.5154040790625262,0.5183584008408231
MTLA,NPM,Profitability,0.2451708459010489,0.3102535790118041,0.2854578330305279,0.2449284338496981
MTLA,Operating Margin,Profitability,0.283179219376041,0.2925724350623898,0.3213229368556962,0.3251380061888708
MTLA,Quick Ratio,Liquidity,0.731483838749792,0.7757522128982821,0.764093802629373,0.6917809109726542
MTLA,ROE,Profitability,0.0718569210766386,0.0905168029952879,0.0890921953560093,0.0874800442341898
MTLA,ROI,Profitability,0.0557843091662581,0.0741706968556849,0.0739093643207596,0.0733281533281533
MTMH,Cash Ratio,Liquidity,0.0,0.0816460383836886,0.0,0.0
MTMH,Current Ratio,Liquidity,0.5172078758919635,0.9982328893429946,1.180919999867887,0.6800241950168181
MTMH,DER,Solvency,15.103651745464564,0.5089110476508815,0.3199241091382075,0.4404114040261521
MTMH,Debt Ratio,Solvency,0.7936049154435292,0.2826069912671088,0.2194490097512653,0.2665638890390431
MTMH,GPM,Profitability,0.2952202154813108,0.4327505572611292,0.2650058375586552,0.2436358947864683
MTMH,NPM,Profitability,0.0270723036095685,0.1325965920886608,0.0802096269882384,-0.0139186332746373
MTMH,Operating Margin,Profitability,0.0933499674871895,0.3015664379614578,0.0833682796840383,0.0132200423558675
MTMH,Quick Ratio,Liquidity,0.4171215492948849,0.8450772203311246,1.0104644028074106,0.5791614044518067
MTMH,ROE,Profitability,0.3637549711150051,0.1759015188864816,0.0581778243117471,-0.0114160517741155
MTMH,ROI,Profitability,0.0225883530558497,0.1172314330123682,0.0450825455071772,-0.008088815577733
MTPS,Cash Ratio,Liquidity,1.3613635534156003,0.0,0.0,0.0
MTPS,Current Ratio,Liquidity,3.3993918671657357,1.5046431186264324,1.0057392053416103,0.9070839785346808
MTPS,DER,Solvency,0.3250627496644488,0.6400840611349504,0.9134920443460842,0.9499491806416224
MTPS,Debt Ratio,Solvency,0.2080441841720568,0.3803304599859303,0.4710329954682451,0.4773288313571953
MTPS,GPM,Profitability,-0.0985336218931207,-3.878839092841373,-36.475340899798816,0.4063690234414462
MTPS,Interest Coverage Ratio,Solvency,-4.411776030910565,-39.54759785306517,-7.321665873985029,-2.394604682121406
MTPS,NPM,Profitability,-0.2315973535521989,-4.218482658647521,-47.07309043160181,-18.614259614716545
MTPS,Operating Margin,Profitability,-0.2262419990882268,-4.134084650763219,-45.901197385159584,-14.175575758895947
MTPS,Quick Ratio,Liquidity,2.691680797549447,0.0,0.0,0.0
MTPS,ROE,Profitability,-0.0859436907178494,-2.1495809809559123,-0.6694708061396921,-0.3263999821903587
MTPS,ROI,Profitability,-0.0648713768463836,-1.3106529304774697,-0.3498686122672,-0.1678932909390375
MYOH,Cash Ratio,Liquidity,2.044686140940907,3.700362464015707,5.292728346326314,0.0
MYOH,Current Ratio,Liquidity,6.308171244525068,6.716906118861532,7.8755519046611395,0.0
MYOH,DER,Solvency,0.0027354224620622,0.0050701597897945,0.003380490190896,0.0
MYOH,Debt Ratio,Solvency,0.0023346546478787,0.0043464099705911,0.0029638576388502,0.0
MYOH,GPM,Profitability,0.207077872849518,0.2519189945849228,0.1902001570079473,0.0
MYOH,NPM,Profitability,0.1297587905465307,0.1675973795979443,0.0994335943810229,0.0
MYOH,Operating Margin,Profitability,0.1635770753020571,0.2024963400558584,0.1397509448502871,0.0
MYOH,Quick Ratio,Liquidity,5.1783821298383295,5.776921768399826,6.93864289631304,0.0
MYOH,ROE,Profitability,0.1745329902360661,0.1915609623044174,0.0946906433808926,0.0
MYOH,ROI,Profitability,0.1745329902360661,0.1915609623044174,0.0946906433808926,0.0
MYOR,Cash Ratio,Liquidity,0.5871492052784395,0.2259050483842171,0.1816136572704477,0.5188378230801983
MYOR,Current Ratio,Liquidity,3.6070573449862295,2.3281836799417848,2.620826814769172,3.672610521785774
MYOR,DER,Solvency,0.4414491531318362,0.4617384123941825,0.4378367481397524,0.2837470389061432
MYOR,Debt Ratio,Solvency,0.2457756217127621,0.257757985795517,0.2482105390058547,0.1787740963416429
MYOR,GPM,Profitability,0.2982038956492492,0.2480950756672434,0.2230047541903179,0.2670406724730792
MYOR,Interest Coverage Ratio,Solvency,8.000987801117772,0.0,6.251857494913844,14.20951812454027
MYOR,NPM,Profitability,0.0841866137678054,0.0425234679247261,0.0633279221025747,0.1014392709633575
MYOR,Operating Margin,Profitability,0.1167398665884197,0.0646797946148177,0.0804122747486899,0.1377095894432495
MYOR,Quick Ratio,Liquidity,2.8189576628101767,1.783517085793066,1.9341580090528816,2.786319287327943
MYOR,ROE,Profitability,0.1871418371345714,0.1067209141060606,0.1537985540257592,0.2123620404553025
MYOR,ROI,Profitability,0.1317901309285031,0.0737857589297278,0.1074915183322496,0.1654637635542742
MYTX,Current Ratio,Liquidity,0.3804924522137637,0.35337926262009,0.3714359669400096,0.3327745087969009
MYTX,DER,Solvency,77.81200950392397,-16.63929431880003,-15.705756899720784,-4.333346505166132
MYTX,Debt Ratio,Solvency,0.5564228908910568,0.57169979497636,0.565349564029835,0.5588244602387019
MYTX,GPM,Profitability,-0.0186853424061627,0.0344615973672403,0.0333416885657925,-0.0724787044201687
MYTX,Interest Coverage Ratio,Solvency,-0.7486973030470317,-0.063906539191531,2.023606580795696,-2.35229335737902
MYTX,NPM,Profitability,-0.0800191289968512,-0.0791119838952533,-0.0126406250288686,-0.2813551627179472
MYTX,Operating Margin,Profitability,-0.0779578643512129,-0.0314830648817395,-0.0115628616281125,-0.1021425648146153
MYTX,Quick Ratio,Liquidity,0.0770078946308454,0.0799387237462225,0.0595893334127666,0.0875842822345155
MYTX,ROE,Profitability,-3.9997120023039816,1.0469884199891195,0.1439926477810049,0.7063124968803554
MYTX,ROI,Profitability,-0.0516230952762618,-0.082932570961411,-0.0119802106182314,-0.2755647010520747
NASA,Current Ratio,Liquidity,1.3121429328928012,2.854139142157762,2.253403636060689,2.6977004353381564
NASA,DER,Solvency,0.0424662145873418,0.0373706290030916,0.0141045718550601,0.0
NASA,Debt Ratio,Solvency,0.040371359152354,0.035416432053249,0.0134147019763212,0.0
NASA,GPM,Profitability,0.432841791630018,0.7335623415981637,0.8033558235409644,0.815854462112976
NASA,NPM,Profitability,-9.913209043528749,-1.1647601807824872,-0.0196037270919037,0.42486415697149
NASA,Operating Margin,Profitability,-6.594926554099478,-0.2218702674505065,0.3923788082884409,0.4683636243035339
NASA,Quick Ratio,Liquidity,1.3119325742717722,2.8536612050789985,2.2514758746290857,2.6952816485639413
NASA,ROE,Profitability,-0.006045973564023,-0.0045907014239816,-0.0002601842984389,0.0058667556844747
NASA,ROI,Profitability,-0.0057996829819721,-0.0044253242723801,-0.0002565655511867,0.0058667556844747
NATO,Cash Ratio,Liquidity,131.87832703585434,0.0,0.0,0.0
NATO,Current Ratio,Liquidity,140.24519932557575,57.89868225256722,91.245523793075,63.77741083228337
NATO,DER,Solvency,5.792935818815113e-05,0.0,0.0,0.0
NATO,Debt Ratio,Solvency,5.784328466790445e-05,0.0,0.0,0.0
NATO,GPM,Profitability,-0.2332945017311093,-0.0282528979935619,0.5669339981336672,0.5952904270055478
NATO,NPM,Profitability,0.5530939590632469,-3.3061920525501822,-0.2724583096231803,0.05368683245993
NATO,Operating Margin,Profitability,-3.1821891121666988,-3.4760914787849697,-0.6664028099630416,0.0286041945352202
NATO,Quick Ratio,Liquidity,139.67353435834343,57.6840395907204,90.94449230708588,63.49425133505024
NATO,ROE,Profitability,0.0011153267298369,-0.0074494702695689,-0.0016606976987437,0.0008367408061265
NATO,ROI,Profitability,0.0011153267298369,-0.0074494702695689,-0.0016606976987437,0.0008367408061265
NCKL,Cash Ratio,Liquidity,0.0,0.0,0.0,0.0
NCKL,Current Ratio,Liquidity,0.4633366366465524,0.5482668180915024,0.6144426058694316,1.2635780694670036
NCKL,DER,Solvency,2.097587403015197,1.1746893432864574,1.0377852276214266,0.365347917242619
NCKL,Debt Ratio,Solvency,0.4058913578613688,0.3155328155233047,0.2840056854323788,0.1895535134714533
NCKL,GPM,Profitability,0.4806810554259666,0.5485272666663231,0.4886456928361389,0.3468813486674266
NCKL,Interest Coverage Ratio,Solvency,6.0598391054893135,12.911651796246591,35.595968260776324,11.017278834525673
NCKL,NPM,Profitability,0.0197844105233087,0.2523725581220001,0.4877672397079626,0.2355197307922952
NCKL,Operating Margin,Profitability,0.2911867737981681,0.4289526150533674,0.3924200103365871,0.2855855770137985
NCKL,Quick Ratio,Liquidity,0.3402298273542909,0.3989313037363851,0.2573496343430347,0.6722046453173535
NCKL,ROE,Profitability,0.0205474271933929,0.3681452565586283,0.5001228540008547,0.2391336081335601
NCKL,ROI,Profitability,0.0066333647836351,0.1692863662091045,0.2454247126840817,0.1753604433004519
NETV,Current Ratio,Liquidity,0.7253090329534884,0.6635716262269948,1.981457538472352,0.3684971193221713
NETV,DER,Solvency,16.51068683398325,-1403.764404667011,-18.215660308771472,-1.6531250227840422
NETV,Debt Ratio,Solvency,0.7026220590949243,0.6869286539302305,0.7124363426810382,0.9485404707498288
NETV,GPM,Profitability,0.3033600809245542,0.4199268385290454,0.4925337911913556,0.1282910191409046
NETV,NPM,Profitability,-1.3715574826971424,-0.3479040306928372,-0.4121865051551437,-2.6741482180176197
NETV,Operating Margin,Profitability,-0.2742161872475027,-0.1179031197773324,-0.1049990386140225,-1.0161373650811774
NETV,Quick Ratio,Liquidity,0.1884395459246774,0.1749727557632272,0.5326127937917071,0.0887662353555638
NETV,ROE,Profitability,-7.924218263307272,204.76599431059432,2.8013613738734366,0.9042743777303922
NETV,ROI,Profitability,-0.4615369333485546,-0.1471777789335106,-0.1719497842214304,-1.5302735620403856
NFCX,Cash Ratio,Liquidity,0.5922762414297603,0.2061841115834483,0.1990859092701337,0.0
NFCX,Current Ratio,Liquidity,3.3102810360287016,3.2584956161666314,3.186773766895961,1.9527796943522508
NFCX,DER,Solvency,0.1991619229181135,0.1193451449347353,0.0848543744524544,0.503139275417308
NFCX,Debt Ratio,Solvency,0.0652437796482047,0.0383493304793355,0.0283130483746703,0.1102439095015652
NFCX,GPM,Profitability,0.0136545002692475,0.0135784437026582,0.012673412267271,0.0143571690165062
NFCX,Interest Coverage Ratio,Solvency,6.616724099598047,5.341717055506099,2.279926725996009,2.180834707190076
NFCX,NPM,Profitability,0.0031524478709952,0.0182401981471535,0.0023888275000844,-0.0291027698518349
NFCX,Operating Margin,Profitability,0.0080088432441489,0.0054957836289658,0.0026422304553887,0.0018530084192642
NFCX,Quick Ratio,Liquidity,2.3165068205934296,2.622562613196949,2.5550005306546097,1.483558353116335
NFCX,ROE,Profitability,0.0520724158505522,0.2617971845415194,0.0378630807860611,-0.8018895470537241
NFCX,ROI,Profitability,0.044819047410723,0.2395568458612689,0.0355239020405336,-0.5412613051572297
NICE,Cash Ratio,Liquidity,0.0,0.0,0.0,0.0
NICE,Current Ratio,Liquidity,0.7304888320496207,1.2110891328203066,1.139308307684977,0.0
NICE,DER,Solvency,0.4405264057454148,0.0165660134928878,0.1092192079201439,0.0
NICE,Debt Ratio,Solvency,0.0210755427028085,0.0048453356791219,0.033947151696234,0.0
NICE,GPM,Profitability,0.147730602080007,0.3242202456547957,0.2019670990862833,0.0
NICE,Interest Coverage Ratio,Solvency,-102.91286131753252,621.5650085193702,852.9680903272161,0.0
NICE,NPM,Profitability,-0.1333870835483275,0.1832995796707675,0.1254435189627414,0.0
NICE,Operating Margin,Profitability,-0.1294979459125223,0.2217310992727201,0.157659981583293,0.0
NICE,Quick Ratio,Liquidity,0.3330790120619289,0.959181301483087,0.645293544892048,0.0
NICE,ROE,Profitability,-3.3140566862613143,0.9607948374204184,1.2356742197206672,0.0
NICE,ROI,Profitability,-3.0770339434778595,0.9604010828972592,1.2356742197206672,0.0
NICL,Cash Ratio,Liquidity,0.0,0.9387681103145716,0.5273072870568654,0.0
NICL,Current Ratio,Liquidity,1.5837128222666397,5.199464345334411,5.551455253182861,0.0
NICL,DER,Solvency,0.002139636450953,0.0055362774579661,0.0026310011697458,0.0
NICL,Debt Ratio,Solvency,0.0011966275752273,0.0045977694516413,0.002173303363677,0.0
NICL,GPM,Profitability,0.379670856487119,0.2308686784401753,0.2430967495184308,0.0
NICL,Interest Coverage Ratio,Solvency,33.90541018477698,904.11195972757,5827.7083567088,0.0
NICL,NPM,Profitability,0.1679348068976094,0.10814737167456,0.1302684745015445,0.0
NICL,Operating Margin,Profitability,0.262313853123763,0.1450574836813349,0.1741471172459263,0.0
NICL,Quick Ratio,Liquidity,1.4511569241638334,5.05876577154159,5.410322008011161,0.0
NICL,ROE,Profitability,0.2975969489735173,0.1308778001972841,0.3016653796395045,0.0
NICL,ROI,Profitability,0.2971012519080854,0.1308698721650783,0.3016653796395045,0.0
NIKL,Cash Ratio,Liquidity,0.1807884977757764,0.1537012941318163,0.0578794290802835,0.1204058568892875
NIKL,Current Ratio,Liquidity,1.232097045107614,1.219888186513134,1.239573812142483,1.3260971676289828
NIKL,DER,Solvency,1.135933830673994,1.321031196521317,1.6026918193615507,1.0460153354502182
NIKL,Debt Ratio,Solvency,0.4166170324454083,0.3840408478471614,0.4888818150127443,0.4294482365299686
NIKL,GPM,Profitability,0.0675824282502685,0.0916786526876461,0.076739890463818,0.0092634155781811
NIKL,NPM,Profitability,0.0187803535429224,0.0278206387093058,0.0279118679590579,-0.0214314567590743
NIKL,Operating Margin,Profitability,0.0240904620824141,0.0592298353228031,0.0559199069264211,-0.0234045919648768
NIKL,Quick Ratio,Liquidity,0.8920631927527305,0.8715536244124097,0.8817108374631805,1.0359846609086707
NIKL,ROE,Profitability,0.0561759350682456,0.1074121454614314,0.1189815709410717,-0.065756617450012
NIKL,ROI,Profitability,0.0265295641753352,0.046511194161578,0.0458332396589818,-0.0322356530483247
NIRO,Cash Ratio,Liquidity,0.2044333259912384,0.0,0.1815936366236653,0.0
NIRO,Current Ratio,Liquidity,2.114438551900417,2.9757897965100653,1.3593455248511512,0.0
NIRO,DER,Solvency,1.3639318594126304,1.9172787454542932,2.6489422685387254,0.0
NIRO,Debt Ratio,Solvency,0.3078633931702625,0.3831323256304145,0.444055317870385,0.0
NIRO,GPM,Profitability,0.4230323154152363,0.4574569165821529,0.4737264766149569,0.0
NIRO,Interest Coverage Ratio,Solvency,1.9695993469648432,0.7852863474950998,0.4521698883128794,0.0
NIRO,NPM,Profitability,0.1087707022577335,-0.0804188361701365,-0.1856075318172587,0.0
NIRO,Operating Margin,Profitability,0.011468659026246,0.1427809565786229,0.1501985919398724,0.0
NIRO,Quick Ratio,Liquidity,2.069607359881665,2.9112310045314627,1.330483718102947,0.0
NIRO,ROE,Profitability,0.0240388067319499,-0.0252195203873977,-0.0777862337982008,0.0
NIRO,ROI,Profitability,0.010189177957773,-0.0086618909820667,-0.0213526264919799,0.0
NISP,DER,Solvency,0.1925824191204776,0.1506916445082005,0.1430921440128773,0.0782159015894258
NISP,Debt Ratio,Solvency,0.027846146239503,0.0227218507200016,0.0205254614535198,0.0116873896445458
NISP,Free Cash Flow,Liquidity,5641522000000.0,25180443000000.0,-10806321000000.0,1187380000000.0
NISP,NPM,Profitability,0.2215230233554813,0.2596260793563811,0.3136673368837301,0.3615096241668811
NISP,ROE,Profitability,0.0704567700126718,0.0779393364255116,0.0972476390040166,0.1096205744646849
NISP,ROI,Profitability,0.0591091504841678,0.0677515123376734,0.0850985999434708,0.101736883660181
NOBU,DER,Solvency,0.0078349630951394,0.004608193086237,0.0041696037594787,0.0015370245711038
NOBU,Debt Ratio,Solvency,0.0008667970016452,0.0003920426148201,0.0003530417248475,0.0001925449712331
NOBU,Free Cash Flow,Liquidity,-808012000000.0,2761960000000.0,-251037000000.0,1456613000000.0
NOBU,NPM,Profitability,0.1016406372945885,0.1090274734421128,0.1422545938733743,0.1590056306255701
NOBU,ROE,Profitability,0.0352711510447714,0.0363725382972465,0.0554549823774431,0.0424393893280839
NRCA,Cash Ratio,Liquidity,0.5280062763733305,0.4212879322101717,0.3651365472366815,0.3378254414862709
NRCA,Current Ratio,Liquidity,2.0568778278973707,2.1715586597448127,1.9347229662793848,2.0326096012155035
NRCA,DER,Solvency,0.170098519368327,0.0188503199734791,0.1877837714993704,0.1125087275728025
NRCA,Debt Ratio,Solvency,0.0882978189894175,0.0102662436509736,0.0920777630801239,0.0577046169071123
NRCA,GPM,Profitability,0.1096480560651313,0.1138457165526968,0.10807275680411,0.1110184194680136
NRCA,Interest Coverage Ratio,Solvency,9.009168826689452,7.819587567594092,8.808078483277532,15.494933520693024
NRCA,NPM,Profitability,0.0264286122856768,0.030932452244357,0.0303240745185406,0.0343666232403021
NRCA,Operating Margin,Profitability,0.0581338261567501,0.0689409380352013,0.0647127385978686,0.0676434274325538
NRCA,Quick Ratio,Liquidity,2.0561071575329395,2.170720000493795,1.934066268311979,2.0318439542334685
NRCA,ROE,Profitability,0.0478020781522268,0.0442539798069086,0.0620333812408088,0.0830452715363912
NRCA,ROI,Profitability,0.0408530370400199,0.0434352121595845,0.0522261565861457,0.0746468494836655
NSSS,Current Ratio,Liquidity,0.4051926814708353,1.0950552341600897,0.9810145498847072,0.9372540751591272
NSSS,DER,Solvency,7.102896035023006,3.8548762917092807,3.340015655312313,1.9843235476930656
NSSS,Debt Ratio,Solvency,0.8079438926692867,0.7246492914381547,0.6933786706053281,0.5734043007325185
NSSS,GPM,Profitability,0.2991592948198689,0.4975491458396224,0.3577327369628919,0.2556222879412805
NSSS,Interest Coverage Ratio,Solvency,0.8815763832328148,2.6380886695442998,1.6934710386557117,1.214181534076772
NSSS,NPM,Profitability,0.026019149172617,0.213961705818023,0.0619316062875865,0.0017668847628154
NSSS,Operating Margin,Profitability,0.2226643619464085,0.4410911626843308,0.2813077662114687,0.1664622445609324
NSSS,Quick Ratio,Liquidity,0.1720058054823897,0.6383509796723311,0.2910412399298662,0.451371610547532
NSSS,ROE,Profitability,0.0620082069216385,0.4386847671303228,0.1114654346305459,0.0019723409618445
NSSS,ROI,Profitability,0.0076623140559085,0.0904457676470224,0.0257974866257606,0.0006679318596112
OMED,Cash Ratio,Liquidity,1.5358232951197588,1.514028856994554,1.8178004569957684,5.81218917900024
OMED,Current Ratio,Liquidity,4.794566783627516,5.463194719085022,9.148651962160931,15.038582154227823
OMED,DER,Solvency,0.1760938613072256,0.1524542862050576,0.0976819874708105,0.0853062559538309
OMED,Debt Ratio,Solvency,0.1167089592918227,0.1081240603957722,0.0796459909316163,0.0733020504144148
OMED,GPM,Profitability,0.5198896232995097,0.4061370964541563,0.3237817321919904,0.3177911015525737
OMED,Interest Coverage Ratio,Solvency,94.8314575282834,33.83361813164966,18.34795019556709,15.585948719688224
OMED,NPM,Profitability,0.3436933512857647,0.2527167741038133,0.1643317880166232,0.1493155155185639
OMED,Operating Margin,Profitability,0.4250648446707205,0.3292503420351748,0.2140488396782223,0.1732160946804318
OMED,Quick Ratio,Liquidity,3.880588865279703,3.9558907936292274,6.888750081043567,10.596230478690536
OMED,ROE,Profitability,0.7301499158178012,0.4595650726284981,0.1397898889537832,0.1169224118961045
OMED,ROI,Profitability,0.6242464981853327,0.4066247746680957,0.1296692584370558,0.1090685683244144
OMRE,Cash Ratio,Liquidity,0.0,0.0087423411399606,0.0154900007003709,0.0508400897613622
OMRE,Current Ratio,Liquidity,0.871137290123882,0.4882264458437493,0.4525655021073591,0.2810779958425025
OMRE,DER,Solvency,0.0288351713233024,0.0261089618019925,0.0223556488755419,0.0157375447650634
OMRE,Debt Ratio,Solvency,0.0246518054087234,0.0214175258227679,0.0176032628692726,0.0140477174326481
OMRE,GPM,Profitability,0.201110483902378,0.4202219809034037,0.429837886405123,0.3320585478577404
OMRE,NPM,Profitability,-3.075114028559895,-1.9924280625140889,-2.6753025396386803,-2.292715819497749
OMRE,Operating Margin,Profitability,-1.5946616626077064,-1.1317633697003264,-1.0282509026757585,-1.69928261006708
OMRE,Quick Ratio,Liquidity,0.8322215776152582,0.4716846485359525,0.4401228197278717,0.2520251757101479
OMRE,ROE,Profitability,-0.0632813666610419,-0.0503526374991313,-0.0751920963983889,-0.0456648464200758
OMRE,ROI,Profitability,-0.0618878328251199,-0.049189893266475,-0.0735580750496101,-0.04496373955297
PADI,Cash Ratio,Liquidity,0.0777214260549428,0.1841968090657338,0.1732221815162285,0.0
PADI,Current Ratio,Liquidity,8.208841468890322,21.713409904443616,16.61106965218148,0.0
PADI,DER,Solvency,0.0476201955257944,0.0518712605163822,0.0581355067785807,0.0
PADI,Debt Ratio,Solvency,0.0419580716994386,0.0470804749655745,0.0515761136888031,0.0
PADI,GPM,Profitability,1.795709290233874,1.3008453307491106,3.652630824058317,-2.182465570053344
PADI,Interest Coverage Ratio,Solvency,-127.85938276513004,-50.26799487621957,-45.63185801363485,0.0
PADI,NPM,Profitability,8.319431538764592,2.133612040280621,15.222939440932873,0.0
PADI,Operating Margin,Profitability,8.665225453930931,2.247795076231728,9.377294452708634,-5.917158036927896
PADI,ROE,Profitability,-0.2597012953137139,-0.2328084035255767,-0.2441087345244579,0.0
PADI,ROI,Profitability,-0.2480184409639892,-0.2214042675146597,-0.2308880570676092,0.0
PALM,Cash Ratio,Liquidity,0.3565394607951526,6.2899040950647045,0.0,0.0080815750762966
PALM,Current Ratio,Liquidity,0.9782166987181776,11.830275391625785,94.14997437946272,0.0235588758441979
PALM,DER,Solvency,0.0142147617169755,0.0,0.0,1.104283613223069
PALM,Debt Ratio,Solvency,0.0135374282509625,0.0,0.0,0.3085698582593582
PALM,GPM,Profitability,0.3311878175812021,0.4897774136392218,0.8778212980516193,0.720703223059513
PALM,NPM,Profitability,8.352358218409348,6.171247831336322,1.644594921561385,-46.233027862128445
PALM,Operating Margin,Profitability,0.1225449203596187,0.3091465274764553,3.259731325605621,-43.604909918565326
PALM,Quick Ratio,Liquidity,0.8120223537406498,11.830275391625785,0.0,0.0
PALM,ROE,Profitability,0.5176981140047874,0.3456564770786748,0.0415669021954127,-1.342746834303304
PALM,ROI,Profitability,0.5104422983632879,0.3456564770786748,0.0415669021954127,-0.6381016446003961
PANI,Cash Ratio,Liquidity,0.0,0.0259521201157202,0.0913401703171662,0.0847683468043756
PANI,Current Ratio,Liquidity,1.7852220985834666,0.320885625936459,1.0074560209836092,1.984147036160387
PANI,DER,Solvency,0.4536845689562713,9.169667386249747,0.7102562455397059,0.0499280200828269
PANI,Debt Ratio,Solvency,0.183460245452125,0.2606675087359682,0.0546532086916098,0.019154383031734
PANI,GPM,Profitability,0.0865338557350696,0.0556648948964116,0.6888602475551932,0.4996474836046189
PANI,NPM,Profitability,0.0012266377629332,0.0052538621404584,0.2391933592426923,0.1250820250431608
PANI,Operating Margin,Profitability,0.0153472199690484,-0.0342752324659754,0.2952579097036089,0.3429328209059029
PANI,Quick Ratio,Liquidity,0.5583266814359557,0.1119957223537855,0.180655188410853,0.4231551706925988
PANI,ROE,Profitability,0.0055749138855329,0.0026395842940872,0.0641163657425522,0.0208793756311212
PANI,ROI,Profitability,0.0038563329233386,0.0002595546337785,0.0375641979414283,0.0198864829128706
PANS,Cash Ratio,Liquidity,0.002194632632835,0.0026745618005987,0.0,0.0
PANS,Current Ratio,Liquidity,1.2881106769792403,2.312307252915483,2.514063905400256,1.922815032108584
PANS,DER,Solvency,0.1075060294332109,0.0179583211021911,0.0382022221653298,0.0777146597940863
PANS,Debt Ratio,Solvency,0.0487799628640867,0.0124676038463757,0.028424441522884,0.0529640976112905
PANS,GPM,Profitability,0.5332034392168677,0.5471861187820712,0.5558610596289144,0.5679022291622998
PANS,Interest Coverage Ratio,Solvency,5.487640721995535,33.28364091259348,95.27472740457245,34.86817162158526
PANS,NPM,Profitability,0.2864168294050785,0.4132941183081799,0.7126978675491079,0.4098205587932355
PANS,Operating Margin,Profitability,0.3088101088078708,0.3800923711497496,0.3565603915578451,0.3005751462163457
PANS,ROE,Profitability,0.0621163176136748,0.1063192402994997,0.1587879192123573,0.0856172753709689
PANS,ROI,Profitability,0.0572655738913556,0.1063192402994997,0.1548285558862591,0.0802440868621752
PBID,Cash Ratio,Liquidity,0.942084712150809,0.248372803153686,0.2427719724125713,0.3135996834315729
PBID,Current Ratio,Liquidity,3.7707945959109694,3.779795639138742,3.77126178345573,4.112263431696031
PBID,DER,Solvency,0.062765260003678,0.0521429983131687,0.0967903586646529,0.0654171584147742
PBID,Debt Ratio,Solvency,0.0503431648783563,0.0426899735284199,0.077640085859257,0.0536962422848359
PBID,GPM,Profitability,0.2115154974543349,0.194845164075812,0.1650571876069327,0.1838006159086594
PBID,Interest Coverage Ratio,Solvency,40.90518439354258,64.6353381465594,43.70657667388143,56.56219817071703
PBID,NPM,Profitability,0.0960075030219329,0.0931872179938454,0.0701445884309414,0.079552462462665
PBID,Operating Margin,Profitability,0.1286497090908826,0.1179251644133457,0.0933995087060504,0.1000227422066649
PBID,Quick Ratio,Liquidity,2.217296941076806,1.5297847072206936,1.5267662052069204,1.8397039704357208
PBID,ROE,Profitability,0.1916615820240348,0.1808116773495583,0.1446836376615408,0.1426075161179404
PBID,ROI,Profitability,0.1824851797706827,0.1729459617555478,0.1327513346248572,0.134686402209559
PBRX,Cash Ratio,Liquidity,0.0945376159154537,0.0274772846605524,0.3397352419602222,0.0930061570347592
PBRX,Current Ratio,Liquidity,2.464844015230468,1.486565187241269,16.28213441288545,3.373899361802508
PBRX,DER,Solvency,1.1291010758229194,1.0738573512008789,1.0033857738648468,0.951066150016888
PBRX,Debt Ratio,Solvency,0.4518211379832878,0.4524699629657283,0.4771194029699772,0.4688481213126526
PBRX,GPM,Profitability,0.1331592381266963,0.1123806100737676,0.1178600494119977,0.1121692040012806
PBRX,Interest Coverage Ratio,Solvency,2.7467923589489858,2.259340789804289,2.040207040621901,1.3389419574104853
PBRX,NPM,Profitability,0.034621119211559,0.0234109928126529,0.0053374978345213,-0.0020916011783199
PBRX,Operating Margin,Profitability,0.0826940687131479,0.0617945739524619,0.0669788173110984,0.0619443630685692
PBRX,Quick Ratio,Liquidity,1.5821825104330511,0.9245720369026816,10.22544801367114,2.130132482680647
PBRX,ROE,Profitability,0.0854907046345253,0.0549891406869914,0.0106888218213906,-0.00354165142101
PBRX,ROI,Profitability,0.0404651435687057,0.0266579930811876,0.0053543736416742,-0.0018220239348373
PBSA,Cash Ratio,Liquidity,0.1846632549008964,0.0,0.297137653148246,0.3011087378050448
PBSA,Current Ratio,Liquidity,3.227546261198287,3.325953502206447,3.233397314799012,3.112587562667608
PBSA,DER,Solvency,0.0109019619267613,0.0734292452682978,6.835998592395176e-05,0.0058878167904414
PBSA,Debt Ratio,Solvency,0.0083185665355605,0.0549162339178042,5.1416246595488567e-05,0.0044182848452668
PBSA,GPM,Profitability,0.169042023630144,0.4314037647863705,0.2561495950147988,0.2631268301466386
PBSA,NPM,Profitability,0.0780287541808899,0.2994759088991496,0.1826622029496279,0.3366633124348809
PBSA,Operating Margin,Profitability,0.0789168714438633,0.2650869796915229,0.1779789558358063,0.1728614775767373
PBSA,Quick Ratio,Liquidity,3.207167351173004,3.2750824225701978,2.7830225041827266,2.811621051082554
PBSA,ROE,Profitability,0.0804718133851363,0.1438672608577678,0.2071927665245522,0.3229717997388904
PBSA,ROI,Profitability,0.0797347473242272,0.1341153154541055,0.2071927665245522,0.3229717997388904
PCAR,Cash Ratio,Liquidity,0.5780362868700372,0.0,0.0,0.0
PCAR,Current Ratio,Liquidity,2.968439142713564,2.265157300342264,2.374224748510264,4.282196620347192
PCAR,DER,Solvency,0.2342535029828381,0.277255175548062,0.2202497151457624,0.2727133424172345
PCAR,Debt Ratio,Solvency,0.1498612078399027,0.162130975139612,0.1362836075091109,0.1859948211545186
PCAR,GPM,Profitability,0.1961608038444406,0.1321432383209303,0.1402016521037348,0.1441246837243663
PCAR,Interest Coverage Ratio,Solvency,-6.350182571747442,1.6657625262478806,4.869376252945814,12.995989838750331
PCAR,NPM,Profitability,-0.3422290879149605,0.0078986898314813,0.0216068153180143,0.0335982788567352
PCAR,Operating Margin,Profitability,-0.0638869405516254,0.0171578923013462,-0.0011119363257313,0.0622117568926079
PCAR,Quick Ratio,Liquidity,2.543862361242293,1.561800914624614,1.827458351851095,3.6680548092377223
PCAR,ROE,Profitability,-0.2412152467790923,0.0217771527413369,0.0775379453724911,0.1328720751938318
PCAR,ROI,Profitability,-0.195434119648957,0.0170499624180364,0.0635426867223066,0.1044006303426277
PEGE,Cash Ratio,Liquidity,5.285776226690932,0.0,0.3585490533615079,0.0
PEGE,Current Ratio,Liquidity,18.121565411098064,4.452812901824732,3.257481240518956,0.0
PEGE,GPM,Profitability,1.4970304304386852,1.0967299777964148,0.7088212890525112,0.6425230383709812
PEGE,NPM,Profitability,0.5164168475429426,1.157284659825229,-2.7790025810543795,0.0
PEGE,Operating Margin,Profitability,-0.488996610277862,1.154488763588545,-2.81643284997354,-2.956127544226156
PEGE,ROE,Profitability,-0.0146423010240964,-0.2438967247156957,-0.3963907357748236,0.0
PEGE,ROI,Profitability,-0.0146423010240964,-0.2438967247156957,-0.3963907357748236,0.0
PEHA,Cash Ratio,Liquidity,0.0,0.0005464297320209,0.0005631874248988,0.0046669282279389
PEHA,Current Ratio,Liquidity,0.9425859427152744,1.296574911911873,1.336083160232633,1.2759010759772282
PEHA,DER,Solvency,1.282334350623162,1.2187317625602576,1.123067253639583,1.070765111694291
PEHA,Debt Ratio,Solvency,0.4816495023621934,0.476933611632307,0.4669703442288116,0.4544882214677229
PEHA,GPM,Profitability,0.533867280792393,0.4941105365708459,0.4998769147224662,0.5112002817556738
PEHA,Interest Coverage Ratio,Solvency,0.0,1.13182490209202,1.6937057737122507,1.1206960475739716
PEHA,NPM,Profitability,0.049449322333036,0.0105292373145891,0.0240226659507725,0.0058762985990457
PEHA,Operating Margin,Profitability,0.0646536585173727,0.0846207577956608,0.0806317513319251,0.0651564689243189
PEHA,Quick Ratio,Liquidity,0.5738350614014054,0.8332656978548572,0.9356450601139288,0.8641889568638319
PEHA,ROE,Profitability,0.0673767562607862,0.0153872313952281,0.0373741715739465,0.0079507095284294
PEHA,ROI,Profitability,0.029943150209689,0.0070140262855868,0.0178512127004573,0.0038710207194536
PGAS,Cash Ratio,Liquidity,0.5968660432935747,0.9314064225779084,0.8679218683486243,0.5385660548053355
PGAS,Current Ratio,Liquidity,1.695285246974536,2.536341574664462,2.228926947513981,1.2940387767316357
PGAS,DER,Solvency,1.3851714747243191,1.1683262908095815,0.8160313199655623,0.5726702289195583
PGAS,Debt Ratio,Solvency,0.4105764324253203,0.392817568391973,0.2987671040684332,0.2342018410548818
PGAS,GPM,Profitability,0.1628874614272067,0.1932902530267508,0.2187254286948284,0.2011843896736464
PGAS,Interest Coverage Ratio,Solvency,1.811305258088636,2.7878652525655947,4.570662715943086,5.97439267242505
PGAS,NPM,Profitability,-0.0917588879034317,0.1000704091870125,0.0914196532723444,0.0762665884183032
PGAS,Operating Margin,Profitability,0.0302930536369081,0.1723428435296075,0.1571533926824179,0.1368086233146158
PGAS,Quick Ratio,Liquidity,1.6370562275856566,2.472964041079715,2.1688880943182247,1.245502241736934
PGAS,ROE,Profitability,-0.1185657752165373,0.1203096112579808,0.1238478605412361,0.1030404371827627
PGAS,ROI,Profitability,-0.0552476597946333,0.0611844126573896,0.0757051660063524,0.0729184895692813
PGEO,Cash Ratio,Liquidity,0.0028018928342702,0.2596226490616259,0.0,1.6386458230917968
PGEO,Current Ratio,Liquidity,0.4740150383073602,1.3998609075034898,0.5051481611878076,3.5365172221676007
PGEO,DER,Solvency,1.019429832750549,0.7798723105158343,0.7527889907234055,0.3707072858968896
PGEO,Debt Ratio,Solvency,0.4087375155112986,0.3998546808087321,0.3819213312550654,0.2465611453706149
PGEO,GPM,Profitability,0.5361240362638822,0.5056531028349565,0.551353647543956,0.5594824361044383
PGEO,Interest Coverage Ratio,Solvency,5.792095922430958,9.892749244712991,14.13999460261773,10.950898203592814
PGEO,NPM,Profitability,0.2058588375555499,0.2306682862286619,0.329838266833822,0.4026552593234356
PGEO,Operating Margin,Profitability,0.5324569655979049,0.4760834435936923,0.5207864935710808,0.5458812468002993
PGEO,Quick Ratio,Liquidity,0.4524137787898195,1.3174911316025155,0.4817366183948836,3.443753482122374
PGEO,ROE,Profitability,0.0712303377541514,0.0692106941570021,0.1014062613229957,0.082980299064662
PGEO,ROI,Profitability,0.0352870358667106,0.0389610984358957,0.0579074817248553,0.0605836612908422
PGLI,Cash Ratio,Liquidity,1.4491541092242697,1.3263475828908624,2.023394336746508,1.7244646720668702
PGLI,Current Ratio,Liquidity,1.9290621905550067,1.840967606858168,2.879671053556806,2.335733634925847
PGLI,DER,Solvency,0.0385572559255774,0.023093653858476,0.0020554687090309,0.0617796464216798
PGLI,Debt Ratio,Solvency,0.0261905863775898,0.0156135209119563,0.0012809185200911,0.0232729455960758
PGLI,GPM,Profitability,0.3885300374774411,0.4594064889756451,0.4317419333098761,0.4281252840667738
PGLI,Interest Coverage Ratio,Solvency,-16.55035956314338,0.0,0.0,0.0
PGLI,NPM,Profitability,-0.3953702807545933,0.6159311959688589,0.3206800576674896,-2.648434559290006
PGLI,Operating Margin,Profitability,-0.348522966960514,-0.0511254756290228,-0.0912769750381181,-0.1363356621976999
PGLI,Quick Ratio,Liquidity,1.8385530000459376,1.7020297272896772,2.6125764036845043,2.1122795439928894
PGLI,ROE,Profitability,-0.0896284769373153,0.1313456565195051,0.0945606811995261,-3.008900747286245
PGLI,ROI,Profitability,-0.0871020565198027,0.1291994014756944,0.0945038776085407,-2.8418860398034504
PGUN,Current Ratio,Liquidity,3.3673007030994957,1.0723374022352257,1.469300017811564,1.800547911730067
PGUN,DER,Solvency,1.2414582838085333,0.8425458201493385,0.4842537021305734,0.3504398361760592
PGUN,Debt Ratio,Solvency,0.5005659449756145,0.3455735857212671,0.2948131135998777,0.2198906336827752
PGUN,GPM,Profitability,0.0065166047470627,0.1836584589428008,0.2625034668476668,0.2833468005879885
PGUN,Interest Coverage Ratio,Solvency,-0.373099945652252,0.8080299480296257,3.732004243504655,3.807597424392657
PGUN,NPM,Profitability,-0.2135210231348392,0.0398323190365065,0.17090319741106,0.1244236794590454
PGUN,Operating Margin,Profitability,-0.0728069236457468,0.1318950835360063,0.2319414708098483,0.2208491731731081
PGUN,Quick Ratio,Liquidity,3.0524799515491465,0.4438583344060324,0.7255486986228166,0.9893166035732176
PGUN,ROE,Profitability,-0.0957550004462157,0.0333717413043037,0.1204560164297106,0.0664524070764806
PGUN,ROI,Profitability,-0.0427199565291553,0.0181117565378096,0.0811559481083334,0.0492079730590953
PICO,Current Ratio,Liquidity,0.6022760889143217,0.5315127177147074,2.3666727460576946,2.0861260210616157
PICO,DER,Solvency,2.230067968929832,2.7814618332976044,0.5934555960341082,0.5625223357759589
PICO,Debt Ratio,Solvency,0.4826322670417611,0.4907687497486186,0.1162687707850019,0.1566343498872356
PICO,GPM,Profitability,0.0395239090555878,0.0364559001426665,0.1107106446721519,0.0960222521020498
PICO,Interest Coverage Ratio,Solvency,-0.3761714985623499,-0.9288878399588256,1.2781662073626447,1.3923905820873288
PICO,NPM,Profitability,-0.2087858074246136,-0.1061058400983139,0.0162027174187353,0.010331244618918
PICO,Operating Margin,Profitability,-0.0558808220498448,-0.0640062334231711,0.0284565314058704,0.0230254210637984
PICO,Quick Ratio,Liquidity,0.2795073577578317,0.2461942519287036,1.237213805470479,1.175577886598347
PICO,ROE,Profitability,-0.2722914670559313,-0.2552080666100678,0.0447834518065026,0.0276145474256515
PICO,ROI,Profitability,-0.0873550983742621,-0.0700366351838691,0.0308386773705743,0.0192926897222679
PIPA,Cash Ratio,Liquidity,0.0,0.0,0.0,0.4986576767142129
PIPA,Current Ratio,Liquidity,0.6750219162419275,0.7950923954736204,1.4990731000339002,6.273323487601463
PIPA,DER,Solvency,-11.53182112358773,48.27745700655147,0.6261926406267976,0.183725622515848
PIPA,Debt Ratio,Solvency,0.6754713988709533,0.5577832105379545,0.3458721702930468,0.1490021101821631
PIPA,GPM,Profitability,0.248555100812831,0.2418937135077271,0.2846990045638493,0.3726920570562738
PIPA,Interest Coverage Ratio,Solvency,2.094297544369816,2.61853348488528,2.5573975069749504,1.6260959711896317
PIPA,NPM,Profitability,0.034721652062153,0.047131406265578,0.0457413696301509,0.0156895705453488
PIPA,Operating Margin,Profitability,0.0891226370722456,0.0967475394035147,0.1096233246022724,0.0939977932752073
PIPA,Quick Ratio,Liquidity,0.1708528690540547,0.1655426644587279,0.5284167233024544,4.2126819753691125
PIPA,ROE,Profitability,-1.0548303442916598,6.105989180841116,0.0343432810021051,0.0034434876872888
PIPA,ROI,Profitability,0.1098764033958536,0.1315892354142932,0.0212201811570593,0.0029102124500805
PJAA,Cash Ratio,Liquidity,0.1921688039698504,0.2556708617346418,0.4939489516610857,0.5242383214058012
PJAA,Current Ratio,Liquidity,0.2959220904754536,0.8538825416776333,0.6028742346009023,0.7439928936264713
PJAA,DER,Solvency,0.6336411644355708,1.1733175004877203,0.787792875134382,0.5907750309623837
PJAA,Debt Ratio,Solvency,0.2728844840436361,0.3915207133694614,0.312861181098155,0.2599497251176731
PJAA,GPM,Profitability,0.1207446037954512,0.2565713434461219,0.5679412535403741,0.5471285897534529
PJAA,Interest Coverage Ratio,Solvency,-3.3187930350769674,-1.2032210691208145,3.292042583904728,4.689723154362416
PJAA,NPM,Profitability,-0.9484716789801536,-0.7063738307195216,0.1610098979098612,0.184618246961535
PJAA,Operating Margin,Profitability,-0.6092544304408711,-0.2889927107786984,0.3301680066062624,0.3161919056957186
PJAA,Quick Ratio,Liquidity,0.2906560403250814,0.8477985293090761,0.5964058173003443,0.7353148080491142
PJAA,ROE,Profitability,-0.2256395469724836,-0.1862962792361216,0.0997615730229513,0.1427748366886034
PJAA,ROI,Profitability,-0.1433460549165166,-0.0885221882430266,0.0579322541058886,0.0933205452577244
PLIN,Cash Ratio,Liquidity,1.6443253793909467,0.9363451606072074,0.9807296330695622,0.9271715445082026
PLIN,Current Ratio,Liquidity,2.948847329378111,2.579877188220112,2.2127329226610737,1.6866010450175248
PLIN,DER,Solvency,0.0457153901702187,0.0457894326011869,0.0487508661140291,0.0481200852428846
PLIN,Debt Ratio,Solvency,0.0412183924508037,0.0412981993756187,0.0435305892969662,0.0428010013541246
PLIN,GPM,Profitability,0.7378569438526865,0.7111581859577071,0.6893236558581921,0.6950466156079587
PLIN,NPM,Profitability,-0.620139903834044,0.5137783679679357,0.5085152920512044,0.4720139275877951
PLIN,Operating Margin,Profitability,0.5129153085098596,0.4734957986511041,0.4547806091207165,0.4885903933724945
PLIN,Quick Ratio,Liquidity,2.9331734497115702,2.552593000368688,2.1945300540187245,1.6759397739901023
PLIN,ROE,Profitability,-0.0539890375064982,0.041468791001487,0.0504652548150512,0.0563185464504965
PLIN,ROI,Profitability,-0.051628806474494,0.0396530981369183,0.0481193927419977,0.0537329140462427
PMJS,Cash Ratio,Liquidity,0.0299012704181837,0.0065702399963944,0.0154953624961303,0.0141496787923311
PMJS,Current Ratio,Liquidity,2.326805485785696,1.7769668548840138,2.0123344471913067,1.953791735822053
PMJS,DER,Solvency,0.1071104484858371,0.0158019820144996,0.023058855700218,0.0309719737611018
PMJS,Debt Ratio,Solvency,0.062045626044733,0.0081955455028843,0.0126114255235253,0.0171573531173426
PMJS,GPM,Profitability,0.0659280437710879,0.0652222822931397,0.0722970428227053,0.0714984600102883
PMJS,NPM,Profitability,0.0093795607064108,0.0157578286219459,0.0242206126694959,0.0211696729020895
PMJS,Operating Margin,Profitability,0.0172963022619223,0.0280664295715988,0.0366696371548085,0.0316504123605182
PMJS,Quick Ratio,Liquidity,1.5795006340292703,1.103521798552409,0.9423107728794382,0.9059226994515844
PMJS,ROE,Profitability,0.0295600121007362,0.0744256896724181,0.1221009231452746,0.0874931844448048
PMJS,ROI,Profitability,0.0272055818613145,0.0744256896724181,0.1221009231452746,0.0874931844448048
PNBN,DER,Solvency,0.4163279711661832,0.1996230305543598,0.2096729352964129,0.1308253308894655
PNBN,Debt Ratio,Solvency,0.0844300619390571,0.0443699218021069,0.0467852798422474,0.0292898857506675
PNBN,Free Cash Flow,Liquidity,28247614000000.0,3341440000000.0,174699000000.0,4173418000000.0
PNBN,NPM,Profitability,0.2663846974350311,0.1727078951934349,0.2731915567811265,0.2423721869253353
PNBN,ROE,Profitability,0.0701721585955799,0.0454053487650606,0.0641691667600544,0.0509386253436689
PNBN,ROI,Profitability,0.0495583938231189,0.0378496807818688,0.0530467078229957,0.0450455290947563
PNBS,DER,Solvency,0.0013598187643355,0.0027815479750351,0.0053866753216859,0.0048449886814862
PNBS,Debt Ratio,Solvency,0.0003748622535234,0.0004438491497615,0.0009123875768884,0.0007789984254485
PNBS,Free Cash Flow,Liquidity,-1607309720000.0,692123026000.0,-441669349000.0,974900008000.0
PNBS,NPM,Profitability,0.0008093995116221,-1.9784925921530956,0.4281932937942048,0.4736794931088892
PNBS,ROE,Profitability,4.112010619799898e-05,-0.3554005134485332,0.0999964836409883,0.0877491316215369
PNIN,DER,Solvency,0.0010889928944661,0.4197293784723893,0.4253726675613293,0.0
PNIN,Debt Ratio,Solvency,0.0005606849698458,0.0325662610575434,0.0357432148505831,0.0
PNIN,NPM,Profitability,0.3535540758132486,0.2874257819968392,0.1214503393708701,0.0
PNIN,ROE,Profitability,0.0597225912376436,0.0482721295695287,0.097761935164816,0.0
PNIN,ROI,Profitability,0.0597225912376436,0.0340212593475384,0.0686110612092129,0.0
PNLF,DER,Solvency,0.0007467047303639,0.2021437702611501,0.2257649086763631,0.0
PNLF,Debt Ratio,Solvency,0.000592371233141,0.023500333362757,0.0265100996180705,0.0
PNLF,NPM,Profitability,0.6238478315853314,0.4651009565335571,0.1349374312331454,0.0
PNLF,ROE,Profitability,0.0723957134897608,0.0527103212729715,0.076563862184623,0.0
PNLF,ROI,Profitability,0.0723957134897608,0.0438677873909923,0.0624805440831281,0.0
POLA,DER,Solvency,0.0147262376103935,0.0009079050850265,0.0,0.0
POLA,Debt Ratio,Solvency,0.0142854275826412,0.0008938603866108,0.0,0.0
POLA,Free Cash Flow,Liquidity,17487339120.0,68688112307.0,-43553982003.0,0.0
POLA,NPM,Profitability,-1.1317564448243131,-5.100236114079547,0.0400380384274421,0.0
POLA,ROE,Profitability,-0.1265051082937951,-0.1874209387126356,0.0020223335468969,0.0
POLA,ROI,Profitability,-0.1250936602900371,-0.1873271162613595,0.0,0.0
POLI,Current Ratio,Liquidity,1.264801358090496,1.4416483415510382,1.4793270374330232,1.9372527194899345
POLI,DER,Solvency,0.312087263235717,0.2705570451120606,0.2253234411146543,0.4550544712658222
POLI,Debt Ratio,Solvency,0.2135593772211372,0.1919485274360417,0.1657074349450126,0.2769018800607754
POLI,GPM,Profitability,0.4927219240939824,0.4373522622987878,0.5627597972243233,0.5286363603402912
POLI,Interest Coverage Ratio,Solvency,0.4717273857877204,0.8716356499656162,5.5702706744487545,3.5404367575468587
POLI,NPM,Profitability,0.0752858425582509,0.1764217594328527,0.4691561591080355,0.2568265646708737
POLI,Operating Margin,Profitability,0.146398290735519,0.1438493122716709,0.4025840172378574,0.2928512101891641
POLI,Quick Ratio,Liquidity,0.486693134146239,0.5810371797521395,0.4941598648614291,0.4008393515166163
POLI,ROE,Profitability,0.0103044167927853,0.0207039693623796,0.0816155842516852,0.0469418599414984
POLI,ROI,Profitability,0.007853453868132,0.0162951907134194,0.066607380152167,0.0322612389216339
POLL,Cash Ratio,Liquidity,0.0015490197126614,0.0,0.0,0.0
POLL,Current Ratio,Liquidity,0.7841384695090486,0.7841712549819279,0.8103985325284032,0.0
POLL,DER,Solvency,1.463734424834259,1.608175241208385,0.6982718967039226,0.0
POLL,Debt Ratio,Solvency,0.2623360145562016,0.2680709257812886,0.2174845680287606,0.0
POLL,GPM,Profitability,0.3871428523709822,0.1100111810475688,0.2778132322902122,0.0
POLL,Interest Coverage Ratio,Solvency,3.2862235233225183,-0.7778103153203603,6.744264403288208,0.0
POLL,NPM,Profitability,0.060567053730893,-0.2726358531806486,1.4098311915331578,0.0
POLL,Operating Margin,Profitability,0.2026271092696199,-0.1176889528844717,0.1770473717865769,0.0
POLL,Quick Ratio,Liquidity,0.0755664397912459,0.0671253857551764,0.0965342248163381,0.0
POLL,ROE,Profitability,0.0241362978011855,-0.0962215885898508,0.3170281010845336,0.0
POLL,ROI,Profitability,0.0098074537000907,-0.0369344269307261,0.1869262717280941,0.0
POLU,Cash Ratio,Liquidity,0.0,1.7097931871100935,0.8104306860888549,0.0
POLU,Current Ratio,Liquidity,2.223079197281096,5.541183728784244,2.1154260984988857,0.0
POLU,DER,Solvency,0.2885300905580833,0.0988380277632999,0.2842155191657389,0.0
POLU,Debt Ratio,Solvency,0.1646414769900316,0.0674199319198062,0.1750658120774092,0.0
POLU,GPM,Profitability,0.0721547885673947,-0.0632391277279868,0.2081169468956417,0.0
POLU,Interest Coverage Ratio,Solvency,-0.091599165449303,-14.367393478305477,-6.09102917985361,0.0
POLU,NPM,Profitability,-0.0310629898892022,-0.4915187845312981,-0.0494995084085347,0.0
POLU,Operating Margin,Profitability,-0.0406311982155506,-0.3533826000463853,-0.1530283357552249,0.0
POLU,Quick Ratio,Liquidity,1.1543121166917296,4.560942173312295,1.6824836408176795,0.0
POLU,ROE,Profitability,-0.0379357774132583,-0.3715425204377059,-0.0485794796035141,0.0
POLU,ROI,Profitability,-0.029785897954719,-0.3555404906846522,-0.0393245896421238,0.0
POOL,Cash Ratio,Liquidity,1.9231287487861208,1.4852159377173733,0.0,0.0
POOL,Current Ratio,Liquidity,39.66226156300035,5.295785825197995,0.0,0.0
POOL,DER,Solvency,0.010461811884065,0.0002870719603308,0.0,0.0
POOL,Debt Ratio,Solvency,0.0089415351538766,0.0002172135334491,0.0,0.0
POOL,Interest Coverage Ratio,Solvency,-55.45735192350324,-1064.896688723397,0.0,0.0
POOL,NPM,Profitability,-3.0557388848057294,-3.175050106770208,0.0,0.0
POOL,Operating Margin,Profitability,-4.130223231973254,-0.7520364553092423,0.0,0.0
POOL,ROE,Profitability,-0.1744676804917417,-0.4013404579883312,0.0,0.0
POOL,ROI,Profitability,-0.1730829653434343,-0.4013404579883312,0.0,0.0
PORT,Cash Ratio,Liquidity,0.0017581307525708,0.0318846226446008,0.1669496463171742,0.0542580697891552
PORT,Current Ratio,Liquidity,1.1285789858165534,1.4021997535951047,1.822876943085196,1.7649470808881038
PORT,DER,Solvency,0.9487738015628256,0.9349129449841008,0.802604434753017,0.2431893009260625
PORT,Debt Ratio,Solvency,0.3982692330887715,0.451932726145336,0.4340864887791313,0.1472150695087744
PORT,GPM,Profitability,0.1260092829634202,0.1418629481213117,0.1561229107840085,0.232158659096369
PORT,Interest Coverage Ratio,Solvency,0.4908972226511512,0.4507319874149676,2.237975083606981,3.809401799545526
PORT,NPM,Profitability,-0.0458925817415511,-0.0441594784601734,0.0162950549038507,0.0547753619090088
PORT,Operating Margin,Profitability,0.0049307705563892,0.058779602072512,0.0774722690234661,0.1548523687564429
PORT,Quick Ratio,Liquidity,0.7463998440915222,1.0136509813710877,1.4309951650098198,1.53019076438984
PORT,ROE,Profitability,-0.0632393158539729,-0.0649276880675037,0.0206771902442693,0.0601366098303247
PORT,ROI,Profitability,-0.0424801112865657,-0.0434043087994364,0.0148612478469147,0.0501394575452967
POSA,Cash Ratio,Liquidity,0.0,0.0003294033524127,0.0030273234684099,0.0025628342152953
POSA,Current Ratio,Liquidity,0.2147887903421686,0.1258519915405804,0.0782221539493621,0.0256817353581875
POSA,DER,Solvency,4.830087217914077,-50.81694498023037,-4.628214424369246,-2.161110265558359
POSA,Debt Ratio,Solvency,0.6246119243357751,0.6663376756822605,0.6949807754938001,0.7545593710936028
POSA,GPM,Profitability,0.0678357336263506,0.0326526221404297,0.0595093021464459,-0.0194445655627191
POSA,Interest Coverage Ratio,Solvency,-0.9041339564738688,-0.8530846565818432,-0.4672650319643138,-0.737055287950169
POSA,NPM,Profitability,-2.2525185945765016,-2.58187072214044,-1.9897006906984325,-2.4932201876297517
POSA,Operating Margin,Profitability,-0.3855233863851831,-0.3998604986502859,-0.5624762804865668,-0.4364285044106538
POSA,Quick Ratio,Liquidity,0.2147041361093333,0.1258074152254284,0.0781909111302677,0.0256739936150441
POSA,ROE,Profitability,-1.0601952468152802,11.65939991229834,0.9148669330215412,0.5231087889534225
POSA,ROI,Profitability,-0.183496071092477,-0.2363571521369822,-0.2548122839684508,-0.4505246439293756
POWR,Cash Ratio,Liquidity,3.0399445418096414,4.36804276731892,3.909281315716541,1.83627755602598
POWR,Current Ratio,Liquidity,7.741508508867836,9.283864606689828,9.900306378415571,9.621985612661543
POWR,DER,Solvency,0.8121271525993619,0.7799624899476639,0.7816452393854235,0.7096528615131851
POWR,Debt Ratio,Solvency,0.4055396196444131,0.4008929765877206,0.4017019729431946,0.3773393788583839
POWR,GPM,Profitability,0.5433128708585044,0.5248324700368449,0.4967168968231443,0.4800632655685686
POWR,Interest Coverage Ratio,Solvency,4.622744630313344,5.245859205492012,4.863615843069295,4.783327620905221
POWR,NPM,Profitability,0.160447855138809,0.1756621550684504,0.1317750556012383,0.1409627388636654
POWR,Operating Margin,Profitability,0.2731118686651088,0.2836382829146071,0.2622142971633417,0.2205924499663762
POWR,Quick Ratio,Liquidity,6.985856858758877,8.403787493996715,8.741841053261144,8.433012111859211
POWR,ROE,Profitability,0.1114760048634381,0.1294802720964084,0.1036578169232403,0.1093227289147022
POWR,ROI,Profitability,0.0616846467523504,0.0728701677634208,0.0583175106272847,0.0641651972491446
PPRE,Cash Ratio,Liquidity,0.0190799224593431,0.0051620917854028,0.0098258900312403,-0.0001765598338385
PPRE,Current Ratio,Liquidity,1.3102508013469976,1.18610998066952,1.2923043972931334,1.540664379592394
PPRE,DER,Solvency,0.8997086013289547,0.9826647545224628,0.9699338128285332,0.7719986390722553
PPRE,Debt Ratio,Solvency,0.288897248130565,0.3138506967734511,0.2995453822532094,0.261746674200863
PPRE,GPM,Profitability,0.1892863622946448,0.161117744646005,0.1684593835248586,0.1745335784657929
PPRE,NPM,Profitability,0.0250622338853027,0.0274038909071918,0.0277156069294539,0.0235868090998938
PPRE,Operating Margin,Profitability,0.1431446730345865,0.1122394712889513,0.1157851735303572,0.1196627770456556
PPRE,Quick Ratio,Liquidity,1.2902622937282626,1.1506740071708748,1.2517198242623606,1.488646996744711
PPRE,ROE,Profitability,0.0269536634564356,0.0342641287743693,0.0429911570545192,0.0330200996369787
PPRE,ROI,Profitability,0.0149741248233868,0.0186791023360836,0.0238285364960388,0.0202903541553033
PPRO,Cash Ratio,Liquidity,0.0438594468660958,0.2038658253419421,0.1724641492507181,0.0566314204640357
PPRO,Current Ratio,Liquidity,1.3925055465003602,1.7677182851005362,1.7833521750354715,1.0096155878931703
PPRO,DER,Solvency,1.652191006082628,1.3243203274714683,1.1951767090452057,1.0434574909409002
PPRO,Debt Ratio,Solvency,0.3499141563107805,0.2488653594337285,0.2187301862268249,0.1424729438640534
PPRO,GPM,Profitability,0.1861165502242575,0.1118246106702878,0.1429674780583823,0.0267958448215493
PPRO,NPM,Profitability,0.0526831262780899,0.0236039913038292,0.0116982401861534,-0.6460123443568742
PPRO,Operating Margin,Profitability,0.1584112556961109,0.0464101206018324,0.0842079857323806,-0.0213902296330701
PPRO,Quick Ratio,Liquidity,0.2830040701629314,0.518140898637085,0.6237193739204511,0.3034208454460019
PPRO,ROE,Profitability,0.0279088551096598,0.005137505684579,0.0049954061865989,-0.4760177158966973
PPRO,ROI,Profitability,0.010524377939216,0.0022105699608353,0.0022757774547037,-0.2329472073713249
PRAY,Cash Ratio,Liquidity,0.0420774831605912,0.3545289977229227,2.1197066951947936,1.473418842727443
PRAY,Current Ratio,Liquidity,2.7184881728610333,3.093681759003273,4.561764509227066,3.581261604237996
PRAY,DER,Solvency,0.4128165718398952,0.5142732946469293,0.3460428063282952,0.4567202365531843
PRAY,Debt Ratio,Solvency,0.2414787381512032,0.2848853070880462,0.2262052818217637,0.2717121669852231
PRAY,GPM,Profitability,0.4185372869458874,0.4306067751944947,0.2522277331764112,0.282430230427575
PRAY,Interest Coverage Ratio,Solvency,8.265323508114324,8.619868802630151,1.5512313562261533,2.520175557555509
PRAY,NPM,Profitability,0.2109629100270828,0.1785084889820122,0.0410495302845613,0.1179698276401086
PRAY,Operating Margin,Profitability,0.284118745921314,0.2992742662433037,0.0693710331638014,0.1045468409929573
PRAY,Quick Ratio,Liquidity,2.553971946100427,2.963903916676608,4.418505393599001,3.46593251230688
PRAY,ROE,Profitability,0.2005360608198803,0.1884178940900438,0.0241499434725256,0.077531556802244
PRAY,ROI,Profitability,0.1441680433931941,0.1286955265177717,0.0183295673989832,0.0549325742109015
PRDA,Cash Ratio,Liquidity,0.7137588922461993,1.1156148897400615,0.4343595802349017,0.7233119176275369
PRDA,Current Ratio,Liquidity,6.471471057076919,6.5786210999962815,6.363280978525262,5.496162192060588
PRDA,DER,Solvency,0.0245467899942906,0.014237535501865,0.0136662673595691,0.0132992392438236
PRDA,Debt Ratio,Solvency,0.0196666565115866,0.0121735809423783,0.0118160422326865,0.0115810012791463
PRDA,GPM,Profitability,0.5584696069927271,0.6155892886699894,0.6083064957495318,0.5935834338973015
PRDA,Interest Coverage Ratio,Solvency,58.458736923672994,214.8640611724724,163.15328467153284,78.16088168229035
PRDA,NPM,Profitability,0.1434560619203309,0.2349809992018119,0.1703519642544468,0.1169304727271418
PRDA,Operating Margin,Profitability,0.1642709014479215,0.2895552731126735,0.2045991047110387,0.1385110053427139
PRDA,Quick Ratio,Liquidity,6.146953439128263,6.405548324718307,6.167089443324762,5.316329830234438
PRDA,ROE,Profitability,0.1502807975623763,0.2697449232657647,0.1610140522882896,0.1102010872791729
PRDA,ROI,Profitability,0.1494478569911236,0.2690688860039538,0.1607090889042159,0.1100311539142238
PRIM,Cash Ratio,Liquidity,0.619919772710503,0.3569915287252521,1.1668049033356307,0.3453487888446386
PRIM,Current Ratio,Liquidity,2.611988827805886,2.1632462178293816,4.443317731735989,4.014041533766183
PRIM,DER,Solvency,7.27067992314052e-05,5.381464448192097e-06,0.0,0.0
PRIM,Debt Ratio,Solvency,6.797685218371438e-05,4.581459676344502e-06,0.0,0.0
PRIM,GPM,Profitability,0.3554868756218516,0.2985190924469696,0.367523960961825,0.2835504189642469
PRIM,NPM,Profitability,0.1464739575670769,0.1257301427859671,0.0824220529999377,-0.0103509970557411
PRIM,Operating Margin,Profitability,0.1898481686790143,0.1583648979385474,0.0914650089542164,-0.0174195583192954
PRIM,Quick Ratio,Liquidity,2.385785249581114,2.048947129623393,3.671945334043176,2.667795773398407
PRIM,ROE,Profitability,0.0429606925280163,0.0783203342370063,0.0219931925890536,-0.0028022762388859
PRIM,ROI,Profitability,0.0429606925280163,0.0783203342370063,0.0219931925890536,-0.0028022762388859
PSAB,Cash Ratio,Liquidity,8.440605896328768e-05,0.0,0.0,0.0
PSAB,Current Ratio,Liquidity,0.6052061478531394,0.6589387913942913,0.4636381102768399,0.5882634418970086
PSAB,DER,Solvency,1.3151229164077525,0.8161891282487643,0.9472449176766852,1.1449292127602309
PSAB,Debt Ratio,Solvency,0.4264596776319785,0.3154341238915421,0.3533801567412341,0.3905448137911761
PSAB,GPM,Profitability,0.6452991295657711,0.3938011550010389,0.5026587171694146,0.5984241986329255
PSAB,NPM,Profitability,-0.025103506918802,-0.0124288950962116,-0.2176037346382576,-0.0592514620254239
PSAB,Operating Margin,Profitability,0.3877539250923248,0.1541179289587571,-0.0024093546027249,0.2873813818865125
PSAB,Quick Ratio,Liquidity,0.2660268064873807,0.4630879964997192,0.2530706932600146,0.3118418090278863
PSAB,ROE,Profitability,-0.0199694776990638,-0.0090702072321728,-0.0723651874052346,-0.0344251132083696
PSAB,ROI,Profitability,-0.0088324384663147,-0.0050769833601695,-0.0374224145459989,-0.0160828648943825
PSGO,Current Ratio,Liquidity,1.934650414353281,2.2818027169532265,2.0047414269442627,2.769678246551514
PSGO,DER,Solvency,1.6406655908575356,1.4403937303468333,1.2847285786774016,0.7073002761953302
PSGO,Debt Ratio,Solvency,0.583451112953687,0.5498256438442503,0.5230307402429337,0.3783862931426444
PSGO,GPM,Profitability,0.2883377655758236,0.2470981287278162,0.2860410963996412,0.27782439227539
PSGO,Interest Coverage Ratio,Solvency,1.2246198739365688,2.5484366611263107,3.117929234986638,2.7037523034042965
PSGO,NPM,Profitability,0.0284801148271256,0.1210708718869443,0.1306157956957621,0.2679909625960107
PSGO,Operating Margin,Profitability,0.1850937682939528,0.188405477092109,0.2268164521354793,0.1946861006335434
PSGO,Quick Ratio,Liquidity,1.5819480181287555,1.958637930766829,1.5610819780361576,2.4802301361522283
PSGO,ROE,Profitability,0.021906670724807,0.1501130091335104,0.1528544780244029,0.2455470209319749
PSGO,ROI,Profitability,0.0083279073839453,0.061661682973724,0.0672417296008431,0.1440992327886099
PSSI,Cash Ratio,Liquidity,0.3724749144989536,0.2124022879487664,1.048410308879558,0.9504636450142244
PSSI,Current Ratio,Liquidity,1.0949448582005092,1.5717654469512157,2.219274366025284,4.070325913810211
PSSI,DER,Solvency,0.3758244817651998,0.252277157702912,0.066669547824348,0.1057862742196498
PSSI,Debt Ratio,Solvency,0.2419505495158462,0.1787126274101682,0.0539550825857136,0.0870627000569298
PSSI,GPM,Profitability,0.1825494854686304,0.3209699691298864,0.3632912885747029,0.3683830812091487
PSSI,NPM,Profitability,0.1233299396784575,0.2300871617971865,0.3538181646180838,0.3983648647390889
PSSI,Operating Margin,Profitability,0.1007311884763511,0.2637937294956521,0.3109638772150057,0.2909821036056277
PSSI,Quick Ratio,Liquidity,0.9939781917090356,1.4552851705748182,2.069286848261088,3.907770614905774
PSSI,ROE,Profitability,0.0891795207357391,0.2190365587928953,0.2907586137090043,0.2430995823599286
PSSI,ROI,Profitability,0.0653293662988233,0.1786579082153171,0.2744383434676849,0.2208026826008117
PTBA,Cash Ratio,Liquidity,0.7985333342629757,0.471863827213839,0.462626871417652,0.2907285951456551
PTBA,Current Ratio,Liquidity,2.159960975680298,2.4279905453489548,2.282998529216635,1.519683237559491
PTBA,DER,Solvency,0.0556082762188395,0.0435272477817126,0.0474550696065238,0.06072825082584
PTBA,Debt Ratio,Solvency,0.038749365822614,0.028990687914802,0.0300314112634288,0.0335786315913486
PTBA,GPM,Profitability,0.2635618699059727,0.4608184045995231,0.4212633055395266,0.2379208772240554
PTBA,Interest Coverage Ratio,Solvency,29.395110971157997,89.64987217341206,107.8257535845994,62.111594977751714
PTBA,NPM,Profitability,0.1377658036921034,0.2702910530667839,0.2946775497150081,0.1586395359468492
PTBA,Operating Margin,Profitability,0.1427778116398363,0.3363861990792806,0.3414670684306327,0.1748910665517901
PTBA,Quick Ratio,Liquidity,1.9519700283308503,2.2669931007285107,1.924442569366965,0.9679619016701376
PTBA,ROE,Profitability,0.142382716541342,0.3287291406592735,0.4378175310366796,0.2848606300728292
PTBA,ROI,Profitability,0.1414303981683167,0.3286480019928857,0.4377833686112261,0.2839597818638897
PTIS,Cash Ratio,Liquidity,0.0,0.0,0.0043341448601137,0.0
PTIS,Current Ratio,Liquidity,2.624797171516444,3.587812622671959,4.438809737757697,3.067102572829816
PTIS,DER,Solvency,0.3880895504803444,0.3310121241131438,0.2656385391822976,0.0
PTIS,Debt Ratio,Solvency,0.1826832286256024,0.1509897186047344,0.1244668233390712,0.0
PTIS,GPM,Profitability,0.3123673784948603,0.3041195216714983,0.2722753392110784,0.0245447681075338
PTIS,NPM,Profitability,0.0003115050195046,0.0092953049126421,0.0287795242096149,0.0738025690512894
PTIS,Operating Margin,Profitability,0.0514970422957952,0.0467582461478678,0.0722017230623228,-0.2102009758782178
PTIS,Quick Ratio,Liquidity,2.5736961854520217,3.4878117503380293,4.370584651575055,2.857166560492144
PTIS,ROE,Profitability,0.000229141896059,0.0069693976203615,0.0270410063034185,0.0499699202141245
PTIS,ROI,Profitability,0.0001650771709791,0.0052361638891946,0.021365504815371,0.0499699202141245
PTMP,Current Ratio,Liquidity,0.0,3.725270644760541,2.498413495734486,3.3038144491766
PTMP,DER,Solvency,0.0,0.214824481717331,0.4482161047452476,0.2886994245893596
PTMP,Debt Ratio,Solvency,0.0,0.1420832664188786,0.2509991199056246,0.1918968589704384
PTMP,GPM,Profitability,0.0,0.2697176136665491,0.3096122338418878,0.3310768189419278
PTMP,Interest Coverage Ratio,Solvency,0.0,0.0,13.022814991855716,6.114502376377934
PTMP,NPM,Profitability,0.0,0.0395377479019269,0.0843891280748235,0.0549414312552853
PTMP,Operating Margin,Profitability,0.0,0.1102707419715717,0.1187108419578757,0.0918781290584735
PTMP,Quick Ratio,Liquidity,0.0,1.6512821400180089,1.4031252167658967,1.2909739775172977
PTMP,ROE,Profitability,0.0,0.078930523811291,0.1642306394145748,0.0491947559528286
PTMP,ROI,Profitability,0.0,0.0649727800181564,0.1177805385607947,0.0387649077307104
PTPP,Cash Ratio,Liquidity,0.17723536366878,0.1144047148146021,0.0889071592386652,0.0599191559053965
PTPP,Current Ratio,Liquidity,1.1445671685859973,1.118962290550466,1.2069208424564832,1.1592695460997453
PTPP,DER,Solvency,1.77314648790108,2.698890362468448,1.3742820734912224,1.3790707749953537
PTPP,Debt Ratio,Solvency,0.3503779946872541,0.5270779325515683,0.266061609364809,0.285994004254491
PTPP,GPM,Profitability,0.1413026135031076,0.1297178743485897,0.1414273065745874,0.1191494512302268
PTPP,NPM,Profitability,0.0103625182423547,0.0158660061577967,0.0143590057776194,0.0240756061596784
PTPP,Operating Margin,Profitability,0.0968373703860368,0.0869127563555181,0.0983544020071896,0.0752024910567974
PTPP,Quick Ratio,Liquidity,0.850081335380788,0.7568962546854391,0.799670004769121,0.7557290165187722
PTPP,ROE,Profitability,0.0155445837463931,0.0245066305365773,0.0243593407236349,0.0410642627354497
PTPP,ROI,Profitability,0.0056484942426296,0.0066812924326639,0.0104126207052803,0.0174838988118495
PTRO,Cash Ratio,Liquidity,0.0,0.138040016967481,0.0286413388789502,0.0221733647557106
PTRO,Current Ratio,Liquidity,1.637537063535382,1.3848869929919525,1.1610331790714543,1.1607541370549976
PTRO,DER,Solvency,0.8748423775744996,0.523399565304518,0.3893758264386341,1.067960048555061
PTRO,Debt Ratio,Solvency,0.3811489027502983,0.2549442876021143,0.1940344052848663,0.344450473593472
PTRO,GPM,Profitability,0.2197494481754567,0.179348963407154,0.2004841313662959,0.1421478245965752
PTRO,NPM,Profitability,0.0947465129385244,0.0810945381334834,0.0859175717011989,0.0211212620127177
PTRO,Operating Margin,Profitability,0.1298431409383365,0.1059924904446801,0.1294830963413021,0.0686250577805016
PTRO,Quick Ratio,Liquidity,1.6064331971263774,1.3306687218826734,1.0775920727118695,1.0901493788443084
PTRO,ROE,Profitability,0.1398733820680928,0.129923080480323,0.1376943497673354,0.0519624337159528
PTRO,ROI,Profitability,0.0831650057197036,0.0929982373532162,0.1058898718423088,0.0265733260438198
PTSN,Cash Ratio,Liquidity,0.1578053656067959,0.0681952900233869,0.1654355615053561,0.0
PTSN,Current Ratio,Liquidity,1.8876887472973776,1.3611722259015435,2.3275239051239374,3.008407003961279
PTSN,DER,Solvency,0.297305612691312,0.3208022491457651,0.2367577670248337,0.2176253422529204
PTSN,Debt Ratio,Solvency,0.1896445161064861,0.1662837084716638,0.1598522151703179,0.1557366437913357
PTSN,GPM,Profitability,0.1359473741185315,0.1421838217855325,0.1775971052160682,0.2132760572853169
PTSN,NPM,Profitability,0.0333013421917051,0.0363916175149682,0.0703857720371836,0.088237157502391
PTSN,Operating Margin,Profitability,0.0457076458323337,0.0483694863932249,0.0999088192758931,0.1101417660789785
PTSN,Quick Ratio,Liquidity,1.2999896987842607,0.8880096770797188,1.4404240264355588,2.264717084668625
PTSN,ROE,Profitability,0.0584665201559613,0.0648357709961769,0.0995856093773998,0.1025968832147475
PTSN,ROI,Profitability,0.0450787980932918,0.0490971116596793,0.0805252069125963,0.0842598126488701
PTSP,Cash Ratio,Liquidity,0.2128368955312446,0.1003036133367505,0.0416318967087848,0.0365884017986077
PTSP,Current Ratio,Liquidity,0.671997472668284,0.5548300919961322,0.7570785765691855,0.7758333589858684
PTSP,DER,Solvency,0.9267383653495016,0.8297946704434545,0.5164949075758005,0.6013002896570487
PTSP,Debt Ratio,Solvency,0.3041568612959815,0.2754304933293065,0.2053661995012462,0.2427117320803715
PTSP,GPM,Profitability,0.5991205971407015,0.5955580417298061,0.6069177552188073,0.6093510897841854
PTSP,Interest Coverage Ratio,Solvency,-3.6500119849788266,-0.6681176498269178,-4.104943887044784,-7.050691588355583
PTSP,NPM,Profitability,-0.1290241775155566,-0.0416080503826584,0.0156904306711672,0.0257320761800329
PTSP,Operating Margin,Profitability,-0.1583031404860848,-0.0353674121182975,0.0328215071263609,0.022980625004178
PTSP,Quick Ratio,Liquidity,0.4443685126649127,0.3140794564240581,0.3826344051785861,0.3584076821854015
PTSP,ROE,Profitability,-0.3849569380522301,-0.1640918541415021,0.0751680210743951,0.1209249075703548
PTSP,ROI,Profitability,-0.247151665448138,-0.1168194629770943,0.0583315912600544,0.0997662343467817
PWON,Cash Ratio,Liquidity,0.6058843421910622,2.050994154967408,2.723426790089495,2.8725059963274915
PWON,Current Ratio,Liquidity,1.980775088220826,3.793677601161882,4.6529203649945305,5.155884981112649
PWON,DER,Solvency,0.2694833870564548,0.3556389284598532,0.3626662514015832,0.322473941961099
PWON,Debt Ratio,Solvency,0.1490626049741626,0.1977003090407963,0.2051125888818854,0.1882605032768067
PWON,GPM,Profitability,0.4880034441800872,0.4837934828638658,0.5375828171291045,0.548459275114757
PWON,NPM,Profitability,0.2338117105892943,0.2419888003978564,0.2570108267272756,0.3395260454974231
PWON,Operating Margin,Profitability,0.3773075475898444,0.3973020531437056,0.4345724908036115,0.4290489259363911
PWON,Quick Ratio,Liquidity,0.9403525415135664,2.4751200579125747,3.217776125711915,3.598554272369629
PWON,ROE,Profitability,0.0635386501224339,0.0861577515344359,0.0889108018609502,0.1102401793403236
PWON,ROI,Profitability,0.0500507929211745,0.0635550881032312,0.065326315881721,0.083452876388949
PYFA,Cash Ratio,Liquidity,0.0,0.1191241454074022,0.2380223207874888,0.1072578951426038
PYFA,Current Ratio,Liquidity,2.8904260897306857,1.296193422047485,1.819144742477314,1.9424921670864412
PYFA,DER,Solvency,0.2252887699342311,2.6858978945279905,2.0583215144541103,2.7659682203284737
PYFA,Debt Ratio,Solvency,0.155365214575838,0.5566877740037917,0.5984853268079146,0.648810210686027
PYFA,GPM,Profitability,0.5908128245041674,0.3878972982512578,0.3506232197008231,0.4206368874962488
PYFA,Interest Coverage Ratio,Solvency,14.979475925783587,1.2377622535753512,4.352667327696097,0.0219068802926618
PYFA,NPM,Profitability,0.0796846384882014,0.0086894232417727,0.3847241847592121,-0.1213857084784656
PYFA,Operating Margin,Profitability,0.1131974389588364,0.0390215311427536,-0.0014382873495109,0.0050720139810628
PYFA,Quick Ratio,Liquidity,1.749919739052475,0.7166910963063735,1.1123458012434249,1.1747941574207077
PYFA,ROE,Profitability,0.1402278680866302,0.0327884032533404,0.6225400406171032,-0.238825319345514
PYFA,ROI,Profitability,0.1199964367373889,0.009101717105246,0.2056677611142174,-0.0639447930939844
PZZA,Current Ratio,Liquidity,0.8319178631158998,0.9283476453753148,0.6093086347170739,0.6127430214320784
PZZA,DER,Solvency,0.3907158737976356,0.3582357536313156,0.6714610126578023,0.7415228787433621
PZZA,Debt Ratio,Solvency,0.2157506393002592,0.199411366236046,0.3138234518654243,0.3399725624277532
PZZA,GPM,Profitability,0.6543521335275394,0.6578447158241132,0.6723871544366855,0.6658867823786504
PZZA,Interest Coverage Ratio,Solvency,-1.8853287372304648,2.045648423806436,0.3694914902967799,-0.6775771370669396
PZZA,NPM,Profitability,-0.0270413334852056,0.014621047766479,-0.0064934151716946,-0.0271516058542673
PZZA,Operating Margin,Profitability,-0.0206937638911029,0.0169544531402021,0.0037835959152606,-0.0123973763038204
PZZA,Quick Ratio,Liquidity,0.3059823444311521,0.4076291826055962,0.1954741409196661,0.1975667531042364
PZZA,ROE,Profitability,-0.0763262987482124,0.0408350939114917,-0.0199981782147395,-0.089405343205899
PZZA,ROI,Profitability,-0.0596334753619519,0.0317451173484842,-0.0126164828670496,-0.0550685141108404
RAAM,Cash Ratio,Liquidity,0.0,0.0,0.0,0.1423621961292947
RAAM,Current Ratio,Liquidity,1.182178035119468,1.1292562260934855,2.099587656599441,3.139864624698555
RAAM,DER,Solvency,0.2622423955393855,0.2725716989734132,0.1588541121583227,0.1026902027254597
RAAM,Debt Ratio,Solvency,0.1844141626194188,0.1918468511606555,0.1312357301059928,0.0881446982182508
RAAM,GPM,Profitability,0.4432298184600842,0.3743685727632102,0.5095428739853746,0.5965369591189765
RAAM,NPM,Profitability,-0.2403379853585192,0.1245631728555077,0.2712287230976929,0.2579326918448474
RAAM,Operating Margin,Profitability,0.0497515730860339,0.1009352557555903,0.2514518609886901,0.343952560269932
RAAM,Quick Ratio,Liquidity,0.9021055873589754,0.8253639204131786,1.832852820079576,3.011868629320345
RAAM,ROE,Profitability,-0.0499347865407968,0.0319381075273925,0.0956454996817079,0.0839809445613685
RAAM,ROI,Profitability,-0.0402868917636768,0.0255658313364504,0.0839887165125079,0.077059587885004
RAJA,Cash Ratio,Liquidity,0.0037741453822536,0.0025864923246549,0.0017128541660058,0.0055821674743233
RAJA,Current Ratio,Liquidity,2.8204393645403942,3.29588331146749,2.171481634047014,1.428978741544858
RAJA,DER,Solvency,0.3080604583191236,1.060870544432978,1.0215559383755433,1.0514789692707875
RAJA,Debt Ratio,Solvency,0.1865945843199022,0.4396861269278733,0.4259034375883802,0.4147054596945703
RAJA,GPM,Profitability,0.1629410601811527,0.1571209016550033,0.1978022322387916,0.3236381128735018
RAJA,Interest Coverage Ratio,Solvency,0.0,2.891300936041628,5.8128641831506815,5.387078206312004
RAJA,NPM,Profitability,0.0140680693435839,0.0229479911842108,0.0696333207478945,0.1256787324764623
RAJA,Operating Margin,Profitability,0.0480069984501045,0.0348052398742575,0.0870044467708246,0.2218209921806547
RAJA,Quick Ratio,Liquidity,2.8059485355233726,3.270868539523914,2.143564467973904,1.4166603755657687
RAJA,ROE,Profitability,0.0137652309115853,0.0221276768490762,0.0812234972149957,0.1975515642920843
RAJA,ROI,Profitability,0.0105391209138178,0.0107583813163177,0.0403005445976325,0.0964581106447814
RALS,Cash Ratio,Liquidity,1.4894885584092612,1.461620843759389,2.0450388180814367,0.987832498072475
RALS,Current Ratio,Liquidity,3.457922904571667,3.5939376066395634,3.6580873856214735,3.7334439365568897
RALS,DER,Solvency,0.1608516208698421,0.1459320431887957,0.1587275873574082,0.1258133216900599
RALS,Debt Ratio,Solvency,0.1131771669588652,0.1041390303309113,0.1130466308852109,0.0919508576137827
RALS,GPM,Profitability,0.4262697338674681,0.4667213333528755,0.5045125947194382,0.5071357336157967
RALS,Interest Coverage Ratio,Solvency,-7.132259241586437,5.266772391918913,11.92075676982592,8.685008086632445
RALS,NPM,Profitability,-0.0549354002510333,0.0640884612922063,0.1174652849734016,0.1094447037578336
RALS,Operating Margin,Profitability,-0.1214287776938714,-0.0243585599776601,0.0672045405929961,0.0595741843379328
RALS,Quick Ratio,Liquidity,2.9248577768463084,2.936520149403484,2.9956260111104456,3.0642714873150494
RALS,ROE,Profitability,-0.0373443291605983,0.0458549104832867,0.0944080101360448,0.0839598720768008
RALS,ROI,Profitability,-0.0373443291605983,0.0458549104832867,0.0944080101360448,0.0839598720768008
RDTX,Cash Ratio,Liquidity,1.5811823369477378,1.0843762453748207,1.2880187955672555,1.2915293317642338
RDTX,Current Ratio,Liquidity,2.746815061507798,3.157386922393377,2.63245566891056,2.0555619849997786
RDTX,DER,Solvency,0.0002010703826444,0.0,0.0001215888279813,6.521113837815317e-05
RDTX,Debt Ratio,Solvency,0.0001852063818526,0.0,0.0001066998334528,5.468859722147584e-05
RDTX,GPM,Profitability,0.7401040769545263,0.5978969502876327,0.64273718378099,0.6175203137806613
RDTX,NPM,Profitability,0.5891154034679382,0.4734382317855964,0.5315153750494429,0.5677833482673428
RDTX,Operating Margin,Profitability,0.6593661151126023,0.4982534046197386,0.55793814275518,0.5514797603089322
RDTX,Quick Ratio,Liquidity,2.7352940764143643,3.146119832360544,2.624263466648186,2.049413947816091
RDTX,ROE,Profitability,0.0862688843525862,0.0674108978679117,0.0911064360186227,0.1049502828264041
RDTX,ROI,Profitability,0.0862515417220884,0.0674108978679117,0.0911064360186227,0.1049502828264041
RICY,Cash Ratio,Liquidity,0.0,0.0030756533019108,0.0,0.0
RICY,Current Ratio,Liquidity,1.3485453512369951,2.693609800574442,1.3518685083086703,1.3240732813645948
RICY,DER,Solvency,3.267017676498276,4.241458220905277,5.6071626403195705,7.806402348376465
RICY,Debt Ratio,Solvency,0.6503998112575228,0.692986763828512,0.7242049367156831,0.7581887166689417
RICY,GPM,Profitability,0.1557765177216878,0.1440175806736867,0.1746052416020991,0.2154773339141792
RICY,NPM,Profitability,-0.0598629354457084,-0.0481501597758189,-0.0535106617070602,-0.0688778599321507
RICY,Operating Margin,Profitability,0.0134548411471232,0.0327267760432997,0.0373766046561899,0.008677700781428
RICY,Quick Ratio,Liquidity,0.63615896496162,1.2560873015681058,0.5746070308914557,0.5730115772849406
RICY,ROE,Profitability,-0.2226465489555949,-0.2393265527827696,-0.3068350321101056,-0.3981160135318581
RICY,ROI,Profitability,-0.0524532973854625,-0.0457905393993517,-0.0468081678825442,-0.0455335115267915
RIGS,Current Ratio,Liquidity,0.0,3.767323105567802,6.903730294541312,16.01899789616739
RIGS,GPM,Profitability,0.0,-0.1784343635886836,0.2232937684392642,0.3216781624371939
RIGS,Interest Coverage Ratio,Solvency,0.0,0.0,288.0594659968118,123.13298879466129
RIGS,NPM,Profitability,0.0,-0.2867360928171542,0.1157328215550853,0.1829411595652206
RIGS,Operating Margin,Profitability,0.0,-0.2793948591981439,0.111051618117682,0.1814386913438199
RIGS,Quick Ratio,Liquidity,0.0,3.4062636846463703,6.432805211153778,15.59436441584321
RIGS,ROE,Profitability,0.0,-0.1244752636746858,0.0580562630622174,0.0920500099618792
RIGS,ROI,Profitability,0.0,-0.1244752636746858,0.0580562630622174,0.0920500099618792
RISE,Cash Ratio,Liquidity,0.1921316946442197,2.017280096905118,1.9562695769832048,0.4605663043702865
RISE,Current Ratio,Liquidity,3.484618146301529,8.574205613222501,10.688366671290805,2.973744853066969
RISE,DER,Solvency,0.1809206036421151,0.1038232535314882,0.1128833391383414,0.2576026854029218
RISE,Debt Ratio,Solvency,0.1228566783485333,0.0789847220486991,0.0852699024034062,0.16554800096163
RISE,GPM,Profitability,0.3468757331003901,0.4209974041633753,0.5060379012414054,0.5161635280327297
RISE,Interest Coverage Ratio,Solvency,0.0,0.0,4.5038034429701925,1.6701076511330557
RISE,NPM,Profitability,-0.1531492636064645,0.2034363387148754,0.115456459011689,0.0466315997746327
RISE,Operating Margin,Profitability,-0.1640768243204223,0.0413592072849226,0.134252591399777,0.0700441173422552
RISE,Quick Ratio,Liquidity,0.3727075254503436,2.398536148071139,2.573474409564802,0.6339372310101757
RISE,ROE,Profitability,-0.0148353184696081,0.0251697619091448,0.0180215172873924,0.006306998313268
RISE,ROI,Profitability,-0.0125688485239584,0.0228087298417949,0.0162025313955365,0.0050168688274691
RMKE,Current Ratio,Liquidity,0.8516159030302877,1.3836631113225102,2.339266301606851,1.842903801732983
RMKE,DER,Solvency,0.8585963725278655,0.5346061663966396,0.1823233548099735,0.3470514546681624
RMKE,Debt Ratio,Solvency,0.3998471895888976,0.3062180254653834,0.1294949209833108,0.2259004147450524
RMKE,GPM,Profitability,0.175377292625171,0.1754728027882425,0.2153285329086004,0.1915853902501723
RMKE,Interest Coverage Ratio,Solvency,3.845478895935777,7.926711513233294,0.0,0.0
RMKE,NPM,Profitability,0.116140213572809,0.1068813899767326,0.1422931242959184,0.1186224236352997
RMKE,Operating Margin,Profitability,0.1307867835033116,0.1549409017742266,0.1946213000107046,0.1627802078964935
RMKE,Quick Ratio,Liquidity,0.7005493669648849,1.2857790474039743,2.1497941822893174,1.7316482781956732
RMKE,ROE,Profitability,0.1731221907205813,0.24844456247028,0.3266019921741964,0.2070022900911415
RMKE,ROI,Profitability,0.0931781762907119,0.1619233596311604,0.2762802421487481,0.153905738178409
RODA,Cash Ratio,Liquidity,0.043960003552999,0.1371074490822252,0.0870577877617416,0.1461105694986137
RODA,Current Ratio,Liquidity,2.018094129981254,3.6797370104346654,3.3922292355280708,5.285355011446089
RODA,DER,Solvency,0.3398140567766329,0.2924028035194961,0.281176911723077,0.269292300094564
RODA,Debt Ratio,Solvency,0.1786176654236817,0.1666281037520551,0.1620743487179274,0.1589730433023538
RODA,GPM,Profitability,0.4387566390897509,0.3186521946177245,0.3351638541302731,0.4839560357326252
RODA,Interest Coverage Ratio,Solvency,-1.5579338753350065,1.473787491119281,0.6752482967707037,0.0
RODA,NPM,Profitability,-1.1144065720498078,0.0146456723259027,-0.1951475398690916,-0.3465177449578269
RODA,Operating Margin,Profitability,-0.9469570853147072,0.1734157018425028,-0.0296316450066134,-0.0924070375689295
RODA,Quick Ratio,Liquidity,0.1219899993701082,0.2799814722834625,0.2218172943007282,0.3238146514104998
RODA,ROE,Profitability,-0.0614750306569202,0.0035827335733434,-0.017594650281332,-0.0175731637042227
RODA,ROI,Profitability,-0.0458832554756283,0.0027721493357851,-0.0137331933789445,-0.0138448517358165
ROTI,Cash Ratio,Liquidity,1.8538681306208784,0.9188840822467724,0.5610549054500208,0.2440440941287655
ROTI,Current Ratio,Liquidity,3.830308187775013,2.653191638264665,2.0993392098333468,1.7410692276311297
ROTI,DER,Solvency,0.1613019985168187,0.1860731384484719,0.1991613047730373,0.2660884897540052
ROTI,Debt Ratio,Solvency,0.1176224600370855,0.1273941358930649,0.1292800484174861,0.1614908808007452
ROTI,GPM,Profitability,0.5610661043811968,0.5436775790919315,0.5301050522938576,0.5404809147502533
ROTI,Interest Coverage Ratio,Solvency,3.1563288606794,8.218259358727575,12.650383699837828,7.856131433105223
ROTI,NPM,Profitability,0.0669515571564022,0.0862640771168078,0.1098349043867742,0.0872368124316403
ROTI,Operating Margin,Profitability,0.079925025935086,0.126341926909267,0.1620500218816689,0.1250280161232681
ROTI,Quick Ratio,Liquidity,3.574000693709601,2.4057203896333434,1.8599103440118223,1.5351524751590369
ROTI,ROE,Profitability,0.0662397928365508,0.0988323527542665,0.161211044285689,0.1392572816048742
ROTI,ROI,Profitability,0.0574635917878097,0.0842459881100863,0.1359646398372918,0.1113873424664422
RSGK,Cash Ratio,Liquidity,0.0480844366893534,1.4066569025939837,2.25341769232289,0.6590475950947218
RSGK,Current Ratio,Liquidity,0.9736025525004274,3.6114498109148094,3.327780792445051,2.309674064584798
RSGK,DER,Solvency,0.3279060263427386,0.0357279297483333,0.0007063499002609,0.0
RSGK,Debt Ratio,Solvency,0.2113497061870539,0.0318900922763951,0.0006438385545309,0.0
RSGK,GPM,Profitability,0.3440445349309958,0.4229611274449577,0.3673732543427359,0.3773450669777486
RSGK,Interest Coverage Ratio,Solvency,2.004062766652861,6.743078075214397,20.742400389442977,3083.706623405922
RSGK,NPM,Profitability,0.0677800197101029,0.1215740022443778,0.0728928068574996,0.0674580726390682
RSGK,Operating Margin,Profitability,0.1068378913769136,0.2156151446784486,0.1194333538331438,0.075790903766751
RSGK,Quick Ratio,Liquidity,0.8704244284805861,3.4440030127908345,3.1538634986858294,2.0751943169203244
RSGK,ROE,Profitability,0.0411447988495254,0.0626956589231049,0.0321384559624283,0.0335706777209239
RSGK,ROI,Profitability,0.0312184245824468,0.0607200730853142,0.0321384559624283,0.0335706777209239
RUIS,Cash Ratio,Liquidity,0.04612344853776,0.0465026834303372,0.0504863127028305,0.0736546983849921
RUIS,Current Ratio,Liquidity,1.0697462290176496,1.1472570352221472,1.2600283215295394,1.3669545936551446
RUIS,DER,Solvency,1.503372140204694,1.2976946174041348,1.1471719405363343,1.1201228886967964
RUIS,Debt Ratio,Solvency,0.5136492150167303,0.4874974802397895,0.4739693039991361,0.4586982410169061
RUIS,GPM,Profitability,0.1468054202250762,0.1318968451136779,0.124205592508468,0.119757504815213
RUIS,Interest Coverage Ratio,Solvency,1.8196780115242488,1.5745864993548166,1.6863582450473629,1.555743305106246
RUIS,NPM,Profitability,0.0170391614626394,0.0110336996372194,0.0117873735961157,0.0079708687177059
RUIS,Operating Margin,Profitability,0.0647665440340369,0.0543556775900685,0.0550909762448583,0.0501323374159592
RUIS,Quick Ratio,Liquidity,1.0435004841462825,1.1189621653315192,1.2391237583718362,1.339961921549215
RUIS,ROE,Profitability,0.0598843777186995,0.0372728071742911,0.0384001619920208,0.0258212180947139
RUIS,ROI,Profitability,0.0243325528299257,0.016373606234348,0.0186460827761745,0.0126128514183748
SAFE,Cash Ratio,Liquidity,0.0032809214956396,0.0,0.0,0.0
SAFE,Current Ratio,Liquidity,0.1119359496883405,0.0839702318775896,0.1407407256271988,0.1032871769848937
SAFE,DER,Solvency,-3.820638717339237,-3.458277217753815,-3.235075641638927,-3.061630721405558
SAFE,Debt Ratio,Solvency,0.8118183440609815,0.7847893724052665,0.6846587463910851,0.4872976516951033
SAFE,GPM,Profitability,0.2582985744344945,0.3260626232160338,0.2591510533318621,0.2673634268151981
SAFE,Interest Coverage Ratio,Solvency,0.6017956819528275,1.044780874787382,1.5821441992244534,2.169832707346316
SAFE,NPM,Profitability,-0.1221842991406476,0.0049178266442241,0.0404807934418464,0.0810089698667345
SAFE,Operating Margin,Profitability,0.1758304351856613,0.2578669829241805,0.2069967044678914,0.2161699485586641
SAFE,ROE,Profitability,0.2569905967530566,-0.0116886697875274,-0.178850549674466,-0.5207564133945987
SAFE,ROI,Profitability,0.285181849813839,-0.0129852441703915,-0.178850549674466,-0.5207564133945987
SAGE,Current Ratio,Liquidity,0.3154694043628762,0.3630267902835532,0.3330398909422241,4.717641999726284
SAGE,DER,Solvency,0.0707239525438094,0.0921611558024449,0.0720463148963184,0.0486396767336662
SAGE,Debt Ratio,Solvency,0.0297560594808337,0.0381359856047984,0.0341341175868564,0.0438652665786617
SAGE,GPM,Profitability,0.0,0.4799869301991335,0.5388960434441046,0.5676816637787224
SAGE,Interest Coverage Ratio,Solvency,0.0,0.0,0.0,495.1749555898157
SAGE,NPM,Profitability,0.0,0.1876029090963664,0.3286425127544807,0.2172503617541229
SAGE,Operating Margin,Profitability,0.0,0.2068710641437389,0.3427183183037716,0.2190831493860966
SAGE,Quick Ratio,Liquidity,0.0209985944689819,0.0478075486774915,0.050565259215079,1.0264889698293211
SAGE,ROE,Profitability,0.0,0.0422126154410806,0.0916073358132444,0.0165783373242143
SAGE,ROI,Profitability,0.0,0.0386505372552512,0.0854509124655721,0.0158093744610665
SAME,Cash Ratio,Liquidity,0.0,1.08410708516046,0.468369982121637,0.0756762252144735
SAME,Current Ratio,Liquidity,0.6557192688050705,2.587764873215014,1.5372804258377382,0.8717574971021705
SAME,DER,Solvency,0.7915637022326495,0.0115094208832885,0.2049711855162687,0.2649123230505667
SAME,Debt Ratio,Solvency,0.3622045900957364,0.0089325437090182,0.1444700811746282,0.179545630499975
SAME,GPM,Profitability,0.344538057985592,0.4266850172801809,0.3422433163480987,0.3524477893653552
SAME,Interest Coverage Ratio,Solvency,-0.2921032293966127,4.48057351683571,0.8488957081272451,0.6782490571762158
SAME,NPM,Profitability,-0.2297248302836778,0.1133776915449005,0.0031195545908744,0.007978561257645
SAME,Operating Margin,Profitability,-0.0109783818585532,0.1608678775184916,0.020446294332535,0.0231650849527889
SAME,Quick Ratio,Liquidity,0.5924461954189464,2.47208760727167,1.425874593230379,0.7725044864887529
SAME,ROE,Profitability,-0.1369581649602368,0.0375529620144484,0.001199952764754,0.0033696859087467
SAME,ROI,Profitability,-0.0770742482740385,0.0372862930043543,0.0009978888851761,0.0026663758744616
SAMF,Cash Ratio,Liquidity,0.0,0.0418337912673306,0.0,0.0
SAMF,Current Ratio,Liquidity,1.9568272249937584,1.598643033743674,1.3877331134466515,0.0
SAMF,DER,Solvency,0.4253970574114872,0.6359719569635868,0.7641611480594177,0.0
SAMF,Debt Ratio,Solvency,0.240888802040114,0.3014968935895929,0.2675120459619455,0.0
SAMF,GPM,Profitability,0.2785111219830326,0.2562599984245405,0.2404065112240358,0.0
SAMF,NPM,Profitability,0.0807744375223165,0.0892640449848434,0.0905699993196205,0.0
SAMF,Operating Margin,Profitability,0.1465918068774314,0.1336668099642425,0.1511585543290172,0.0
SAMF,Quick Ratio,Liquidity,1.2115587155983036,0.7410313348538118,0.5561292978092163,0.0
SAMF,ROE,Profitability,0.1497810475572983,0.1978220981187637,0.3081281529267408,0.0
SAMF,ROI,Profitability,0.1050802278414267,0.1209202256045559,0.1746598678163174,0.0
SCCO,Cash Ratio,Liquidity,1.7048147866677004,0.1859097188988511,0.1983266202523257,0.0
SCCO,Current Ratio,Liquidity,4.428280267533354,6.8223237961766925,5.434002238042062,0.0
SCCO,GPM,Profitability,0.1131521080272707,0.0745812028960326,0.0620141753144702,0.0
SCCO,NPM,Profitability,0.0514813390570331,0.0279804749013328,0.0194669935931832,0.0
SCCO,Operating Margin,Profitability,0.0642591043350738,0.0292096295028983,0.0195159508956612,0.0
SCCO,Quick Ratio,Liquidity,3.467756004358588,5.257387341719708,3.801352198811824,0.0
SCCO,ROE,Profitability,0.0723304034096341,0.0317709527142761,0.0224491236328844,0.0
SCCO,ROI,Profitability,0.0723304034096341,0.0317709527142761,0.0224491236328844,0.0
SCMA,Cash Ratio,Liquidity,0.2690015231689824,0.4307086072661416,0.4017539920268238,0.0780367707738431
SCMA,Current Ratio,Liquidity,2.33977267313158,3.9231721075139583,3.662613855025491,3.2600571985808298
SCMA,DER,Solvency,0.404639976980995,0.0959285931297262,0.0403663030094466,0.0026439488261762
SCMA,Debt Ratio,Solvency,0.1956677155472966,0.0618161645239513,0.0274934575862993,0.0017914396688216
SCMA,GPM,Profitability,0.5115515015072517,0.5132550078769357,0.3788572767372735,0.3356034838272737
SCMA,Interest Coverage Ratio,Solvency,185.78462411903644,34.14672849974074,27.68567108613432,28.332890378608877
SCMA,NPM,Profitability,0.2251160144256659,0.2272183637227252,0.11866198069273,0.0513739800250246
SCMA,Operating Margin,Profitability,0.2861094349208999,0.2955048873090148,0.1544800933381724,0.0520523671085279
SCMA,Quick Ratio,Liquidity,1.9050051782040285,3.461609950251115,3.136135689591565,2.730876219272296
SCMA,ROE,Profitability,0.3509384771877021,0.2109302356256418,0.1122008532960041,0.0446814796541107
SCMA,ROI,Profitability,0.2504808359141652,0.1927796826403268,0.1079752960801624,0.044655402579335
SDMU,Current Ratio,Liquidity,0.302119046314762,0.2887779377501961,1.1289324755133885,0.4235475644720832
SDMU,DER,Solvency,24.23731924263025,-50.25307316548347,11.740101342058338,0.6710777274560551
SDMU,Debt Ratio,Solvency,0.8547507725095749,0.9139087746346686,0.1971349826699189,0.1622711221477147
SDMU,GPM,Profitability,-0.0682953133791959,0.2513500514706322,0.2908478468687456,0.3743158458613371
SDMU,NPM,Profitability,-0.4768553054482503,-0.1141453761131254,0.0354537623777136,0.3524378150044806
SDMU,Operating Margin,Profitability,-0.4578166663926186,-0.1010065847140089,-0.1632574399703625,0.0332649506777607
SDMU,Quick Ratio,Liquidity,0.2256471984816001,0.2447243282509638,0.9555617463861372,0.383479728817401
SDMU,ROE,Profitability,-6.792762263757576,3.064901919553197,1.1973186606480826,0.8992592481323359
SDMU,ROI,Profitability,-0.26915545975594,-0.0626882702765545,0.0947911499582188,0.5381313109243053
SDPC,Cash Ratio,Liquidity,0.0,0.0149428905188356,0.0,0.0
SDPC,Current Ratio,Liquidity,1.139090676889841,1.1354948481660534,1.131100669183249,1.1248265313266144
SDPC,DER,Solvency,1.6815996674328737,1.9282321048856317,2.194035336418761,2.5577671956982284
SDPC,Debt Ratio,Solvency,0.330879099541939,0.3787770776547038,0.4053200581475708,0.4332156197741688
SDPC,GPM,Profitability,0.0838588989114595,0.0808851854387416,0.0842388952772677,0.0869167237254086
SDPC,Interest Coverage Ratio,Solvency,1.1696745080145807,1.4472399796576685,1.9219914172225268,1.8305650019125597
SDPC,NPM,Profitability,0.0010607894346115,0.0032023153303311,0.0076430273425979,0.0098371795294008
SDPC,Operating Margin,Profitability,0.0203414411778336,0.0230292188829406,0.0253703514347334,0.0324187550772085
SDPC,Quick Ratio,Liquidity,0.7080422578114919,0.6545844471264158,0.6473497436215625,0.7084522550579858
SDPC,ROE,Profitability,0.0122354887865035,0.0403884793864173,0.0944885937313178,0.1191410788707162
SDPC,ROI,Profitability,0.0045808404118387,0.0138372574873588,0.0296537416686387,0.0335309197901097
SDRA,DER,Solvency,1.5013190122749769,0.9689295597336168,1.1925941567572973,1.1587492438977904
SDRA,Debt Ratio,Solvency,0.286857216016455,0.2047772670071582,0.2299706886042065,0.2171370380175133
SDRA,Free Cash Flow,Liquidity,-4865238000000.0,3094787000000.0,-603000000.0,-229533000000.0
SDRA,NPM,Profitability,0.3665502962828723,0.3682905170904974,0.4023964107611702,0.3666727265275841
SDRA,ROE,Profitability,0.0737179394609055,0.0679653255506989,0.0866571749393021,0.0679313179822764
SDRA,ROI,Profitability,0.0295651759502524,0.0345727267866703,0.0395385549048734,0.0314801007216708
SFAN,Cash Ratio,Liquidity,0.0,0.2486290243069392,0.3075267284658257,0.386410111261298
SFAN,Current Ratio,Liquidity,3.662605953416605,2.083298745239726,2.434176699836237,2.261576335374349
SFAN,DER,Solvency,0.0284945544000758,0.0169833619017526,0.0084500759419037,0.0080047160244657
SFAN,Debt Ratio,Solvency,0.021692954922412,0.0111449030398749,0.0055221695116542,0.0046731189891596
SFAN,GPM,Profitability,0.9899508174928588,0.9890942588599348,0.990719393984231,0.9587436843196456
SFAN,Interest Coverage Ratio,Solvency,-9.472030346427236,-40.396504517606566,-34.22054302215641,-78.71761990765438
SFAN,NPM,Profitability,0.3774739606680652,-1.4391641765169232,-0.7015266564888011,-0.9712605221061142
SFAN,Operating Margin,Profitability,-0.2324085741619338,-2.192306676307826,-0.4600685883424691,-2.0610243372931403
SFAN,ROE,Profitability,0.0391201937550037,-0.0834136229613336,-0.1110280084550118,-0.0746939208260921
SFAN,ROI,Profitability,0.0391201937550037,-0.0834136229613336,-0.1110280084550118,-0.0746939208260921
SGER,Cash Ratio,Liquidity,0.0,0.0,0.0,0.0109859853273601
SGER,Current Ratio,Liquidity,1.42856663316122,1.4655926618039616,1.413077514464692,1.490119277768621
SGER,DER,Solvency,0.7297533526277629,0.4181467430761771,0.3186292921757018,0.5619881277662291
SGER,Debt Ratio,Solvency,0.237683695205507,0.1357244834996355,0.0929444923105353,0.1780295730604618
SGER,GPM,Profitability,0.0518680301767201,0.0949511240349332,0.0698610845291734,0.0859431508907812
SGER,NPM,Profitability,0.0153310657991612,0.0509311644703581,0.0579646912662677,0.055872115682584
SGER,Operating Margin,Profitability,0.0368274939243664,0.0786950003255573,0.0589783313141391,0.0725252049802969
SGER,ROE,Profitability,0.139638712606419,0.4977818352690974,0.6160293711242757,0.4744850681155168
SGER,ROI,Profitability,0.0808885482988623,0.3510086933523765,0.4701974777779522,0.3045245612086751
SGRO,Cash Ratio,Liquidity,0.0,0.0,0.0,0.1107062063426257
SGRO,Current Ratio,Liquidity,0.7300848939620361,1.0920459686764743,1.3228513332877725,1.2336076556777396
SGRO,DER,Solvency,1.1066706899164862,0.7197833527856486,0.6091372200368759,0.5450362426280145
SGRO,Debt Ratio,Solvency,0.4113701014297032,0.3286749085897205,0.3033362106786936,0.2831657964269896
SGRO,GPM,Profitability,0.2523859818338446,0.319625957768017,0.3497475105889339,0.2360763796407545
SGRO,Interest Coverage Ratio,Solvency,2.3381202779472257,5.4406399371916345,7.755823812603291,4.870272434647405
SGRO,NPM,Profitability,-0.0575122629115702,0.1535885160134484,0.1850982496853249,0.086062048183232
SGRO,Operating Margin,Profitability,0.1047684801699033,0.2725256199473871,0.2887796177634203,0.1636600852272474
SGRO,Quick Ratio,Liquidity,0.4014043008701366,0.5857990015167132,0.6892818904048988,0.7686927429409524
SGRO,ROE,Profitability,-0.0556061529219588,0.1801317337593753,0.2058121172852999,0.0924801207087047
SGRO,ROI,Profitability,-0.0266161549823709,0.1054258734206032,0.1282877817895739,0.0599551679837181
SHID,Cash Ratio,Liquidity,0.0,0.0,0.0,0.0072571723918547
SHID,Current Ratio,Liquidity,2.350736133640208,4.238072773441241,2.426393548738306,2.3328807355189114
SHID,DER,Solvency,0.5362132271438655,0.5731283401232077,0.5882524974326725,0.5901379523422634
SHID,Debt Ratio,Solvency,0.3295607236217728,0.3462766899870252,0.3529221145531939,0.3546050765756448
SHID,GPM,Profitability,0.8356206741567175,0.6700325725316999,0.6351317064735283,0.6265626323860984
SHID,NPM,Profitability,-0.9336747377342556,-0.6018531664801453,-0.3461647530280157,-0.1767165846015656
SHID,Operating Margin,Profitability,-0.7751026043356636,-0.5163892536093105,-0.2554917564903644,-0.0299945027354627
SHID,Quick Ratio,Liquidity,0.3741316246957229,0.2414077720203483,0.2470709126550289,0.1968912840822294
SHID,ROE,Profitability,-0.0594188051433558,-0.0514332837628489,-0.0399356608819934,-0.0309655364959119
SHID,ROI,Profitability,-0.0386827759364631,-0.0326949063538074,-0.0251512381134079,-0.0194771198847268
SHIP,Cash Ratio,Liquidity,0.1221767456011688,0.2326289744199584,0.0991377124243217,0.0979601754986452
SHIP,Current Ratio,Liquidity,0.9503641495286206,0.9283755673879632,0.9421942840247154,1.141999027355325
SHIP,DER,Solvency,1.4141400369936257,1.5547682014830706,1.6087604406068556,1.6403171664569902
SHIP,Debt Ratio,Solvency,0.4693829547852389,0.5086646597207152,0.5181502590892,0.5221838972421697
SHIP,GPM,Profitability,0.4404865520279666,0.3881736957918254,0.3743339458580291,0.3277941671736797
SHIP,Interest Coverage Ratio,Solvency,5.178339198769393,3.9183874767601936,4.269193789131346,3.295063252448165
SHIP,NPM,Profitability,0.1975583781959943,0.1479425492832603,0.140265575958622,0.1128958029535967
SHIP,Operating Margin,Profitability,0.37936643161013,0.3305083931847323,0.3079339855199958,0.2778868290117258
SHIP,ROE,Profitability,0.1732011274927758,0.1409025346370355,0.1546072036928441,0.1342715395664143
SHIP,ROI,Profitability,0.0816437191567068,0.0596999608863864,0.0622501460562713,0.0516909606494756
SIDO,Cash Ratio,Liquidity,1.1755008097592503,1.5566961738778364,1.332565687332732,1.2573320432314024
SIDO,Current Ratio,Liquidity,3.664149002844424,4.131083791891345,4.055540358711242,4.4737314899595
SIDO,DER,Solvency,0.0022317181467241,0.0024977111516609,0.0006803656458994,0.0027735330930845
SIDO,Debt Ratio,Solvency,0.001867767272561,0.0021307603644165,0.0005843522950957,0.0024137007525112
SIDO,GPM,Profitability,0.5512912801450855,0.5685260807066934,0.5610343024734299,0.5661061770702173
SIDO,Interest Coverage Ratio,Solvency,2773.5542168674697,2133.5480378890397,2169.8847352024923,2197.178966789668
SIDO,NPM,Profitability,0.2800302571407241,0.3135797740849245,0.2857864252780283,0.2665918848659396
SIDO,Operating Margin,Profitability,0.3428231183503322,0.3880740515993613,0.3556460535870566,0.3387447313884456
SIDO,Quick Ratio,Liquidity,3.1115521486742983,3.294066658078289,3.052627493309281,3.589591734689239
SIDO,ROE,Profitability,0.2899110509778433,0.3632478657101422,0.3151402323455812,0.280763889668257
SIDO,ROI,Profitability,0.2899110509778433,0.3632478657101422,0.3151402323455812,0.280763889668257
SILO,Cash Ratio,Liquidity,0.0040857009980528,0.003076785274425,0.035778803739382,0.0132583242496513
SILO,Current Ratio,Liquidity,1.4402191172744865,1.5849510715005486,1.2336728068233895,1.228573901742696
SILO,DER,Solvency,0.101427978941977,0.0876451976485552,0.073680044178122,0.0817506963114411
SILO,Debt Ratio,Solvency,0.0717615856698713,0.0606841442017556,0.0530210120383603,0.0589241801767281
SILO,GPM,Profitability,0.3278325385042511,0.3855237712738295,0.3712318286633805,0.3981249828537767
SILO,Interest Coverage Ratio,Solvency,5.494717591615672,26.86736470091782,26.67045810289053,33.32597377554956
SILO,NPM,Profitability,0.0163376897505585,0.0718529985053119,0.073176520475074,0.1082419739366683
SILO,Operating Margin,Profitability,0.0616129901531956,0.1209939446109531,0.1170407223693351,0.1606005302170741
SILO,Quick Ratio,Liquidity,1.2850469290634288,1.4496607474752,1.1409684408128629,1.1488375171800074
SILO,ROE,Profitability,0.0194814048453711,0.1046413419583814,0.1001361660354376,0.153024032551257
SILO,ROI,Profitability,0.0194334304254817,0.1014692882141298,0.097060285530695,0.1452266427068717
SIMP,Cash Ratio,Liquidity,0.1973489269568719,0.2521028320259513,0.3758384161245639,0.3963799389487661
SIMP,Current Ratio,Liquidity,0.884373088179368,1.0401015992626128,1.1037997134505428,1.0516182359746649
SIMP,DER,Solvency,0.7070775178447807,0.619241942120152,0.5169565495324588,0.4572108099103689
SIMP,Debt Ratio,Solvency,0.2995474498451537,0.2707147052000549,0.2409535757970913,0.2263940230691735
SIMP,GPM,Profitability,0.2075723158338342,0.2620201643775076,0.2612758641192214,0.2098538347696689
SIMP,Interest Coverage Ratio,Solvency,2.2196461050511327,4.289654017758797,4.781025100355583,3.1562416195179384
SIMP,NPM,Profitability,0.0161855513413058,0.0503802191913749,0.067345758848113,0.0460184608255023
SIMP,Operating Margin,Profitability,0.12410495554312,0.1837749915062312,0.1885971453918306,0.1358053791489318
SIMP,Quick Ratio,Liquidity,0.4937363065227894,0.6548646935247937,0.6770228240712114,0.7078125305489936
SIMP,ROE,Profitability,0.0156310964885827,0.062992722452526,0.0711944214925622,0.0424770223302619
SIMP,ROI,Profitability,0.0091797025684053,0.0389688668813991,0.047246616189248,0.0293009349822328
SIPD,Cash Ratio,Liquidity,0.0,0.0,0.0,0.0502762629345946
SIPD,Current Ratio,Liquidity,1.080611270296084,1.006761903605134,0.8725781400152101,1.0886893799089896
SIPD,DER,Solvency,0.93264969448293,0.9315775531025182,1.6080729926799435,0.9038840818776094
SIPD,Debt Ratio,Solvency,0.3208263033720137,0.3052899499560546,0.3761550667061015,0.328626399562879
SIPD,GPM,Profitability,0.1460276253974908,0.0589056623672004,0.0795792699533982,0.0940356000369048
SIPD,Interest Coverage Ratio,Solvency,1.836404511411142,-0.0325620704501602,0.0,0.0
SIPD,NPM,Profitability,0.0033029314985505,-0.0021713662848046,-0.0360667568130257,-0.0028425591601981
SIPD,Operating Margin,Profitability,0.0510534299097389,-0.0033284941444831,0.0151757763051777,0.0261883177795631
SIPD,Quick Ratio,Liquidity,0.5265994841107408,0.4709959969947095,0.435608342169078,0.6475449279972092
SIPD,ROE,Profitability,0.0159186383175246,-0.0128919471580136,-0.3105478010641918,-0.0145132345779594
SIPD,ROI,Profitability,0.008389167507202,-0.0067554544974795,-0.1202558586017871,-0.0076885128777595
SKBM,Cash Ratio,Liquidity,0.0242503490582747,0.0283060741616701,0.1050404461143273,0.131349562086487
SKBM,Current Ratio,Liquidity,1.360576509333269,1.311286935954434,1.442314062211177,1.566402294060728
SKBM,DER,Solvency,0.5629350210241818,0.6839038884858485,0.6030419883972769,0.5538912419642223
SKBM,Debt Ratio,Solvency,0.2853439931694222,0.3216242928206835,0.2975844589464923,0.3005509997737934
SKBM,GPM,Profitability,0.0996733693488931,0.1380223256882688,0.1612917678276495,0.1214360649212627
SKBM,Interest Coverage Ratio,Solvency,1.2975997553497365,2.031688119120845,3.829448203052026,1.162656408649134
SKBM,NPM,Profitability,0.0032667760156678,0.0076822435213166,0.0226761282475299,0.0005268997403646
SKBM,Operating Margin,Profitability,0.0213090867871531,0.0223919397692524,0.0352915034622436,0.0256634311678494
SKBM,Quick Ratio,Liquidity,0.8070478247178905,0.8145370915775857,0.9204354511976838,0.8565881064862078
SKBM,ROE,Profitability,0.0115348212221509,0.0319003953635694,0.0855566918290704,0.0014988454607407
SKBM,ROI,Profitability,0.0075433273514052,0.0193593058023444,0.0540934097677152,0.000971890115805
SKLT,Cash Ratio,Liquidity,0.0,0.186208421448188,0.0989000786055022,0.4517520720308692
SKLT,Current Ratio,Liquidity,1.5367016619273268,1.7933254784737531,1.6297510054325208,2.1072213580355714
SKLT,DER,Solvency,0.3967337764727901,0.2208715910774066,0.2504392805530304,0.2956386106199705
SKLT,Debt Ratio,Solvency,0.2089289242179254,0.134744045873495,0.1422041680810858,0.1419051529358443
SKLT,GPM,Profitability,0.2660836892586949,0.27846158451728,0.2646889567853389,0.2620762821772072
SKLT,Interest Coverage Ratio,Solvency,3.993742411228585,10.405644962415716,12.09821476467332,9.541342842733789
SKLT,NPM,Profitability,0.0339166441367982,0.0622950356122335,0.0488232495916046,0.0433860999912335
SKLT,Operating Margin,Profitability,0.0560386010403877,0.0764396733368998,0.0587889132451479,0.0576415180304545
SKLT,Quick Ratio,Liquidity,0.943025686492298,1.2344634583806957,0.9148035202211005,1.3077632688967855
SKLT,ROE,Profitability,0.104338186293552,0.1558301056540688,0.1280917370420306,0.1264390490078925
SKLT,ROI,Profitability,0.0753526621147796,0.1282657559536633,0.1028827865153657,0.0979764755739112
SKRN,Cash Ratio,Liquidity,0.3374862613820981,0.1971586455967892,0.4301335983567201,0.0
SKRN,Current Ratio,Liquidity,1.478183294319812,1.5502306001393098,1.920917629945727,0.0
SKRN,DER,Solvency,1.1198994816471213,1.0811949072379472,0.781477691184712,0.0
SKRN,Debt Ratio,Solvency,0.4129833901587336,0.4157625248331639,0.2735867876355886,0.0
SKRN,GPM,Profitability,0.2528927038875892,0.0716547271163954,0.2701269906565378,0.0
SKRN,Interest Coverage Ratio,Solvency,1.5682057046487314,0.9352888947584392,4.242853373389562,0.0
SKRN,NPM,Profitability,0.019253173328355,0.0092845221400552,0.1391859958906416,0.0
SKRN,Operating Margin,Profitability,0.1302602500257337,-0.0357035359827687,0.2146184681348084,0.0
SKRN,ROE,Profitability,0.0172708772853465,0.0069898165785434,0.1505639368218675,0.0
SKRN,ROI,Profitability,0.0111964916585553,0.0049358848737617,0.1147077163472467,0.0
SLIS,Cash Ratio,Liquidity,0.0,0.0,0.016463236554926,0.0
SLIS,Current Ratio,Liquidity,1.8830378118492688,2.4604650023233963,3.2205561906304894,11.055682679081166
SLIS,DER,Solvency,0.8652010483571082,0.6597282096575514,0.461305470661348,0.2049035801318228
SLIS,Debt Ratio,Solvency,0.401590853377682,0.3402036984433393,0.2533493764804568,0.1490422449145495
SLIS,GPM,Profitability,0.1718767670390565,0.148418133374633,0.1624589971406304,0.1313917184336978
SLIS,NPM,Profitability,0.0642674796743429,0.05616742270853,0.0865507333786254,0.0469265282114385
SLIS,Operating Margin,Profitability,0.1185780923068182,0.1062532159862775,0.1348869255522692,0.0790250060099599
SLIS,Quick Ratio,Liquidity,0.8949946754604485,1.245002690090768,2.050507852401669,5.811273435009928
SLIS,ROE,Profitability,0.1486376090720978,0.1234649691432336,0.1721223117098009,0.0616257564671201
SLIS,ROI,Profitability,0.0796898592797916,0.0743886670268187,0.1177866744260548,0.0511457991189452
SMAR,Cash Ratio,Liquidity,0.0005322931226725,0.0004960104354936,8.26134671186835e-05,0.0053524650717205
SMAR,Current Ratio,Liquidity,1.296206323305218,1.4548708380519113,1.9586678214927855,1.871921068572304
SMAR,DER,Solvency,1.4363532973230035,1.370059459456458,0.9463614101696408,0.8417600079501236
SMAR,Debt Ratio,Solvency,0.513242540841818,0.4892457685527994,0.4272900513121651,0.4039381702700219
SMAR,GPM,Profitability,0.1453520727156066,0.1922120381443946,0.1773812358436826,0.1016208058045635
SMAR,Interest Coverage Ratio,Solvency,3.2289512493797234,3.58359427503748,5.017723110510416,1.1872250222543852
SMAR,NPM,Profitability,0.0380553205930423,0.049589439268669,0.0732957295980698,0.0137952717029285
SMAR,Operating Margin,Profitability,0.0574518257325096,0.0680993274990766,0.0879583693953162,0.0222915941968252
SMAR,Quick Ratio,Liquidity,0.9601954364726996,0.9523637885774175,1.2183550766471225,0.9867894421939444
SMAR,ROE,Profitability,0.1229452554989474,0.1962089876622183,0.2859696956872872,0.0481565414611385
SMAR,ROI,Profitability,0.0506542439045715,0.0828849851230845,0.1470613642269233,0.0261735599497282
SMBR,Cash Ratio,Liquidity,0.2821791139323995,0.9387567677780212,0.7566239390869918,0.1230360142121196
SMBR,Current Ratio,Liquidity,0.8620712877916589,2.0841370255171263,1.6837779766249723,1.1166832300710978
SMBR,DER,Solvency,0.5863602512320305,0.5928984792069623,0.480353103209897,0.281983898291818
SMBR,Debt Ratio,Solvency,0.3320965593189494,0.3349374208333392,0.2817550121125151,0.1836123854641493
SMBR,GPM,Profitability,0.418232649768601,0.4430646362238944,0.4086154415147586,0.3153311927161669
SMBR,Interest Coverage Ratio,Solvency,1.1707489769430115,1.303793386742034,1.609186920289365,0.0
SMBR,NPM,Profitability,0.0063793068052478,0.0266640074382426,0.0410908026188546,0.059573758423659
SMBR,Operating Margin,Profitability,0.1100461253093699,0.1255497771028363,0.1390447055879313,0.1039831063320534
SMBR,Quick Ratio,Liquidity,0.6207162759222212,1.550525640824563,1.2989712134992155,0.7805215375520331
SMBR,ROE,Profitability,0.0037274534655706,0.0155374510651572,0.0251444669092094,0.0384421879788729
SMBR,ROI,Profitability,0.0024165331609745,0.0100290717097684,0.017447085571983,0.0308963022470407
SMCB,Cash Ratio,Liquidity,0.0008692995980696,0.0,0.0082657614927121,0.0145379055870544
SMCB,Current Ratio,Liquidity,1.0180983346875894,1.3433505000505206,1.043306469574112,1.1036758706426644
SMCB,DER,Solvency,1.1761053727100796,0.4203807244028791,0.2453692812788626,0.2332022403890276
SMCB,Debt Ratio,Solvency,0.4307345422339556,0.2190623498937207,0.1361221619280296,0.1313161738875753
SMCB,GPM,Profitability,0.2951587915577619,0.2542971984495525,0.2391042670849111,0.2242330717312354
SMCB,NPM,Profitability,0.0644018432523233,0.0635882056101608,0.0684450101646968,0.0723159743578157
SMCB,Operating Margin,Profitability,0.1640292751839591,0.1397564364490107,0.1264592994579698,0.119502886228994
SMCB,Quick Ratio,Liquidity,0.7649500816779414,1.08202505714973,0.7829667406313671,0.8914321974211086
SMCB,ROE,Profitability,0.0857068941342358,0.0636967062985218,0.0707650346482869,0.0715451912390098
SMCB,ROI,Profitability,0.0407765578200638,0.0457875133412976,0.0575059859530092,0.0586971502083985
SMDM,Cash Ratio,Liquidity,0.134180396100295,0.4327459420069774,0.7353767966927336,1.1720675276648966
SMDM,Current Ratio,Liquidity,2.50728902314602,2.3757229650107496,3.1047495688411875,4.892043203550101
SMDM,DER,Solvency,0.0673731911992538,0.0243704388874409,0.0312154634057535,0.0442999354610129
SMDM,Debt Ratio,Solvency,0.0375380058146089,0.0140030396755717,0.0187951326683298,0.0271598844304883
SMDM,GPM,Profitability,0.5003855236966783,0.5489107036533091,0.6123943034684822,0.5850281313706716
SMDM,NPM,Profitability,-0.0021171772924154,0.1785931019545049,0.2891522614387999,0.2099464195573548
SMDM,Operating Margin,Profitability,0.0755363225959053,0.2117457018271923,0.3049234454037231,0.174743145233222
SMDM,Quick Ratio,Liquidity,0.3074065404540206,0.5992657291466589,0.9640312071049002,1.506153413694446
SMDM,ROE,Profitability,-0.0004587326372796,0.053352270455658,0.0794573521318735,0.0481018929507448
SMDM,ROI,Profitability,-0.0004297771773378,0.0520829852466295,0.0770521340607645,0.0460613769256913
SMDR,Cash Ratio,Liquidity,0.1709029287830166,0.3202838822868594,0.8959367261168412,0.0
SMDR,Current Ratio,Liquidity,1.2944742552517667,1.4477222453218528,2.0443406842726484,0.0
SMDR,DER,Solvency,1.2907188520163433,1.0775082076133722,0.684584031968396,0.0
SMDR,Debt Ratio,Solvency,0.3796984673569951,0.343271745075325,0.2631780273367853,0.0
SMDR,GPM,Profitability,0.1349116803270672,0.2821038085381607,0.3424120919799343,0.0
SMDR,NPM,Profitability,-0.0068076668129194,0.1382403416156404,0.184797797726479,0.0
SMDR,Operating Margin,Profitability,0.0482315549549702,0.2159440684178558,0.2963405859573241,0.0
SMDR,Quick Ratio,Liquidity,1.2804582504453417,1.4378140286532657,2.033617301793187,0.0
SMDR,ROE,Profitability,-0.0197838052813068,0.3521519564657955,0.4796762265831797,0.0
SMDR,ROI,Profitability,-0.0103532544075274,0.2289073830284755,0.3602379056213038,0.0
SMGR,Cash Ratio,Liquidity,0.060499451737915,0.0436120066986362,0.2511732806309948,0.273797671996554
SMGR,Current Ratio,Liquidity,1.3192240907194182,1.1061544130792895,1.4454436852477222,1.2278667747457432
SMGR,DER,Solvency,0.7515627220047678,0.5289741641509038,0.3930307591330014,0.3656352944469713
SMGR,Debt Ratio,Solvency,0.3300995919911733,0.2491569298447269,0.2025236327111428,0.1933246850555073
SMGR,GPM,Profitability,0.3361805871703326,0.3195075153462449,0.2935133534698988,0.2633019122742382
SMGR,NPM,Profitability,0.0793912020322721,0.055764678078358,0.0650062452930771,0.0561557730439498
SMGR,Operating Margin,Profitability,0.1631602743435426,0.1419143175791621,0.1253981565039465,0.1160780112265131
SMGR,Quick Ratio,Liquidity,0.9344654122784308,0.7747949868482129,1.0159037264068131,0.909231885479212
SMGR,ROE,Profitability,0.0764140000188276,0.0531421955121659,0.0553201123209498,0.0501715717565074
SMGR,ROI,Profitability,0.0444811222839029,0.0352689461083503,0.0401735720596108,0.0372557108509308
SMIL,Current Ratio,Liquidity,1.515488973918669,1.3752871161110218,0.0,1.6994326540808655
SMIL,DER,Solvency,0.5446061157507939,0.4017332327909443,0.0,0.1939867615332957
SMIL,Debt Ratio,Solvency,0.3441898447336761,0.2700015250033596,0.0,0.1519536431235756
SMIL,GPM,Profitability,0.3555351219791853,0.4074360642824768,0.3918682821481322,0.4123190232953405
SMIL,Interest Coverage Ratio,Solvency,3.936781363652233,8.381666866094779,6.687102826951987,11.044675231898792
SMIL,NPM,Profitability,0.1818313686103891,0.2487992666323832,0.2223194994348108,0.2334646187192217
SMIL,Operating Margin,Profitability,0.2657680811053847,0.326375842751744,0.2806032547005704,0.2969450504292314
SMIL,Quick Ratio,Liquidity,1.391335596856221,1.3393264874210635,0.0,1.6673230319208674
SMIL,ROE,Profitability,0.168654767262326,0.2000926150436233,0.0,0.1213159694434024
SMIL,ROI,Profitability,0.148057867626552,0.1714342420684592,0.0,0.1137453158557816
SMMA,DER,Solvency,0.3600851023719331,0.3848062313608112,0.5077957361961165,0.4738206672144305
SMMA,Debt Ratio,Solvency,0.0685347682733662,0.0663867250990275,0.0941165622817027,0.0926291093282988
SMMA,Free Cash Flow,Liquidity,3363493000000.0,10379786000000.0,-6080319000000.0,7365788000000.0
SMMA,NPM,Profitability,-0.0006002943296222,0.026368258412826,0.0273794758335066,0.0467361095784903
SMMA,ROE,Profitability,-0.0009836882251682,0.0467670714238888,0.0398293478660701,0.0524669256830239
SMMA,ROI,Profitability,-0.0008107122193519,0.0385594285347091,0.0298589278853027,0.0380146796125042
SMMT,Cash Ratio,Liquidity,0.2185764598030906,1.0547736201309073,0.025002189480955,0.0
SMMT,Current Ratio,Liquidity,0.5843981779352476,2.126799556521522,1.0738528912822962,1.0769179227087713
SMMT,DER,Solvency,0.3923634337394343,0.1888273625552801,0.0,0.0
SMMT,Debt Ratio,Solvency,0.2566662276117211,0.1461057135841342,0.0,0.0
SMMT,GPM,Profitability,0.0611375469217364,0.3190468770203439,0.3215187663752186,0.1745371984543161
SMMT,NPM,Profitability,-0.0789180621305887,0.4592760133027757,0.3453175317058383,0.240523411546776
SMMT,Operating Margin,Profitability,-0.1343562950043468,0.2376046522897258,0.2631514200189107,0.0961951293575054
SMMT,Quick Ratio,Liquidity,0.4857935515861687,2.032943893996179,0.9247140159382709,0.782447235915522
SMMT,ROE,Profitability,-0.0286552627241389,0.2868809823119708,0.3726548647236048,0.3280930196401275
SMMT,ROI,Profitability,-0.0205803039851314,0.2413142491062329,0.3726548647236048,0.3280930196401275
SMRA,Cash Ratio,Liquidity,0.037784043366838,0.243690404621355,0.138472111522569,0.1792583403730438
SMRA,Current Ratio,Liquidity,1.4222630659776538,1.8698483706753848,1.504074087692676,1.3204315328989542
SMRA,DER,Solvency,1.3815794479082428,0.8134033970640497,0.6430641588976981,0.7330299816107892
SMRA,Debt Ratio,Solvency,0.3794991204743545,0.2704452971632431,0.2080119074853391,0.2311107433776857
SMRA,GPM,Profitability,0.4556825069199886,0.4658783666459136,0.524489375739508,0.5045258460930789
SMRA,Interest Coverage Ratio,Solvency,1.2561373172013677,1.5816788434058802,2.1017827119192867,2.625411698055013
SMRA,NPM,Profitability,0.03575265934454,0.0581382693286493,0.1093432400671269,0.1150315354570989
SMRA,Operating Margin,Profitability,0.2536512750117145,0.2797603422213358,0.2987059332155496,0.287090372632575
SMRA,Quick Ratio,Liquidity,0.3232299354336257,0.5419356956185528,0.4558351502762665,0.3950719936926541
SMRA,ROE,Profitability,0.0262692608142513,0.0373747288886111,0.0679949669156661,0.0779469630399618
SMRA,ROI,Profitability,0.0110340977497592,0.0206177910507279,0.0413985774311237,0.0449919150050287
SMRU,Current Ratio,Liquidity,0.4739520448200572,0.2327536465310508,0.1896227631900493,0.1281590439762044
SMRU,DER,Solvency,1.369786244847888,2.8215072587145755,2.9306864452547603,4.919933614264337
SMRU,Debt Ratio,Solvency,0.4756192045352921,0.5822239553144847,0.6124913091779215,0.6641730344584517
SMRU,GPM,Profitability,-0.1287795362304417,0.1322647685394989,0.1562239706363824,-0.1053632701442068
SMRU,Interest Coverage Ratio,Solvency,-3.950796478567681,-2.9497523222641524,0.5414982040002787,-21.513422703619188
SMRU,NPM,Profitability,-0.654156815862338,-0.4362327653903841,-0.0363669969924355,-0.2531078289184764
SMRU,Operating Margin,Profitability,-0.5478016459099171,0.0183682318285209,0.0813572863616338,-0.2854582837492913
SMRU,Quick Ratio,Liquidity,0.4177891762048074,0.2000633117832539,0.1639425120343845,0.1121800309085237
SMRU,ROE,Profitability,-0.719868645370056,-1.1127731373635577,-0.0924381752551937,-0.7277354555249749
SMRU,ROI,Profitability,-0.3244256683895926,-0.3111987772474395,-0.0245349146634059,-0.1250718061815359
SMSM,Cash Ratio,Liquidity,0.7643225767585694,0.382570557453553,1.0143036122970486,1.2383549392319444
SMSM,Current Ratio,Liquidity,5.760597602361493,4.175277367388736,4.430207991918126,5.174107945581593
SMSM,DER,Solvency,0.0919617908610247,0.1120242305472303,0.1211100929911069,0.0917921840601799
SMSM,Debt Ratio,Solvency,0.0619610099285267,0.0729901971173952,0.0800954064741868,0.0645194219716608
SMSM,GPM,Profitability,0.3207741118281791,0.3212582673121413,0.3279238292791169,0.3587169720169431
SMSM,Interest Coverage Ratio,Solvency,42.399510852950165,56.61699410011556,69.58704933586338,78.95144972239359
SMSM,NPM,Profitability,0.1508312632027839,0.1590324221083655,0.1733319520964152,0.1851215950522824
SMSM,Operating Margin,Profitability,0.2133368875771447,0.2179195379409363,0.2252125184198976,0.2532056485291661
SMSM,Quick Ratio,Liquidity,3.951969417056568,2.5321749158598723,2.7719623091799366,3.5883955138117747
SMSM,ROE,Profitability,0.2144557176305057,0.2626328703161912,0.2928853896863906,0.293631554346572
SMSM,ROI,Profitability,0.2086006908848449,0.2454175194273748,0.2713123378887073,0.2765128286227205
SOCI,Cash Ratio,Liquidity,0.771858609832028,0.7571515625628517,0.4111861236523145,0.1610778851680567
SOCI,Current Ratio,Liquidity,2.5668948508575875,2.4974811317526293,1.5567396751500902,1.2419445918998524
SOCI,DER,Solvency,0.7809862961933722,0.6802261674539357,0.648598112992959,0.5314280943937684
SOCI,Debt Ratio,Solvency,0.4270362210811814,0.396918886266477,0.382395801418035,0.3361671430814743
SOCI,GPM,Profitability,0.2779514472105059,0.2780225976120883,0.2832006525870387,0.2271731798178938
SOCI,Interest Coverage Ratio,Solvency,1.1231868684102015,1.6574765668960405,1.9101066051673776,1.8465811455657155
SOCI,NPM,Profitability,0.2097520762645289,0.0421895732552884,0.0449097782747224,0.0525022318293973
SOCI,Operating Margin,Profitability,0.1994934390056274,0.2033890632224739,0.2096009297305354,0.1609645042575795
SOCI,Quick Ratio,Liquidity,2.371722585326383,2.3291781783338306,1.3769855232395958,1.0341955129100606
SOCI,ROE,Profitability,0.0755899637738404,0.014796052034681,0.0173120830024518,0.0233436118336057
SOCI,ROI,Profitability,0.0424427542959787,0.0088059883373329,0.0106646872740567,0.0155655964377243
SOHO,Cash Ratio,Liquidity,0.3560619547801317,0.2472719973833907,0.3212328601204676,0.0997204168862345
SOHO,Current Ratio,Liquidity,1.8949110957806656,2.0199951754754544,2.039796011867711,1.8937817458574857
SOHO,DER,Solvency,0.0142394698689369,0.0109386373653053,0.0086609778151267,0.0083143748192028
SOHO,Debt Ratio,Solvency,0.0075091328422773,0.0060043476758234,0.0046987450719047,0.0042020577380049
SOHO,GPM,Profitability,0.2184176384613799,0.2217801905099994,0.1835896825306466,0.159721289548175
SOHO,Interest Coverage Ratio,Solvency,16.118292909869115,290.30818688384056,306.81811894882435,258.19305473808123
SOHO,NPM,Profitability,0.0279217558772077,0.0777506004665804,0.048933069835192,0.0452978894831572
SOHO,Operating Margin,Profitability,0.0381199424588724,0.0913528855464627,0.0603567485368212,0.0524084947647252
SOHO,Quick Ratio,Liquidity,1.3091368835677408,1.3436609193560771,1.435203119223733,1.2575590820598397
SOHO,ROE,Profitability,0.0780734845556868,0.2492101433224667,0.1469495026889195,0.1547835894990533
SOHO,ROI,Profitability,0.0780734845556868,0.2492101433224667,0.1469495026889195,0.1547835894990533
SONA,Cash Ratio,Liquidity,0.9176978738747056,2.5635188060654284,0.9430519968099568,0.8433642134078196
SONA,Current Ratio,Liquidity,7.485428390440536,12.046479154024658,3.613820544143629,4.239324156359213
SONA,DER,Solvency,0.0822316973671617,0.0065052716751213,0.3936337505954864,0.2630664932428956
SONA,Debt Ratio,Solvency,0.0676713189051984,0.0056897219021892,0.2419067475016174,0.1730717978259854
SONA,GPM,Profitability,0.51945007364992,0.5503560637393545,0.5298260263605425,0.5381911184077662
SONA,Interest Coverage Ratio,Solvency,-51.43362128139175,-190.1704384622288,-6.630962968254424,3.1017211477702715
SONA,NPM,Profitability,-0.5351366024475163,-0.8433781758763657,-0.1512278035334485,-0.0139093588157095
SONA,Operating Margin,Profitability,-0.689608355019084,-1.594355737956198,-0.199880153439981,0.0332883979305104
SONA,Quick Ratio,Liquidity,5.933636985422027,9.942886021980998,2.9619154639183147,3.2999437695184954
SONA,ROE,Profitability,-0.1869959914904589,-0.0884438209902832,-0.0804628259610581,-0.0166365663681576
SONA,ROI,Profitability,-0.1869959914904589,-0.0884438209902832,-0.0804628259610581,-0.0166365663681576
SPMA,Cash Ratio,Liquidity,0.0,0.0,0.0,0.0
SPMA,Current Ratio,Liquidity,1.7325379218282746,2.228165964974303,3.654760725644969,2.80846584541114
SPMA,DER,Solvency,0.3223906742424638,0.3514133555704271,0.3402708827654932,0.2730740503800488
SPMA,Debt Ratio,Solvency,0.2131660884554848,0.2323182690450823,0.2254607013834159,0.1917033860403789
SPMA,GPM,Profitability,0.1825616652927159,0.2108304623702046,0.2290459035300938,0.1770195492751303
SPMA,NPM,Profitability,0.0755403345465099,0.1053249400209177,0.1071168116718442,0.0672021560244738
SPMA,Operating Margin,Profitability,0.1064671648638811,0.1476793925146871,0.1677168787341523,0.09594179368406
SPMA,Quick Ratio,Liquidity,0.7468848386913486,0.9469817249027104,1.4347845076731736,1.125054205448705
SPMA,ROE,Profitability,0.1061287016024232,0.1621205626012463,0.1566137938890612,0.0770271967941307
SPMA,ROI,Profitability,0.0822525216538004,0.1265327981804492,0.1202372052637106,0.0621827369494517
SPTO,Cash Ratio,Liquidity,0.272432954677723,0.4653548251255609,0.1936158203714765,0.1624823697126861
SPTO,Current Ratio,Liquidity,1.4402052118563369,1.6215722816139837,1.4860932197117962,1.6072707697371034
SPTO,DER,Solvency,0.3786779261051499,0.3064866967214926,0.2480131209540707,0.2152713034353203
SPTO,Debt Ratio,Solvency,0.1511578227595458,0.1283765460675006,0.1104889870068726,0.1002305198358745
SPTO,GPM,Profitability,0.2814479556010032,0.2846804574347347,0.2741906502749832,0.2867764805255576
SPTO,Interest Coverage Ratio,Solvency,6.236931570926625,9.994059453638403,11.865965108646732,12.63504542081293
SPTO,NPM,Profitability,0.0601702502681159,0.0880141310317051,0.0824852659449035,0.0977557145144935
SPTO,Operating Margin,Profitability,0.0911252905314038,0.1207933592024407,0.1172424745847746,0.1191767238518183
SPTO,Quick Ratio,Liquidity,0.939286361062645,1.1384413460982925,0.8576960821914611,0.8938183943301816
SPTO,ROE,Profitability,0.0948936666836335,0.1496355170843142,0.148878881230848,0.1689611557325286
SPTO,ROI,Profitability,0.0760418685091311,0.124652931297147,0.1280477912321059,0.1476047884283396
SQMI,Current Ratio,Liquidity,0.0592951825411794,0.1506853975453618,0.1619607455654198,0.0
SQMI,DER,Solvency,-0.1259957392212961,0.1266797981006991,0.1340610923033804,0.0
SQMI,Debt Ratio,Solvency,0.0543181900608455,0.0557113424250254,0.0464726751767468,0.0
SQMI,GPM,Profitability,0.2455834819457819,0.2544992132588903,0.2575197848565217,0.0
SQMI,Interest Coverage Ratio,Solvency,-25.573308658989657,-19.73620967563396,-41.96827302601721,0.0
SQMI,NPM,Profitability,-6.154431507763928,-3.676308446438551,-5.807660006723669,0.0
SQMI,Operating Margin,Profitability,-4.333115856197801,-3.597345653891077,-4.476832788761742,0.0
SQMI,Quick Ratio,Liquidity,0.0503288940944314,0.1381462736706915,0.1381851154033655,0.0
SQMI,ROE,Profitability,0.179226430118226,-0.0905418552594816,-0.1898259042160608,0.0
SQMI,ROI,Profitability,0.2021549084305597,-0.0814754552984793,-0.1678026791250074,0.0
SRAJ,Cash Ratio,Liquidity,0.1954154809733413,0.1278589208264738,0.2958391188451055,0.1377328040594131
SRAJ,Current Ratio,Liquidity,0.5764135589882852,0.3841237494755559,0.5554145090261667,0.4741090824810522
SRAJ,DER,Solvency,0.6113359822699929,0.4392821152102396,0.9109769033741254,0.8891083507762432
SRAJ,Debt Ratio,Solvency,0.2467027231446768,0.1736921818410771,0.3000749617364686,0.2943539677123432
SRAJ,GPM,Profitability,0.3222853276085162,0.36635484732754,0.2880081523593656,0.2868438230822148
SRAJ,Interest Coverage Ratio,Solvency,0.2246734503873318,1.918806204168669,0.3208400144830083,0.6118029766531364
SRAJ,NPM,Profitability,-0.0112016222429564,0.085898812030825,-0.0229117075904628,-0.0153764780235013
SRAJ,Operating Margin,Profitability,0.0151604192541714,0.1199796758790707,0.0182921406871392,0.0435850644022349
SRAJ,Quick Ratio,Liquidity,0.531725133196056,0.3576460163087818,0.5363494067465151,0.4508654844442671
SRAJ,ROE,Profitability,-0.0081990065285718,0.0858158897293793,-0.0233986460835318,-0.0207375320235661
SRAJ,ROI,Profitability,-0.0050883283305206,0.0596240923321999,-0.0122443374601848,-0.0109896134020177
SRIL,Cash Ratio,Liquidity,0.1778228481566394,0.0,0.0,0.0
SRIL,Current Ratio,Liquidity,2.889570289173264,0.3750393491556222,2.739267253074176,0.0
SRIL,DER,Solvency,1.5600051071872745,-3.643036957030992,-1.742370519746247,0.0
SRIL,Debt Ratio,Solvency,0.5664041112688346,1.1499072220551911,1.7798968030742508,0.0
SRIL,GPM,Profitability,0.1770392446854165,-0.4362644091657245,-0.5080839669965888,0.0
SRIL,Interest Coverage Ratio,Solvency,2.328182931320488,-9.149070989261478,-12.658771356737278,0.0
SRIL,NPM,Profitability,0.06652669950213,-1.2676972706718963,-0.7540780295355073,0.0
SRIL,Operating Margin,Profitability,0.1334073946677024,-0.5876804700448937,-0.5258531277853837,0.0
SRIL,Quick Ratio,Liquidity,1.6471831944562871,0.1334868048804721,1.2328117920769288,0.0
SRIL,ROE,Profitability,0.1268931283809177,2.758774565654156,0.5064708787992978,0.0
SRIL,ROI,Profitability,0.0502585397027597,-1.0845931876146018,-0.7289972808780893,0.0
SRSN,Current Ratio,Liquidity,2.1713376878089417,2.4804911161604,2.81549344152533,2.885407711315385
SRSN,DER,Solvency,0.4444876227811231,0.3173638944771322,0.253285223091705,0.2227332672546796
SRSN,Debt Ratio,Solvency,0.2881508151384253,0.2244029313572772,0.1902212768661213,0.1689674849056529
SRSN,GPM,Profitability,0.2145522933859567,0.18482812684125,0.1898970783382206,0.2318139807194788
SRSN,Interest Coverage Ratio,Solvency,3.9316662971731695,2.3291114633181778,4.241598763235323,6.552459467547497
SRSN,NPM,Profitability,0.0495537601587927,0.0292377510648441,0.0344073507351954,0.05650905168474
SRSN,Operating Margin,Profitability,0.0907306693040601,0.0633108327435798,0.0503106004830026,0.0860068041092416
SRSN,Quick Ratio,Liquidity,0.9601098099709324,0.8802743902699509,1.3641017548596408,1.345239750624197
SRSN,ROE,Profitability,0.0751032343101867,0.0436413364553647,0.0510985264174732,0.0816481423709777
SRSN,ROI,Profitability,0.0522718552709751,0.0331977351690059,0.0408362326249776,0.0669211162722267
SRTG,Cash Ratio,Liquidity,24.733060946544093,0.0,9.120742136541528,19.865625
SRTG,Current Ratio,Liquidity,62.01966292134831,73.13966079222142,65.34836932888824,198.31773897058824
SRTG,DER,Solvency,0.1029258493684061,0.0702827378813004,0.0258164380145204,0.0190131837641971
SRTG,Debt Ratio,Solvency,0.0921442180762681,0.0643547789084645,0.0242150878571266,0.0181785026711096
SRTG,GPM,Profitability,0.9886329162122508,0.996386558306897,0.9850161090474128,1.0103196981560087
SRTG,NPM,Profitability,0.9606743487134284,0.9549201817417224,0.7282859159502445,0.9224519416688214
SRTG,Operating Margin,Profitability,0.9801640436539732,0.9941109693836934,0.9663429606886236,1.020189338668831
SRTG,ROE,Profitability,0.2812659419461467,0.4445122298057095,0.0771767259852052,-0.2083772928666039
SRTG,ROI,Profitability,0.2550179979073068,0.4153222453028183,0.0752344407100569,-0.2044893002236397
SSIA,Cash Ratio,Liquidity,0.3392550644076308,0.2860603108689636,0.3371776435477817,0.2517893653162919
SSIA,Current Ratio,Liquidity,1.612770636782222,2.072017045674085,1.815471793882662,2.126729716446187
SSIA,DER,Solvency,0.5562367497486178,0.6738193669472892,0.42079670212311,0.6511712037090477
SSIA,Debt Ratio,Solvency,0.2738300424020042,0.3115770648007127,0.1949359085096922,0.3100056781498641
SSIA,GPM,Profitability,0.2155286925195322,0.2197348920951758,0.2539840400747679,0.2924820981574104
SSIA,Interest Coverage Ratio,Solvency,0.8464104121192763,0.4667195766003424,2.3018631134650214,2.6518773338245136
SSIA,NPM,Profitability,-0.0297022376199936,-0.0850932603370141,0.0486356552826996,0.0389132490051641
SSIA,Operating Margin,Profitability,0.0411190626043251,0.0318621118308835,0.0908448280448495,0.1321238498946056
SSIA,Quick Ratio,Liquidity,1.3499701233395638,1.6911253757543447,1.610041523165712,1.920400365442501
SSIA,ROE,Profitability,-0.0233368172432264,-0.0558540877666223,0.04578260413759,0.0440665216466188
SSIA,ROI,Profitability,-0.015272657265187,-0.0340020182650598,0.0328399414193899,0.0270296879988482
SSMS,Cash Ratio,Liquidity,0.0384475772711676,0.0730090468557213,0.3151185589239231,0.209254988960886
SSMS,Current Ratio,Liquidity,2.3741736785830976,1.713773664536811,1.1118481100522013,1.057492293015601
SSMS,DER,Solvency,1.309743835124628,5.319708967705056,3.569970217445518,4.6724974157682455
SSMS,Debt Ratio,Solvency,0.4969533229815562,0.7072016869342662,0.643116627378988,0.6925825729833045
SSMS,GPM,Profitability,0.4480579760654956,0.4238331644643445,0.3829488742944259,0.2615106286232976
SSMS,Interest Coverage Ratio,Solvency,2.243241346872205,3.466208817143739,4.440311713197884,1.8625862472781
SSMS,NPM,Profitability,0.1437584779448711,0.2912713996742578,0.163464427640117,0.0478590980537944
SSMS,Operating Margin,Profitability,0.284198659513142,0.2923066810260687,0.2160205693984851,0.0905599787279791
SSMS,Quick Ratio,Liquidity,1.9863405932132625,1.2998452575495554,0.8458343115165687,0.8345328207017616
SSMS,ROE,Profitability,0.1189538499293599,1.0648894696997544,0.9158159106651572,0.2926159590867925
SSMS,ROI,Profitability,0.0515274823067007,0.168732695478889,0.2006611392236638,0.051993866278469
STAA,Cash Ratio,Liquidity,0.0,0.0488665610770144,0.8064738469828191,0.6349177247714279
STAA,Current Ratio,Liquidity,1.4438746106873972,1.8088311720451395,2.5819704427967647,2.0865950795452117
STAA,DER,Solvency,1.2785426793675394,0.7774004454225872,0.4086001949867487,0.3216393264391621
STAA,Debt Ratio,Solvency,0.4934496768370822,0.363386520283072,0.2495920314686596,0.2151986113794858
STAA,GPM,Profitability,0.27247179852648,0.3860062679302234,0.3383484565577274,0.266591942293207
STAA,Interest Coverage Ratio,Solvency,3.835191431525808,8.795016019571515,12.071388714514892,9.634862906402589
STAA,NPM,Profitability,0.0975335797525515,0.1830789677629879,0.1840363195581204,0.1290168529068241
STAA,Operating Margin,Profitability,0.1955376697184812,0.2820050238616433,0.2741447780214138,0.1946107631478916
STAA,Quick Ratio,Liquidity,1.0127844740907863,1.22587358938824,1.972925916155431,1.6543115538616362
STAA,ROE,Profitability,0.2090321659712114,0.393358755796464,0.2597446682143584,0.1525406401078441
STAA,ROI,Profitability,0.0919467182372823,0.2219451284224684,0.1846802544797637,0.115653897891523
STAR,Current Ratio,Liquidity,303.2819009995897,312.7881710835956,486.71739314424144,460.9874508931249
STAR,DER,Solvency,0.0011184026764054,0.0017865845093493,0.0007201876188119,0.0013388889679616
STAR,Debt Ratio,Solvency,0.0011145383374111,0.0017793144896992,0.0007184000145068,0.0013350069122607
STAR,GPM,Profitability,0.0271433409016261,0.1751218607700846,0.2087459552876076,0.1234277858953111
STAR,Interest Coverage Ratio,Solvency,-0.6284480698671188,-1.9206564940834072,-76.99050950597622,-49.32956421627989
STAR,NPM,Profitability,1.9749137689935528,2.698044141136598,0.3864571976715995,0.5762022294456169
STAR,Operating Margin,Profitability,-1.7213390605705656,-0.7733676819084416,-0.6408392365565231,-0.7570482643445122
STAR,ROE,Profitability,0.0117137635865837,0.0207612771565813,0.0034437294123844,0.005344345737147
STAR,ROI,Profitability,0.0117137635865837,0.0207612771565813,0.0034437294123844,0.005344345737147
STRK,Cash Ratio,Liquidity,0.0,0.0,0.0,12.277094955639214
STRK,Current Ratio,Liquidity,0.6823820842669442,0.5909510181082416,0.9419822152539374,18.03718716952961
STRK,DER,Solvency,-0.9347280118317164,-0.9476217907327412,-1.659564829763025,0.0317309588081922
STRK,Debt Ratio,Solvency,1.12842994618294,1.2611986872785454,1.359924733734954,0.0293644111208318
STRK,GPM,Profitability,0.3270523999071623,0.6144829192880451,0.6701333156036329,0.6273292547379208
STRK,Interest Coverage Ratio,Solvency,-0.427091017569274,0.1900578121500131,3.136985911437732,19.58925905447784
STRK,NPM,Profitability,-1.2249576137752771,-0.7143595550514223,0.1472830376856237,0.2794757571090136
STRK,Operating Margin,Profitability,-0.3506298396366464,0.1697529436537985,0.4458589152724909,-0.1256165343549184
STRK,Quick Ratio,Liquidity,0.6302015005284128,0.5418732667437779,0.8232987985731314,17.10771759988917
STRK,ROE,Profitability,0.1652302027240398,0.138283428956893,-0.1416936609427253,0.0718110443039554
STRK,ROI,Profitability,2.5314105998739462,2.6400946288809624,0.2183324345638383,0.0702298374368502
STTP,Cash Ratio,Liquidity,0.0602110225242107,0.0729954408934665,0.069154745028032,0.0821328516034714
STTP,Current Ratio,Liquidity,2.405043565857284,4.164852707345551,4.8528735034640125,6.954331055585155
STTP,DER,Solvency,0.0769016209039391,0.0033641325553762,0.0,0.0
STTP,Debt Ratio,Solvency,0.0589128881231136,0.0028065181454808,0.0,0.0
STTP,GPM,Profitability,0.2782411168315543,0.2433665821211336,0.2088107643056375,0.3012299542408318
STTP,NPM,Profitability,0.1634201214776454,0.1455744581721299,0.1266289389775538,0.1925005187270912
STTP,Operating Margin,Profitability,0.2085627665912677,0.1728409585941365,0.1452051071349362,0.2086263459657185
STTP,Quick Ratio,Liquidity,1.9396806325528475,3.450164149678363,4.107559104947197,6.160464560871546
STTP,ROE,Profitability,0.2378928121688553,0.1888618221014948,0.1602427369680442,0.1905493508724063
STTP,ROI,Profitability,0.2209048696288253,0.1882285961533226,0.1602427369680442,0.1905493508724063
SULI,Current Ratio,Liquidity,0.170526300455816,0.261440867101854,0.5520204698342465,0.2579087182793285
SULI,DER,Solvency,-3.0152840916572985,-3.6586012799381096,0.4121996685310933,1.0890651462655538
SULI,Debt Ratio,Solvency,0.6403897201437163,0.5914839923680404,0.1493218758915417,0.1841307029527272
SULI,GPM,Profitability,-0.0585034869183516,0.1309232172472302,0.2049624639463803,-0.0101656026201185
SULI,Interest Coverage Ratio,Solvency,-7.77523973424225,2.274464419697323,15.460531447518267,-10.893518944955868
SULI,NPM,Profitability,-0.4008899549065322,0.0481748272727401,0.2571796875667469,-0.9108914555180662
SULI,Operating Margin,Profitability,-0.2082148242593036,-0.0101618532261696,0.0785009113373993,-0.3686252546107161
SULI,Quick Ratio,Liquidity,0.0739155980792241,0.1553558746282887,0.1450689957457434,0.1291203446864786
SULI,ROE,Profitability,1.1650499532519936,-0.2371571625131136,0.6790706635845338,-1.5757576771500956
SULI,ROI,Profitability,-0.604328382017342,0.092321267072048,0.4900252444629937,-0.7674309020062842
SUPR,Current Ratio,Liquidity,0.8391967303034952,0.7156760587788329,0.3392504710362237,0.2812952065655764
SUPR,DER,Solvency,4.120450281011852,2.5017528499471675,0.7769223263437833,0.4542415618895148
SUPR,Debt Ratio,Solvency,0.6694423888187346,0.6007027872558035,0.3706853553840201,0.2624495957850534
SUPR,GPM,Profitability,0.6173469201951356,0.7115091054039928,0.765285657619699,0.7541146407270286
SUPR,Interest Coverage Ratio,Solvency,2.2501511976258457,3.7189918750401,5.602211079355843,6.517097675700144
SUPR,NPM,Profitability,0.0986655054675725,-0.0332153962133272,0.4958768854027815,0.5963453016117141
SUPR,Operating Margin,Profitability,0.4992765916933685,0.6229242785885118,0.6924322271809399,0.7000536445244268
SUPR,Quick Ratio,Liquidity,0.8129134185853008,0.6977531360115887,0.3353493637108007,0.2795911438684363
SUPR,ROE,Profitability,0.1046311922880218,-0.0246816449371021,0.2043936393123276,0.1975500582494083
SUPR,ROI,Profitability,0.0211795011018589,-0.007358253261614,0.1177478904943348,0.1358604358207855
SURE,Cash Ratio,Liquidity,6.306922588942872,0.0,0.0,0.0
SURE,Current Ratio,Liquidity,7.029783570244561,7.274110314088601,4.422061733971379,2.290217099980405
SURE,DER,Solvency,4.090493748984401,8.805198379897424,-19.732887173833525,-3.1492609485293963
SURE,Debt Ratio,Solvency,0.3779512640595234,0.399658511519431,0.4455565294445025,0.431295098501928
SURE,GPM,Profitability,0.344933934780271,0.1863890989499071,0.1551947605550134,-0.023651690406497
SURE,Interest Coverage Ratio,Solvency,0.5530414639382333,-0.7752338550163413,-1.3355474822262734,-2.713117803086833
SURE,NPM,Profitability,-0.0583099821412148,-0.1670212595645211,-0.1786213278089335,-0.3851719473708599
SURE,Operating Margin,Profitability,0.1016068505750328,-0.1004038412512615,-0.1511570793301138,-0.4171528110378418
SURE,Quick Ratio,Liquidity,7.001815485131647,7.186871355251906,4.363989902903587,2.249615014406521
SURE,ROE,Profitability,-0.1935674118213982,-1.2517778681312128,3.078570736454805,0.8706808760669853
SURE,ROI,Profitability,-0.0396494978990361,-0.129888764291879,-0.1820264472876764,-0.4651414765463024
SURI,Current Ratio,Liquidity,1.187231216855501,1.241983242931434,1.516127637321931,5.193162564784346
SURI,DER,Solvency,0.3146328477582665,0.0759421198591289,0.0,0.0
SURI,Debt Ratio,Solvency,0.0951407803731241,0.0327756862047389,0.0,0.0
SURI,GPM,Profitability,0.166818149384108,0.1645275970776365,0.1645946653278053,0.1827556846413609
SURI,NPM,Profitability,0.0919784785741772,0.078156189317458,0.109574143780736,0.0669173567456958
SURI,Operating Margin,Profitability,0.1075835019512407,0.102038491305791,-0.0552611618181206,0.011879433885116
SURI,Quick Ratio,Liquidity,1.0091316212034336,0.8084310000723303,0.6199600491062404,4.011156123886223
SURI,ROE,Profitability,0.4314462898627222,0.2833752811215579,0.0988585173328134,0.0157783969403443
SURI,ROI,Profitability,0.328187668974217,0.2633740940996527,0.0988585173328134,0.0157783969403443
TAMU,Current Ratio,Liquidity,1.4903000486845168,1.990305258914872,1.5745351932366247,1.2116897848330797
TAMU,DER,Solvency,0.7868869953294302,0.8609780732782526,0.874166309918047,0.8739559586135448
TAMU,Debt Ratio,Solvency,0.3857638366155044,0.4362071554625755,0.4279612356456493,0.4033617238874571
TAMU,GPM,Profitability,0.1427957606964468,0.0221966263891183,0.0336455044457631,0.0945012840945438
TAMU,Interest Coverage Ratio,Solvency,0.5982599144442727,-0.3383384162856709,-0.2710978095441078,0.5228081675944118
TAMU,NPM,Profitability,-0.0610498053913322,-0.3891695348452941,-0.4338060322932318,-0.4454513589870621
TAMU,Operating Margin,Profitability,0.0701080665788833,-0.0906969937737965,-0.2297863729733492,-0.0899048877940122
TAMU,ROE,Profitability,-0.0231094261958426,-0.1237194892237609,-0.1575476266277622,-0.1927006122410898
TAMU,ROI,Profitability,-0.0129327854846143,-0.0664808957183572,-0.0840627780971323,-0.1028309183870363
TAPG,Cash Ratio,Liquidity,0.4918725230347318,0.3796284581580714,0.0,0.4201085274959129
TAPG,Current Ratio,Liquidity,1.3440849651343625,1.5418138825542862,1.757174706062716,1.2486405981470268
TAPG,DER,Solvency,0.6748024312068569,0.4451526775470437,0.2331173961162833,0.1029102648376526
TAPG,Debt Ratio,Solvency,0.354205665869034,0.2687162460632961,0.1608229421695698,0.0808443580611113
TAPG,GPM,Profitability,0.2644995950271422,0.2573681656125565,0.3976039738740232,0.2663136071868379
TAPG,Interest Coverage Ratio,Solvency,3.5551724503012103,8.931561328717347,27.22989589789191,11.642094461076574
TAPG,NPM,Profitability,0.1730165587846826,0.1846150513457605,0.3189850755020442,0.1931586388333159
TAPG,Operating Margin,Profitability,0.1751624876442923,0.176580006476458,0.3304925793747053,0.1678056644295076
TAPG,Quick Ratio,Liquidity,0.8928770003846089,0.9179390752151912,1.1396375227216935,0.6334322484327948
TAPG,ROE,Profitability,0.1408384689419476,0.154266213421143,0.2974790538171931,0.147624687705303
TAPG,ROI,Profitability,0.0853383379767912,0.1072132082569921,0.2412905391853498,0.1338501348765969
TARA,Cash Ratio,Liquidity,0.0,0.7928605597068766,0.6228391563362962,0.6067414039816453
TARA,Current Ratio,Liquidity,0.2571470539390622,1.5991815187538805,1.479280556339977,1.3209212371008414
TARA,GPM,Profitability,0.7052839366021785,0.5910580242821398,0.5901200906986909,0.5901200906986909
TARA,NPM,Profitability,-1.420087055440922,0.4289754760961139,-1.1391132079968556,-0.7550862115358102
TARA,Operating Margin,Profitability,-0.1696757026734829,0.4705632983920719,-1.3208619638965238,-0.8290001648872235
TARA,Quick Ratio,Liquidity,0.0831831771860143,0.9385335016455304,0.8084103459317575,0.7379280019828612
TARA,ROE,Profitability,-0.0122655446981023,0.0194727644441965,-0.002958461183089,-0.0025559075094335
TARA,ROI,Profitability,-0.0122655446981023,0.0194727644441965,-0.002958461183089,-0.0025559075094335
TAXI,Cash Ratio,Liquidity,0.0002173995680381,0.0,0.0,0.0
TAXI,Current Ratio,Liquidity,0.2748034698298768,7.198354791785086,7.684298011434581,0.0
TAXI,DER,Solvency,-1.214635443601216,0.0,0.0,0.0
TAXI,Debt Ratio,Solvency,2.5921812490261344,0.0,0.0,0.0
TAXI,GPM,Profitability,-3.4302620683277785,-2.09367097426278,-1.929958039738118,0.0
TAXI,Interest Coverage Ratio,Solvency,-13.05083206113464,-1344.7753996352324,-611.6795179707581,0.0
TAXI,NPM,Profitability,-2.4662460609998296,25.97240309560941,-5.050737255231805,0.0
TAXI,Operating Margin,Profitability,-4.278410124320189,-3.451616749466926,-4.923510363221484,0.0
TAXI,Quick Ratio,Liquidity,0.27293734665727,7.115923778479056,7.587229277039545,0.0
TAXI,ROE,Profitability,0.1023173653160517,2.444072896928223,-0.2381173447032657,0.0
TAXI,ROI,Profitability,-0.4767030253686962,2.444072896928223,-0.2381173447032657,0.0
TBIG,Cash Ratio,Liquidity,0.0040795838197411,0.0142307817739262,0.0045828558570387,0.0
TBIG,Current Ratio,Liquidity,0.2342446687718774,0.3582899343901665,0.4085391436613031,0.344588142349275
TBIG,DER,Solvency,2.7915876836835145,3.1732685156696787,2.8674622571321664,2.562277031411904
TBIG,Debt Ratio,Solvency,0.6657440727128493,0.7027637520364907,0.6865852334429177,0.6390677552788409
TBIG,GPM,Profitability,0.7948331818918108,0.7616700412196031,0.7266670539327251,0.7135222557447356
TBIG,Interest Coverage Ratio,Solvency,1.8183971614713383,2.074408967250573,2.430805165318575,2.3943847712027253
TBIG,NPM,Profitability,0.1895052432677658,0.2506600767948134,0.250994234078422,0.2349631699932762
TBIG,Operating Margin,Profitability,0.7117891078101594,0.6964294036621236,0.652549541572526,0.6336072776063169
TBIG,Quick Ratio,Liquidity,0.2256575686992683,0.3314402440579074,0.3373156059303071,0.309246077994047
TBIG,ROE,Profitability,0.1159198464421548,0.1670453556489687,0.158535195777891,0.1331991189416783
TBIG,ROI,Profitability,0.0310109856214994,0.0407419949827882,0.0416803462811738,0.0381910641192364
TBLA,Current Ratio,Liquidity,1.490648418531019,1.4969763304411836,1.1991629540763291,0.0
TBLA,DER,Solvency,1.6480824328216497,1.5014215813882332,1.5667658670956668,0.0
TBLA,Debt Ratio,Solvency,0.49855179477763,0.4617578329594403,0.4513734767659765,0.0
TBLA,GPM,Profitability,0.2415359630666901,0.1965734122303379,0.2095736660402075,0.0
TBLA,NPM,Profitability,0.0624148966019027,0.0497563393833391,0.0482925773041672,0.0
TBLA,Operating Margin,Profitability,0.1679995389964114,0.1247003546658773,0.1331165455163944,0.0
TBLA,Quick Ratio,Liquidity,0.9804920125719008,1.012981571908698,0.6405564563228594,0.0
TBLA,ROE,Profitability,0.1153493668900571,0.1225599630370332,0.1173996535878205,0.0
TBLA,ROI,Profitability,0.0436441120367243,0.0491709750308742,0.0458865840215412,0.0
TCID,Cash Ratio,Liquidity,2.750763288806404,2.7030470405578413,2.19445593373768,3.4228582483612726
TCID,Current Ratio,Liquidity,9.221651602569684,8.1281267745592,7.214853344640213,9.352054208548566
TCID,DER,Solvency,0.0068522099160371,0.0060596264199678,0.0018906531519544,0.0087278386131361
TCID,Debt Ratio,Solvency,0.0054764586848461,0.0047920561073707,0.0014730217862589,0.0068820385638648
TCID,GPM,Profitability,0.1671254658782193,0.1629881952961382,0.2012083942899281,0.1983023768912364
TCID,Interest Coverage Ratio,Solvency,-112.7411614533273,-148.83328696158026,14.414822264144057,1.3402828175537491
TCID,NPM,Profitability,-0.0516075475595286,-0.0409021012972812,0.0090314588639964,0.0185892102485461
TCID,Operating Margin,Profitability,-0.0603125793957534,-0.0534000019839932,0.0031128998249704,0.0008083466458864
TCID,Quick Ratio,Liquidity,5.610961051789865,5.312802437229118,4.390244614081495,6.608093541175506
TCID,ROE,Profitability,-0.0520721900003575,-0.0415943688356458,0.0099567837093053,0.0202124703726652
TCID,ROI,Profitability,-0.0520721900003575,-0.0415259013323188,0.0099567837093053,0.0202124703726652
TCPI,Current Ratio,Liquidity,0.8244254343755641,0.7987203250500037,0.8175085710032609,0.9005781257029739
TCPI,DER,Solvency,0.6342688476496127,0.6233645184367165,0.5509943790323627,0.514445274203821
TCPI,Debt Ratio,Solvency,0.3085617345472422,0.3152162613230236,0.3021119489912163,0.2881747198050411
TCPI,GPM,Profitability,0.1842602824258775,0.1930484807242392,0.2129380575167607,0.2611575254822566
TCPI,NPM,Profitability,0.0335631870497402,0.0471292992879582,0.0617849295644067,0.0993462913785396
TCPI,Operating Margin,Profitability,0.1193953723104005,0.1291245244127316,0.1407750616990429,0.1797309792373289
TCPI,Quick Ratio,Liquidity,0.8019715261971163,0.7621302084969579,0.7645323279170485,0.836184595312008
TCPI,ROE,Profitability,0.0419222544956445,0.0546920036949832,0.0705061467163423,0.0922618381453724
TCPI,ROI,Profitability,0.0257423454014622,0.03371693871006,0.0454586732676167,0.0609458374596206
TDPM,Current Ratio,Liquidity,1.0316481170398508,1.0342466378816466,0.6083898188255388,0.0
TDPM,DER,Solvency,0.9499627487641716,1.669215701414176,5.078056239766939,0.0
TDPM,Debt Ratio,Solvency,0.404117296099597,0.5444272678089752,0.6709328443965844,0.0
TDPM,GPM,Profitability,0.1768476956616033,0.1166300028611443,0.1176483783204903,0.0
TDPM,Interest Coverage Ratio,Solvency,0.5485135824467426,-16.574156713385126,-39.28076382896212,0.0
TDPM,NPM,Profitability,-0.0176181064335471,-0.9888959220674768,-0.7782560913078406,0.0
TDPM,Operating Margin,Profitability,0.129109062060961,-0.3934999738319168,-0.7649719954236694,0.0
TDPM,Quick Ratio,Liquidity,0.9570141590771638,0.8812715962118827,0.4194044434941805,0.0
TDPM,ROE,Profitability,-0.0235780326806397,-1.1455769081444036,-2.550160786807533,0.0
TDPM,ROI,Profitability,-0.0121260696497181,-0.4317662230338875,-0.4230207361333903,0.0
TEBE,Cash Ratio,Liquidity,0.4092286495739723,1.7103769480400504,1.28941809755267,6.671527831259313
TEBE,Current Ratio,Liquidity,1.054041415827722,2.5068299360410013,1.933661343083273,9.44516608396544
TEBE,DER,Solvency,0.1933353835459726,0.1079050036886177,0.1285743492302244,0.0
TEBE,Debt Ratio,Solvency,0.1507345265778156,0.0881138853698549,0.103300916328571,0.0
TEBE,GPM,Profitability,0.1895032119184607,0.5382112298119535,0.5912894345966703,0.5213592316455681
TEBE,Interest Coverage Ratio,Solvency,0.6352520472232499,16.565528149870584,54.89671134978764,61.97782712707739
TEBE,NPM,Profitability,-0.0125780692745374,0.3667673881349393,0.4162799518206944,0.3481796756108867
TEBE,Operating Margin,Profitability,0.0664396203749036,0.4650595055323379,0.5346877798208444,0.4514104399340187
TEBE,Quick Ratio,Liquidity,1.0083615749721926,2.4641175572405296,1.9041947283094465,9.246553954212557
TEBE,ROE,Profitability,-0.0038290240027094,0.2034469057991942,0.3109913596623047,0.2039705444227727
TEBE,ROI,Profitability,-0.0032102088608984,0.1836320849909024,0.2755612511257455,0.2039705444227727
TECH,Cash Ratio,Liquidity,4.466523504374901,12.601369987703748,8.273131496071295,0.0
TECH,Current Ratio,Liquidity,9.214318744811932,24.080912760029108,13.98147482121572,0.0
TECH,GPM,Profitability,0.7876968303972702,0.8195534457635741,0.937382424676404,0.0
TECH,Interest Coverage Ratio,Solvency,14.191482230071118,196.85372213812076,160.99386456560126,0.0
TECH,NPM,Profitability,0.0770625354751945,0.2967010142818993,0.1685918229874707,0.0
TECH,Operating Margin,Profitability,0.109502861998999,0.2511167000046534,0.1703579715869764,0.0
TECH,Quick Ratio,Liquidity,9.20833757539542,24.069981606606703,13.979702488434198,0.0
TECH,ROE,Profitability,0.0312479561854592,0.1105471453187903,0.047736796330899,0.0
TECH,ROI,Profitability,0.0312479561854592,0.1105471453187903,0.047736796330899,0.0
TELE,Current Ratio,Liquidity,0.0470630350186671,0.2268290103503294,0.1004122813618723,0.0231976488767023
TELE,DER,Solvency,-0.960293157707596,-0.9405891493448508,-0.8728750699322096,-0.8574219032876145
TELE,Debt Ratio,Solvency,12.231918881548625,17.81619987339699,29.821084082770483,29.815514853465068
TELE,GPM,Profitability,-0.0110981190390219,0.008279689096148,0.0080710591166355,0.0083641533267434
TELE,Interest Coverage Ratio,Solvency,-6.213687428896473,-2.9203202866901843,-8.815414546542952,-1.95992932626596
TELE,NPM,Profitability,-0.6098959337402738,-0.080662239450689,-0.1193937588575658,-0.0294878169407945
TELE,Operating Margin,Profitability,-0.1074319697045691,-0.0424448543648705,-0.106034428286439,-0.0280054198287286
TELE,Quick Ratio,Liquidity,0.0313581413977137,0.1079243704047709,0.0439359163181715,0.0129190589447213
TELE,ROE,Profitability,0.6189229623961701,0.0333455715410489,0.071758151090031,0.0190231212444697
TELE,ROI,Profitability,15.546605265549733,0.5612707304024924,0.5644695422980014,0.1334224658843916
TFAS,Cash Ratio,Liquidity,0.0274464203970833,0.0,0.0,0.0
TFAS,Current Ratio,Liquidity,3.414655764153787,2.973127499523963,3.179005556781373,3.6039790498131823
TFAS,DER,Solvency,0.3514265681113152,0.3426491997638587,0.3347265221351323,0.3176100473208746
TFAS,Debt Ratio,Solvency,0.2435861485152083,0.2266756174819321,0.2331277735362681,0.2297747902238117
TFAS,GPM,Profitability,0.0782863263997355,0.0666032769600317,0.053927492065449,0.0591840099371697
TFAS,Interest Coverage Ratio,Solvency,2.338421671647881,1.6793895404874342,1.0046720458377576,0.8901519960263805
TFAS,NPM,Profitability,0.0114079605393497,0.0413096623150784,0.0017576486598107,0.0014063099466614
TFAS,Operating Margin,Profitability,0.0255838972201618,0.0161476512704109,0.0078987867632759,0.0124578686795225
TFAS,Quick Ratio,Liquidity,1.8773334519002332,2.0450339629467686,2.1544070128498345,2.192158732048915
TFAS,ROE,Profitability,0.0417715799939375,0.1463383509479321,0.0073285698926021,0.0048081082902939
TFAS,ROI,Profitability,0.0313079277925495,0.1101946665797468,0.0055237528557896,0.0036642605529156
TFCO,Cash Ratio,Liquidity,1.88597785183461,2.0592189913394323,0.7916200437629136,1.5611329516502035
TFCO,Current Ratio,Liquidity,5.189794020902316,5.492016489108537,4.7659450109708015,5.859210942001673
TFCO,DER,Solvency,0.0217701478955177,0.0095952288272284,0.0070008532397364,0.0053931858060932
TFCO,Debt Ratio,Solvency,0.0198728716992986,0.0087087696602215,0.0064337658105425,0.0049910101961867
TFCO,GPM,Profitability,0.0278402965041118,0.0959206637958398,0.0377465288899852,0.0244136114108623
TFCO,Interest Coverage Ratio,Solvency,-16.006917880686906,329.80053212771065,28.31040789498752,26.24134176473052
TFCO,NPM,Profitability,-0.0057655153551382,0.0632808717344413,0.0151496875064158,0.0168175942324836
TFCO,Operating Margin,Profitability,-0.0053480303474857,0.078265669747179,0.0207159992252386,0.0015300647102149
TFCO,Quick Ratio,Liquidity,3.816217607295752,4.118800564831621,2.718398074102765,3.607121586706391
TFCO,ROE,Profitability,-0.0029586107285696,0.0446472897514457,0.0111248746112653,0.0106243326509215
TFCO,ROI,Profitability,-0.0028955736617118,0.0442537894843363,0.0110505683659814,0.0105673410173387
TGKA,Cash Ratio,Liquidity,0.1052413505912131,0.0551561798501076,0.0921774569346717,0.069526083619933
TGKA,Current Ratio,Liquidity,2.180996613214365,2.327777639824028,2.056845790539187,1.96380726689306
TGKA,DER,Solvency,0.0321352151908374,0.0258293152348469,0.0259672456877543,0.0777240609892153
TGKA,Debt Ratio,Solvency,0.015280760607224,0.0133591952616201,0.0122590544232142,0.0356114293323311
TGKA,GPM,Profitability,0.1346956903214441,0.1270835764404486,0.1086199845902868,0.0977437582401574
TGKA,NPM,Profitability,0.0383187004240391,0.040339719068939,0.0368435316153021,0.0321627486297631
TGKA,Operating Margin,Profitability,0.0479747205152164,0.0497975790102426,0.0432052974029185,0.0371321595466897
TGKA,Quick Ratio,Liquidity,1.7231593232524554,1.6418282929228882,1.49758426835707,1.4787058974508305
TGKA,ROE,Profitability,0.2993495275707724,0.2732632029519523,0.2423565668290358,0.2184645432548677
TGKA,ROI,Profitability,0.2993495275707724,0.2732632029519523,0.2423565668290358,0.2118160621437479
TGRA,Cash Ratio,Liquidity,0.0,0.0,0.4075481094006261,0.0
TGRA,Current Ratio,Liquidity,0.6396722102201519,1.0561099416320188,0.9874976284806496,0.4548481632326398
TGRA,DER,Solvency,0.0242776264663627,0.0283916997820908,0.0643527372952569,0.065346537553456
TGRA,Debt Ratio,Solvency,0.0168941839364452,0.0191729739503454,0.0429958370162378,0.0433311829826198
TGRA,GPM,Profitability,0.3200779900178789,0.51905070849622,0.506339046277969,0.2947622445686778
TGRA,Interest Coverage Ratio,Solvency,-4.3805533614532415,6.078304027316984,0.035407861527143,-6.35683377209785
TGRA,NPM,Profitability,0.1465652175713795,0.1589967747409238,0.4292376868018073,-8.6103292753079
TGRA,Operating Margin,Profitability,-1.0048946358749449,0.2830105681736677,0.0053486243001201,-7.146905739354181
TGRA,ROE,Profitability,0.0058979463645409,0.0195052524082943,0.0183715330956041,-0.026870811957909
TGRA,ROI,Profitability,0.0057581520987509,0.0189667540222537,0.0172607561871734,-0.0252226022338396
TIFA,Cash Ratio,Liquidity,0.0,0.0,0.0,0.7345106583393974
TIFA,Current Ratio,Liquidity,0.0,0.0,0.0,31.82373357471242
TIFA,DER,Solvency,1.8390751646388288,0.2858323187222896,0.403575840612411,0.5075780347405132
TIFA,Debt Ratio,Solvency,0.6084548231580347,0.2114371313608855,0.2747203151662533,0.3239794347049329
TIFA,Free Cash Flow,Liquidity,328061382000.0,-196176126000.0,-203868267000.0,0.0
TIFA,GPM,Profitability,0.0,0.0,0.71736175841999,0.6132335075610839
TIFA,NPM,Profitability,0.1596429552060402,0.2854143747362579,0.3777937361392339,0.3621744730538114
TIFA,Operating Margin,Profitability,0.0,0.0,0.5964550643573345,0.5039315708259243
TIFA,ROE,Profitability,0.0407599932852421,0.0258761975680694,0.0521998001761128,0.0520929387778233
TIFA,ROI,Profitability,0.0407599932852421,0.0258761975680694,0.0521998001761128,0.0347096171228703
TINS,Cash Ratio,Liquidity,0.0153448368460222,0.013629992314443,0.0357259934083579,0.1848953428746922
TINS,Current Ratio,Liquidity,1.1180016248477238,1.3056732424784423,2.212179815598911,1.3859494224610156
TINS,DER,Solvency,1.419172998158498,0.809301348636106,0.4260247167239285,0.5781574887893526
TINS,Debt Ratio,Solvency,0.4829070031754341,0.3475092793276205,0.2295793609783931,0.2807760231106822
TINS,GPM,Profitability,0.0735990057820791,0.2354509682787085,0.2020135158337969,0.0555226601057423
TINS,NPM,Profitability,-0.0223842959835646,0.0891897537092311,0.0832900881992806,-0.0535861515147868
TINS,Operating Margin,Profitability,0.009599841745323,0.1451539374641054,0.1095916867617587,-0.0444291148603052
TINS,Quick Ratio,Liquidity,0.6173781982263074,0.7520125782845204,1.0502711838455694,0.7195002212321602
TINS,ROE,Profitability,-0.0689473195183228,0.2065232295931106,0.1479038444087298,-0.0720419566819079
TINS,ROI,Profitability,-0.028500367510222,0.1141452913572372,0.1037175882536707,-0.0456494090061779
TIRT,Current Ratio,Liquidity,0.3385996614063463,0.2690892069037901,0.3274310055587523,83.43233509613944
TIRT,DER,Solvency,-1.7651674343099608,-1.4909539330781725,-1.3846968489556493,-1.3139436642658415
TIRT,Debt Ratio,Solvency,1.7454788647691308,2.715087934316083,3.306021403829016,3.863043210143856
TIRT,GPM,Profitability,-1.7369431030527318,-5.98125726039775,-29.413184464200494,-1305.6317954145218
TIRT,Interest Coverage Ratio,Solvency,-16.839129082405442,-5.3798383401938,-3.6735202183407054,-33.68213000596038
TIRT,NPM,Profitability,-2.4538065662215223,-8.070679255492053,-93.33122967925635,-1491.88858374609
TIRT,Operating Margin,Profitability,-2.1967747402493765,-6.7315250271497336,-35.877328621632564,-1579.9159959271956
TIRT,Quick Ratio,Liquidity,0.0695737006748114,0.0979191504670738,0.1019614293893637,6.948100430150961
TIRT,ROE,Profitability,1.0616813578468016,0.2457842344731376,0.1434561576388386,0.052485019330578
TIRT,ROI,Profitability,-1.3875150852495983,-0.5006258589927673,-0.3729070254364816,-0.1671797373369978
TKIM,Cash Ratio,Liquidity,0.1889310203596295,0.1470747978038845,0.1745123907902279,0.1994428785706044
TKIM,Current Ratio,Liquidity,1.3823640159071993,1.188578133301848,1.2253415640942178,1.2353821556313769
TKIM,DER,Solvency,0.8579550776122828,0.6447354502469935,0.464678038156571,0.4127004554051697
TKIM,Debt Ratio,Solvency,0.4232686331614141,0.3585491900234675,0.2908052623562132,0.2727278015733321
TKIM,GPM,Profitability,0.1380374930896424,0.1370938222027431,0.1380840911058392,0.1321600917832737
TKIM,Interest Coverage Ratio,Solvency,0.7883144392578355,1.0792425281507865,1.462917225319314,1.3404885896947374
TKIM,NPM,Profitability,0.171196821985728,0.2424323472193616,0.4051659987425596,0.1601867700221822
TKIM,Operating Margin,Profitability,0.0473793731454562,0.0486305454879111,0.0552373090776176,0.059842582745564
TKIM,Quick Ratio,Liquidity,0.9499861274425612,0.7718342287029931,0.8163115398685882,0.8759646606998632
TKIM,ROE,Profitability,0.0978375148239658,0.1412475132880559,0.2088411501058302,0.0721060980026559
TKIM,ROI,Profitability,0.0528364308996982,0.0860295579607182,0.1426198692383151,0.0510420938374061
TLDN,Cash Ratio,Liquidity,0.2279771500999388,0.1162185559356479,0.2167685848549821,0.154267202886405
TLDN,Current Ratio,Liquidity,0.7897359988333873,0.7974134525269202,1.1549985930762627,0.9552073621189328
TLDN,DER,Solvency,2.351404967725536,1.471592144058514,0.8393548312562069,0.607226000871532
TLDN,Debt Ratio,Solvency,0.5319972283781145,0.4467286838288885,0.3502259047899492,0.2752144750506973
TLDN,GPM,Profitability,0.2819935547945068,0.3992149156015227,0.3449934869196562,0.2671054315879677
TLDN,Interest Coverage Ratio,Solvency,2.2394560737416667,4.366309136641492,5.943299758078198,6.727096947985343
TLDN,NPM,Profitability,0.085575030457427,0.1784187873192501,0.1588557391878527,0.11274775721088
TLDN,Operating Margin,Profitability,0.2022963355705832,0.3139827741741576,0.2308380664246056,0.1769027468495729
TLDN,Quick Ratio,Liquidity,0.6008597355576032,0.4325406496229753,0.7480245053695046,0.6618869695768963
TLDN,ROE,Profitability,0.2114084146561564,0.3777141276424369,0.2632936522166859,0.183785667032945
TLDN,ROI,Profitability,0.0646847736546819,0.1574688271406104,0.1553685043959458,0.1320961922490844
TLKM,Cash Ratio,Liquidity,0.2058540145985401,0.2036392750564087,0.1532284473553072,0.2011728317308365
TLKM,Current Ratio,Liquidity,0.6792554744525547,0.8921755586287211,0.7841247241403858,0.7785475360736729
TLKM,DER,Solvency,0.6322113036513177,0.5638283003510618,0.4863879774654863,0.5015710745264649
TLKM,Debt Ratio,Solvency,0.2632334579233994,0.2483324763360105,0.2287085587863924,0.2372745924519874
TLKM,GPM,Profitability,0.7069851297573416,0.6975490538370226,0.7038545612534453,0.6911792301093717
TLKM,Interest Coverage Ratio,Solvency,9.55193394176445,10.845015930814748,9.741476575913662,9.481031543052003
TLKM,NPM,Profitability,0.1542870125396674,0.1737099364569513,0.1407681968147937,0.1637022839373793
TLKM,Operating Margin,Profitability,0.3218465777921097,0.308435165142099,0.3115826918116031,0.3033789942097362
TLKM,Quick Ratio,Liquidity,0.6649051094890511,0.8808355775529515,0.767836548729266,0.7645939175099019
TLKM,ROE,Profitability,0.2056381503116025,0.2045284508061267,0.1604655481953816,0.1801720068448693
TLKM,ROI,Profitability,0.1383007377528429,0.1427071740801505,0.1194442524365798,0.1332805892784067
TMAS,Cash Ratio,Liquidity,0.0031014689886331,0.0802358130545673,0.7017066779692572,0.7646818159645128
TMAS,Current Ratio,Liquidity,0.4543474841548164,1.141729543127251,1.7620811290971066,2.216584814719817
TMAS,DER,Solvency,1.918706174886034,1.247167898354949,0.6977977882604286,0.4679807624909993
TMAS,Debt Ratio,Solvency,0.6033085399161854,0.4726952960046754,0.3459116112176085,0.2888058267173887
TMAS,GPM,Profitability,0.1575079281005746,0.2168975445684153,0.3618459976637612,0.2587117401091208
TMAS,Interest Coverage Ratio,Solvency,1.5633400245678162,7.4358896874302,13.835567604679207,10.722187087396954
TMAS,NPM,Profitability,0.0235194698267692,0.2064187300686818,0.2797596765510587,0.1817634550050584
TMAS,Operating Margin,Profitability,0.0930923450471191,0.1620633505858784,0.316329727019229,0.2177698131121559
TMAS,Quick Ratio,Liquidity,0.3880857068801658,1.0291185795051656,1.6305756200745098,1.976623021037078
TMAS,ROE,Profitability,0.0520414421881475,0.4530177502463051,0.625102263867805,0.3116839670432605
TMAS,ROI,Profitability,0.0219121823609514,0.2306316281505988,0.3969870633103612,0.2241854037832876
TOBA,Cash Ratio,Liquidity,0.0,0.0,0.0,0.0451937477196704
TOBA,Current Ratio,Liquidity,0.7319869057645588,1.7404632337106116,1.9807735254999277,1.6033853116477936
TOBA,DER,Solvency,1.660162853478337,1.3685990543372075,1.0877396173376657,1.2295018698141371
TOBA,Debt Ratio,Solvency,0.503459268164701,0.4543915696612082,0.4088324698528728,0.4252154721150749
TOBA,GPM,Profitability,0.1077022838662054,0.1681609657195854,0.2139321550666914,0.1273320446665305
TOBA,Interest Coverage Ratio,Solvency,2.6746859287351064,4.344259000458814,4.982840454106924,1.759936570644277
TOBA,NPM,Profitability,0.0740029497090015,0.1039234814573586,0.0909420075583395,0.0157731967600361
TOBA,Operating Margin,Profitability,0.0382962490158086,0.1197784719632267,0.1609523603406178,0.0226277256336567
TOBA,Quick Ratio,Liquidity,0.4825550017771337,1.6218217353761568,1.802490975645003,1.4405328197939582
TOBA,ROE,Profitability,0.1049397117501986,0.1687674472885576,0.1710563612976472,0.0241196664452577
TOBA,ROI,Profitability,0.0395752195853994,0.071364165558651,0.0820270869990214,0.0108794595950189
TOPS,Cash Ratio,Liquidity,0.0004343655888114,0.0003919201734512,0.0002988508634808,0.0
TOPS,Current Ratio,Liquidity,2.0007015733096982,1.835929229371304,1.4776143240419517,0.0
TOPS,DER,Solvency,1.0603079320004636,1.0584896471336949,1.17724053472331,0.0
TOPS,Debt Ratio,Solvency,0.3815189479478444,0.379815246667971,0.3699098653849762,0.0
TOPS,GPM,Profitability,0.0219449776916457,0.0514862027922863,0.1053339486250218,0.0
TOPS,Interest Coverage Ratio,Solvency,-1.2211048137298508,-1.823305565624624,-0.1076623500751364,0.0
TOPS,NPM,Profitability,-0.4231825258328507,0.0009454933965133,-0.1230829713468229,0.0
TOPS,Operating Margin,Profitability,-0.2782257926532868,-0.0847065950071863,-0.0873914475075962,0.0
TOPS,Quick Ratio,Liquidity,1.9598069877477875,1.794891555989665,1.446580969008553,0.0
TOPS,ROE,Profitability,-0.1599593307192865,0.0006768070728813,-0.1243652058451544,0.0
TOPS,ROI,Profitability,-0.0776385550115188,0.0003287881840084,-0.0571205633285525,0.0
TOTL,Cash Ratio,Liquidity,0.3445889512032613,0.5020216275433335,0.4931918749275264,0.2545367454673808
TOTL,Current Ratio,Liquidity,1.4909371551978454,1.5837723456687016,1.4850050575500533,1.3295127081887752
TOTL,DER,Solvency,0.001825441532511,0.0001295990657449,0.0,0.0
TOTL,Debt Ratio,Solvency,0.0007214499487791,5.866593285166771e-05,0.0,0.0
TOTL,GPM,Profitability,0.1191054087169529,0.1211665028243964,0.121270163996245,0.121643318137111
TOTL,NPM,Profitability,0.0474861863648022,0.0582655777362115,0.0402666875744626,0.057043811728931
TOTL,Operating Margin,Profitability,0.0427554964625293,0.0460277263712813,0.0433951115064913,0.0486501152034059
TOTL,Quick Ratio,Liquidity,0.0,0.0,1.4850050575500533,1.3120953239454924
TOTL,ROE,Profitability,0.0953495332222324,0.082361004935164,0.0737736548535403,0.1614478992759558
TOTL,ROI,Profitability,0.0953495332222324,0.082361004935164,0.0737736548535403,0.1614478992759558
TOTO,Cash Ratio,Liquidity,1.2648152280862297,0.6737159971125476,0.3638649402102135,0.4714968600611072
TOTO,Current Ratio,Liquidity,4.32540700454429,3.621830222751112,3.5717719698608565,3.6444509691839744
TOTO,DER,Solvency,0.1914693755155534,0.1428923973101459,0.1122960417073422,0.1042092884031303
TOTO,Debt Ratio,Solvency,0.1257481537739817,0.0939496899351921,0.078243017160522,0.073498940434031
TOTO,GPM,Profitability,0.1249103787616144,0.2036982790035629,0.2731483979426451,0.2404586565719555
TOTO,Interest Coverage Ratio,Solvency,0.7270287134171244,7.913163856863683,19.57934035870436,14.182021298364578
TOTO,NPM,Profitability,-0.0189171507941873,0.0855568161301404,0.1502406226985217,0.1140498022339118
TOTO,Operating Margin,Profitability,0.0045729209668954,0.0986257267634679,0.1801675281558682,0.1339017606375455
TOTO,Quick Ratio,Liquidity,2.885918632056645,2.1086261717916908,2.1098409242837546,2.1062619766004484
TOTO,ROE,Profitability,-0.0151141147368074,0.0736598267545292,0.1361021404174068,0.1030951905604078
TOTO,ROI,Profitability,-0.0144726382410679,0.072635749953042,0.1355136571548374,0.1026586050279785
TOWR,Cash Ratio,Liquidity,0.0,0.0,0.0,0.0008189653274361
TOWR,Current Ratio,Liquidity,0.4155368690752407,0.3381192292743817,0.2527421272090069,0.1821841048048448
TOWR,DER,Solvency,1.98903992893469,3.905307265889934,3.122944039429556,2.7325310432566265
TOWR,Debt Ratio,Solvency,0.5896950762856739,0.7137428114528214,0.6852887588682482,0.6572390343458375
TOWR,GPM,Profitability,0.7234202582901234,0.7290006677207839,0.7359059049534916,0.6995187109067067
TOWR,Interest Coverage Ratio,Solvency,4.112618584034136,4.112508649411535,2.9195428545039146,2.529948940336114
TOWR,NPM,Profitability,0.3809050012719218,0.396900714806332,0.3119005223978651,0.2770870021281316
TOWR,Operating Margin,Profitability,0.6407558143751614,0.6277251658474368,0.6451893635626357,0.6094475928944166
TOWR,Quick Ratio,Liquidity,0.0,0.0,0.2527421272090069,0.1815844081841715
TOWR,ROE,Profitability,0.2792976982560636,0.2848787178651943,0.2390200858743905,0.1976798437956509
TOWR,ROI,Profitability,0.1000748514721236,0.0606935301985098,0.0599706292404802,0.0533481956023374
TPIA,Cash Ratio,Liquidity,0.1296576921162334,0.623112924568496,1.318546018236482,0.7362043356229246
TPIA,Current Ratio,Liquidity,1.7389701243208888,3.140580747564657,3.754496999257837,3.4716060500023245
TPIA,DER,Solvency,0.4659774115512048,0.3675062197441497,0.5243616586715828,0.6354936527337858
TPIA,Debt Ratio,Solvency,0.2349281674883344,0.2155828289666056,0.2984019257299025,0.3100393413284146
TPIA,GPM,Profitability,0.0914072066446565,0.1337070443822238,-0.0045936598771026,0.0378854519494132
TPIA,NPM,Profitability,0.0284271198000048,0.058899599872114,-0.0627101251325699,-0.0155449338219906
TPIA,Operating Margin,Profitability,0.0450930114634054,0.098259782787719,-0.0487379177393523,-0.0129054988768164
TPIA,Quick Ratio,Liquidity,1.439526842036413,2.74672863997493,3.233287750356683,2.980668573707792
TPIA,ROE,Profitability,0.0283429121470175,0.0518904369065124,-0.0533022227259992,-0.0122578977573917
TPIA,ROI,Profitability,0.0193932106390748,0.038014129052348,-0.0350142128604142,-0.0075103004925447
TPMA,Cash Ratio,Liquidity,0.1880357297735745,0.4375932965759987,0.8135922005825655,0.7423818845499986
TPMA,Current Ratio,Liquidity,1.093579015194328,1.3683261142040906,1.66071274755835,1.7770520741505291
TPMA,DER,Solvency,0.2654063955923394,0.2131995893001123,0.1306476981202355,0.1946427184144507
TPMA,Debt Ratio,Solvency,0.1969645185616324,0.1655343162827417,0.1080773823876267,0.1533907507976767
TPMA,GPM,Profitability,0.1965882419573285,0.2233841976994294,0.3365589730197956,0.374349454165463
TPMA,NPM,Profitability,0.052439568361463,0.0942332081260302,0.2276401078953402,0.2958106905107009
TPMA,Operating Margin,Profitability,0.1067939651003621,0.1313783930792766,0.2760841125066877,0.2983718194295825
TPMA,Quick Ratio,Liquidity,1.0749389684568655,1.3212935769024674,1.6036777371202355,1.7406057972918765
TPMA,ROE,Profitability,0.0270777848211576,0.0513760246005739,0.1609371800092904,0.2128719243727025
TPMA,ROI,Profitability,0.0214869359823703,0.0424677776171733,0.1424939804305647,0.1791938511053888
TRAM,Current Ratio,Liquidity,0.381695315276608,0.0,0.0,0.0
TRAM,DER,Solvency,2.3678786751244942,0.0,0.0,0.0
TRAM,Debt Ratio,Solvency,0.5368404701474747,0.0,0.0,0.0
TRAM,GPM,Profitability,0.000267171034724,0.0,0.0,0.0
TRAM,NPM,Profitability,-0.2304638170842067,0.0,0.0,0.0
TRAM,Operating Margin,Profitability,-0.2332961833785279,0.0,0.0,0.0
TRAM,Quick Ratio,Liquidity,0.3075721129381544,0.0,0.0,0.0
TRAM,ROE,Profitability,-0.6684470727365537,0.0,0.0,0.0
TRAM,ROI,Profitability,-0.201820601991267,0.0,0.0,0.0
TRGU,Cash Ratio,Liquidity,0.0,0.0,0.0650614487923531,0.0
TRGU,Current Ratio,Liquidity,0.6228184496549792,0.7070649656583076,0.9655243731307332,0.851999862455539
TRGU,DER,Solvency,2.009011077312697,1.4908444500023788,1.6026364839075014,1.74642544318657
TRGU,Debt Ratio,Solvency,0.625214484493654,0.5047787243557358,0.4663616642412453,0.5477593481624866
TRGU,GPM,Profitability,0.0,0.0790257418856172,0.080443147126541,0.0368267972875859
TRGU,NPM,Profitability,0.0,-0.0045436885479386,0.0137526673680594,0.0002649208051742
TRGU,Operating Margin,Profitability,0.0,0.0280157445448019,0.0570469742277669,0.0252341825682688
TRGU,Quick Ratio,Liquidity,0.210369721482202,0.2261982050776615,0.4170842240433129,0.5331946911709912
TRGU,ROE,Profitability,0.0,-0.0231706534798793,0.0484064528406879,0.0015294468113345
TRGU,ROI,Profitability,0.0,-0.0093023285656626,0.0186287475340547,0.0005573313982867
TRIL,Current Ratio,Liquidity,7.662647169646584,0.0,0.0,0.0
TRIL,DER,Solvency,0.0177198475060774,0.0,0.0,0.0
TRIL,Debt Ratio,Solvency,0.0156368897497811,0.0,0.0,0.0
TRIL,GPM,Profitability,0.2019231787807284,0.0,0.0,0.0
TRIL,NPM,Profitability,-0.8891964293817874,0.0,0.0,0.0
TRIL,Operating Margin,Profitability,-0.8200268557970781,0.0,0.0,0.0
TRIL,Quick Ratio,Liquidity,2.243160215088305,0.0,0.0,0.0
TRIL,ROE,Profitability,-0.0478231584289867,0.0,0.0,0.0
TRIL,ROI,Profitability,-0.0478231584289867,0.0,0.0,0.0
TRIM,Cash Ratio,Liquidity,0.0517779217591844,0.1251251715445786,0.0254173613924735,0.0553721663308005
TRIM,Current Ratio,Liquidity,1.678868934739568,1.816198132584797,1.8840712922234597,2.1325693558324983
TRIM,DER,Solvency,0.3524238796998669,0.6292208217245308,0.7491066891797474,0.7047227765230677
TRIM,Debt Ratio,Solvency,0.1069025296356761,0.2967290197345477,0.3747735105684716,0.2986481753959619
TRIM,GPM,Profitability,0.7495980313354393,0.7651661338041736,0.8160247420781928,0.8579242651965859
TRIM,Interest Coverage Ratio,Solvency,1.833223844824717,1.9108669518442316,5.092264367009147,3.857747650237603
TRIM,NPM,Profitability,0.0677148550085777,0.1145984197514412,0.2892070030028128,0.2042387064228954
TRIM,Operating Margin,Profitability,0.2764350060962824,0.2638553646603936,0.434248133442801,0.3352883602432061
TRIM,ROE,Profitability,0.0343788939141853,0.0591757801672963,0.1681617785130463,0.1334255385997631
TRIM,ROI,Profitability,0.0263638522329904,0.0372970379892141,0.0979175974500153,0.0793738995463462
TRIN,Cash Ratio,Liquidity,0.0090832367747446,0.0155808962082482,0.029393853983038,0.0134411548509885
TRIN,Current Ratio,Liquidity,1.976939666052178,1.1644612335077855,1.038586075473633,1.2231306518554612
TRIN,DER,Solvency,0.5631728276675008,0.8326984616973567,1.1283548905873977,1.1267802060829708
TRIN,Debt Ratio,Solvency,0.2624974409797537,0.2918685061182522,0.3328687983040596,0.330752464281247
TRIN,GPM,Profitability,0.8284160604171369,0.3694535681023374,0.4810115327629059,0.4096281397978445
TRIN,Interest Coverage Ratio,Solvency,-503.03833572381166,-473.79628125072543,125.8515056763112,-420.95207094685225
TRIN,NPM,Profitability,4.775871635026973,-10.930651615820684,0.0007465189119938,-1.0962970204119729
TRIN,Operating Margin,Profitability,-10.716690405595276,-21.58286813309877,0.1625448268750291,-1.6412163213709996
TRIN,Quick Ratio,Liquidity,0.2777163457094526,0.1748449149240713,0.1670450483914307,0.1409038012959829
TRIN,ROE,Profitability,0.0259670112220043,-0.0470094993619596,0.0003357834853985,-0.138952233788063
TRIN,ROI,Profitability,0.0166117340081654,-0.0256504276859717,0.0001577666802108,-0.0653345528563012
TRIO,Current Ratio,Liquidity,0.0721916783430373,0.0502319579242492,0.0369567556879382,0.0356548747057189
TRIO,DER,Solvency,-0.6071044178133761,-0.5799609895685813,-0.5055584194673792,-0.4906170439054018
TRIO,Debt Ratio,Solvency,21.226533008147,24.10862629953395,21.23312727843584,17.492161801016778
TRIO,GPM,Profitability,0.0564007927931539,0.1052418003737708,0.0898208950129799,0.0828695707813909
TRIO,Interest Coverage Ratio,Solvency,-0.2569547268809472,-0.1621235747905214,-0.2000367926275858,-0.1740754830887533
TRIO,NPM,Profitability,-0.5503552655129657,-0.312196732120405,0.6911972368857721,-0.1493003193199413
TRIO,Operating Margin,Profitability,-0.1168840070143342,-0.0450199033059638,-0.0289367792403113,-0.0266871862416763
TRIO,Quick Ratio,Liquidity,0.0234928443329636,0.0257587494287726,0.0144904960264982,0.0103981493234088
TRIO,ROE,Profitability,0.0699341890096961,0.036811477718296,-0.1137243810203102,0.0301651225755946
TRIO,ROI,Profitability,0.1763366934793544,0.0870905066163895,-0.2292505022562115,0.058465654984158
TRST,Current Ratio,Liquidity,1.1491028127106937,1.1725724744931925,0.9931703860018648,0.952161807311834
TRST,DER,Solvency,0.5559557888079703,0.58354745013029,0.7994057585411517,0.8025896034973825
TRST,Debt Ratio,Solvency,0.29059625258334,0.2978743445159263,0.3720650578588846,0.3759169736460268
TRST,GPM,Profitability,0.1159535855324954,0.1335347693406219,0.1168900228701741,0.0406950675637805
TRST,Interest Coverage Ratio,Solvency,3.699567478843398,5.300939898249547,3.3997881503090923,-0.4081662118652633
TRST,NPM,Profitability,0.0249859880885941,0.0469275076784244,0.0358795984170226,-0.081251684757515
TRST,Operating Margin,Profitability,0.0568133848121528,0.0673248199423837,0.0512613941773348,-0.0188626118612266
TRST,Quick Ratio,Liquidity,0.5824799020901638,0.5844675078236389,0.404975324307685,0.4455287671197731
TRST,ROE,Profitability,0.0340340155517159,0.0725408380794538,0.0509661165587997,-0.1030716362451384
TRST,ROI,Profitability,0.0219156208345738,0.0458090713186304,0.0283238598725614,-0.0571797574140885
TSPC,Cash Ratio,Liquidity,1.2762068404171318,1.3431251967383098,1.1079365633546086,1.2782558713074943
TSPC,Current Ratio,Liquidity,2.9586786216160936,3.2918886175750885,2.48332043824714,2.6948395210850857
TSPC,DER,Solvency,0.1210829933586008,0.1427048801239191,0.2010219087569504,0.1450245852999365
TSPC,Debt Ratio,Solvency,0.0805416237275974,0.0966283386802025,0.1280264353265977,0.0986583909408505
TSPC,GPM,Profitability,0.3567328264692787,0.356786125364529,0.3398429865989141,0.3584879377509086
TSPC,Interest Coverage Ratio,Solvency,22.24946101940492,22.947839370836757,11.242370816015628,13.85379316052184
TSPC,NPM,Profitability,0.0718247862322242,0.0733252139446672,0.0817363746634383,0.0897447446224029
TSPC,Operating Margin,Profitability,0.0983741609107804,0.0987365556664177,0.0598741061205884,0.0826956415749145
TSPC,Quick Ratio,Liquidity,2.217607793536919,2.442955008862323,1.842477803181788,2.03281718040722
TSPC,ROE,Profitability,0.1300818960019953,0.1261441992878996,0.1388223819026042,0.152953959954171
TSPC,ROI,Profitability,0.1173161455641672,0.1124416938501737,0.1171916147847492,0.1352238245706466
TUGU,DER,Solvency,0.0017978102552365,0.0061981708300232,0.0147244514039099,0.0315524884524079
TUGU,Debt Ratio,Solvency,0.0007177678859034,0.0024854398546434,0.0057579693769802,0.0120274061656735
TUGU,NPM,Profitability,0.081927503006121,0.0862760141054354,0.085307737057753,0.2919299084012113
TUGU,ROE,Profitability,0.0341267699702448,0.0390942184768099,0.0411348758316778,0.1380043311659824
TUGU,ROI,Profitability,0.034092587320713,0.0388861005816993,0.0405517931579707,0.1338670347806534
UCID,Current Ratio,Liquidity,1.760241979096261,2.015002932973399,2.034981516605173,2.204621829904265
UCID,DER,Solvency,0.1864519703405821,0.085783999154624,0.0586158880146557,0.0566034106544931
UCID,Debt Ratio,Solvency,0.1102882855659253,0.0544822777702993,0.0361011187781075,0.0370961847364481
UCID,GPM,Profitability,0.2046434326665862,0.2041605020823571,0.1833313576667607,0.1975526004474307
UCID,NPM,Profitability,0.036927967058785,0.0526221860098598,0.0303821979486086,0.042417492747795
UCID,Operating Margin,Profitability,0.0646671013393158,0.0712507480865656,0.0436630389680604,0.0529814078062226
UCID,Quick Ratio,Liquidity,1.531739877103585,1.6115278824936214,1.5737590285626897,1.7270538429656848
UCID,ROE,Profitability,0.0689376277025461,0.0971160047726493,0.06071554542572,0.0781230506269812
UCID,ROI,Profitability,0.0633409843307085,0.0962379079481456,0.06071554542572,0.0781230506269812
ULTJ,Cash Ratio,Liquidity,0.3796649306353737,0.1530806487983918,0.0265735830511127,0.0552556585220208
ULTJ,Current Ratio,Liquidity,2.403354646658695,3.1125599808292628,3.170016020339104,6.183793505122702
ULTJ,DER,Solvency,0.6487917806254674,0.301508011608868,0.106438788339242,0.0046813958713242
ULTJ,Debt Ratio,Solvency,0.3472853226984883,0.2054534339536235,0.0828081544118893,0.0041070149798855
ULTJ,GPM,Profitability,0.3734526244595182,0.3589352423782335,0.3209256957581856,0.3241786055954292
ULTJ,Interest Coverage Ratio,Solvency,49.10416441708959,7.015094908754013,10.91268039769158,31.480041837431692
ULTJ,NPM,Profitability,0.1842851162708077,0.1921878197430055,0.1254903835453692,0.1408224103341294
ULTJ,Operating Margin,Profitability,0.2032222948766976,0.2197394086003141,0.1661261933384638,0.1748847760034909
ULTJ,Quick Ratio,Liquidity,2.0060601399280467,2.6744193367464613,2.046148048799573,4.17756972664436
ULTJ,ROE,Profitability,0.2346817177645978,0.2519503976084844,0.1674212173937287,0.177131621290663
ULTJ,ROI,Profitability,0.1431582488260056,0.1943760418969043,0.1515793240138878,0.177089581084143
UNIC,Cash Ratio,Liquidity,1.2681538625953732,1.490904875294061,1.6939702532392864,1.1913332785208834
UNIC,Current Ratio,Liquidity,4.904908098424123,4.9310290450869205,6.528239969536783,6.9194016489260575
UNIC,DER,Solvency,0.0225910454210262,0.018363196051722,0.0149951759196059,0.0246296820632586
UNIC,Debt Ratio,Solvency,0.0177489408524162,0.0145452616487443,0.01253348176946,0.0204857059751193
UNIC,GPM,Profitability,0.1706273482618803,0.2532096497932169,0.17828569315233,0.1342992421731146
UNIC,Interest Coverage Ratio,Solvency,189.2455210571116,255.79801742666484,190.4733720140005,49.82090562617248
UNIC,NPM,Profitability,0.0852525738083895,0.1568923008851668,0.0931989403327323,0.066119514307769
UNIC,Operating Margin,Profitability,0.1091296905137414,0.1972121847660148,0.1246812242541749,0.0738984211233292
UNIC,Quick Ratio,Liquidity,2.6947365932132965,2.6245494085547887,3.2080336709807016,3.208840632398388
UNIC,ROE,Profitability,0.145553471271233,0.2510955202122757,0.1446834014598148,0.0804649983914373
UNIC,ROI,Profitability,0.1436332814249267,0.2485019229513106,0.1430526823825744,0.0796789299678178
UNSP,Cash Ratio,Liquidity,0.0,0.0104089826473703,0.0027705373561408,0.0027207680223588
UNSP,Current Ratio,Liquidity,0.0601375290935989,0.1134209032467398,0.085174609110542,0.1015775489719398
UNSP,DER,Solvency,-1.5904023308654442,-1.6652402765018663,-1.083701766416315,-0.9778190436432664
UNSP,Debt Ratio,Solvency,1.2239873074369496,1.1497156187893212,1.3077149934079275,1.16198542675271
UNSP,GPM,Profitability,0.1590622315961474,0.2473598088596801,0.1875915719220018,0.1983250130033307
UNSP,NPM,Profitability,-0.3064965051898559,0.0324055164369494,0.0517433575297243,0.0260652856595817
UNSP,Operating Margin,Profitability,-0.0422073971652962,0.1258923818354245,0.0695411915509162,0.0167024717346464
UNSP,Quick Ratio,Liquidity,0.0344522393826032,0.0646421077445901,0.0374218193993962,0.0675926427750118
UNSP,ROE,Profitability,0.1317697728407799,-0.0225693403107717,-0.0395649949542174,-0.0115697601670713
UNSP,ROI,Profitability,-0.2238552874484867,0.034009815555303,0.4911721787679117,-0.4577756358299196
UNTD,Current Ratio,Liquidity,1.0316121890898526,1.0732785475973687,1.195964821383833,0.0
UNTD,DER,Solvency,2.6166758349980563,2.838938648689472,2.834410125313665,0.0
UNTD,Debt Ratio,Solvency,0.5270633079996931,0.6175727180651038,0.6252166735286757,0.0
UNTD,GPM,Profitability,0.2232851448086253,0.2966049425675602,0.3195361146224476,0.0
UNTD,Interest Coverage Ratio,Solvency,3.2977415406768427,2.48098686801247,2.8198963001978226,0.0
UNTD,NPM,Profitability,0.0728388651706588,0.0816914232586173,0.1004063898521519,0.0
UNTD,Operating Margin,Profitability,0.130845667000571,0.1840888822107378,0.2124254961414931,0.0
UNTD,Quick Ratio,Liquidity,0.3494012575722541,0.337893030901246,0.4740638943161818,0.0
UNTD,ROE,Profitability,0.39025638123244,0.2528609838147276,0.2500833874179048,0.0
UNTD,ROI,Profitability,0.1089512408142881,0.0662170858676336,0.0653801653832838,0.0
UNTR,Cash Ratio,Liquidity,0.0408989303959009,0.0106655736463952,0.0367927114049531,0.0233462758367843
UNTR,Current Ratio,Liquidity,2.11020594901867,1.987721298722716,1.877614796461494,1.4560776437749086
UNTR,DER,Solvency,0.2070338338261229,0.1339989252905082,0.0354454970730696,0.2381658616081311
UNTR,Debt Ratio,Solvency,0.1250621299115119,0.0816173181140426,0.0213710495477519,0.1225410029983591
UNTR,GPM,Profitability,0.2152441628041023,0.2474809528955536,0.2812021863405332,0.2783117793618927
UNTR,NPM,Profitability,0.0994783748542424,0.1293684612089606,0.1699339586785457,0.1602990494937194
UNTR,Operating Margin,Profitability,0.1374385915908957,0.1872076621513458,0.2356873606172313,0.2311587221802053
UNTR,Quick Ratio,Liquidity,1.7257942962087536,1.6757014233687464,1.510628677766528,1.0542154093961753
UNTR,ROE,Profitability,0.0995780423582552,0.1499372016505911,0.2479996575130633,0.2600836773982344
UNTR,ROI,Profitability,0.0841809198739888,0.1341400785568358,0.2446344782022161,0.2140504400434714
UNVR,Cash Ratio,Liquidity,0.0,0.0,0.0031604480967749,0.0
UNVR,Current Ratio,Liquidity,0.6609272847926444,0.6140710856725575,0.6082327892692487,0.5516622107261888
UNVR,DER,Solvency,0.8050827890487401,0.6333477503946179,0.3212268616270762,0.2220438194531115
UNVR,Debt Ratio,Solvency,0.1935749323386949,0.1435278814331381,0.0700959716704459,0.0450539561545709
UNVR,GPM,Profitability,0.5225901119865708,0.4962931105046662,0.4625292229548881,0.4971203712602917
UNVR,Interest Coverage Ratio,Solvency,37.98790948189236,41.53838789242519,82.95651969816103,59.255289232801736
UNVR,NPM,Profitability,0.1667005720917999,0.1456064828267282,0.1301529995440681,0.1243399585526565
UNVR,Operating Margin,Profitability,0.2199317637611462,0.19419053663612,0.1714944178130406,0.1626276912355498
UNVR,Quick Ratio,Liquidity,0.4765292041885569,0.4168962339712685,0.3972483052264856,0.3358700773202489
UNVR,ROE,Profitability,1.4508815223009506,1.332513203875991,1.342110938103539,1.4198763884707315
UNVR,ROI,Profitability,0.9008053953237576,0.933057366321254,1.1669485014539107,1.4198763884707315
URBN,Cash Ratio,Liquidity,0.0086431875279511,0.0076870937846738,0.0,0.0
URBN,Current Ratio,Liquidity,1.3410702629194629,1.2138934554648142,1.1060174401397715,0.0
URBN,DER,Solvency,0.2338374883477011,0.1645731309200239,0.4653767014715561,0.0
URBN,Debt Ratio,Solvency,0.0647727373988569,0.0424353575463807,0.1152277123419454,0.0
URBN,GPM,Profitability,0.2139881907935615,0.2932380196001789,0.2350130378529114,0.0
URBN,NPM,Profitability,0.6596774902476163,0.995694221372375,0.2957436837581966,0.0
URBN,Operating Margin,Profitability,-0.1452589394995642,-0.2169518820123974,-0.5611868433104008,0.0
URBN,Quick Ratio,Liquidity,0.5121139709723094,0.4611406275682388,0.4294842368839553,0.0
URBN,ROE,Profitability,0.0770951412585016,0.0677621783190281,0.011134800369935,0.0
URBN,ROI,Profitability,0.0624840321246389,0.0581862800367851,0.0075985924702865,0.0
VICI,Cash Ratio,Liquidity,0.1961124881279504,0.0,0.0,0.0
VICI,Current Ratio,Liquidity,2.265584607661353,3.473136679541596,2.5671713252633874,3.774060582875604
VICI,DER,Solvency,0.3567077186110398,0.1933474010582453,0.1764311211456679,0.0768137306667499
VICI,Debt Ratio,Solvency,0.2342314979265534,0.1453611035221492,0.1227936244135221,0.0614609516029339
VICI,GPM,Profitability,0.4964900017074338,0.4975986784100479,0.5254513330499972,0.5573690728010001
VICI,Interest Coverage Ratio,Solvency,10.7281531920907,15.524843518645122,9.668371383467266,18.372093763727086
VICI,NPM,Profitability,0.1418156066775152,0.1537382130158564,0.0933701221992908,0.1310128368899573
VICI,Operating Margin,Profitability,0.2105249696982802,0.2115465152660938,0.1417111134437938,0.183350482855593
VICI,Quick Ratio,Liquidity,1.296511279454536,1.9469577219907432,1.318938297236411,1.9210084675014127
VICI,ROE,Profitability,0.2354152648869356,0.2363184213182614,0.1218943998946173,0.1942396085028575
VICI,ROI,Profitability,0.1738452159293881,0.1982558843131922,0.103692054630657,0.1803933865366069
VICO,Cash Ratio,Liquidity,0.0761458400071244,0.0369109717293707,0.0557084908495819,0.0513256408163886
VICO,Current Ratio,Liquidity,1.022871832005908,1.104725966551845,0.7829293576683204,0.9921860727116792
VICO,DER,Solvency,0.7920060548906627,0.6109006211041783,0.3271960252680158,0.4619179132758131
VICO,Debt Ratio,Solvency,0.0573056442474826,0.0545023941303483,0.035824896466173,0.0437324460115806
VICO,GPM,Profitability,0.8566355301144137,0.7809916072183759,0.7632292336142157,0.8903753171092097
VICO,Interest Coverage Ratio,Solvency,0.1693864160059686,0.4728662737802637,0.7173095188984321,0.3236701450762468
VICO,NPM,Profitability,-0.0471080517949816,-0.01504204749953,0.0501521798333635,0.0235434365480311
VICO,Operating Margin,Profitability,0.7735228047166962,0.7613533381760328,0.6094254002802787,0.7430235308447388
VICO,ROE,Profitability,-0.0560135330739602,-0.0137895470265043,0.0360137379116015,0.0167666132762005
VICO,ROI,Profitability,-0.0312574463245203,-0.0085601475633253,0.0271352062739405,0.0116267183792842
VIVA,Cash Ratio,Liquidity,0.0006105347336075,9.449120866017317e-05,3.350430736878254e-05,0.0
VIVA,Current Ratio,Liquidity,0.4878912284834754,0.4426589061032766,0.3482163960475998,0.0
VIVA,DER,Solvency,-9.647661558571444,-2.924941046848011,-1.74082590523405,0.0
VIVA,Debt Ratio,Solvency,0.3985663576638844,0.4074257094830032,0.4299583614183855,0.0
VIVA,GPM,Profitability,0.5991284712327531,0.584506277700944,0.573542595411531,0.0
VIVA,Interest Coverage Ratio,Solvency,0.0802637737998048,0.1967251920344277,0.041126993167563,0.0
VIVA,NPM,Profitability,-0.4468627724419768,-0.4911860069828482,-1.0134531486124465,0.0
VIVA,Operating Margin,Profitability,0.0211353908720516,0.0657923190938173,0.0170480790162019,0.0
VIVA,Quick Ratio,Liquidity,0.4326298218427291,0.3719945368208003,0.2802237103534379,0.0
VIVA,ROE,Profitability,2.3065627613773207,0.7453520969550083,0.7855056658694424,0.0
VIVA,ROI,Profitability,-0.269864243294789,-0.3992135539683009,-1.0885225376311674,0.0
VKTR,Cash Ratio,Liquidity,0.0,0.0,0.0222200989683208,2.537060975142671
VKTR,Current Ratio,Liquidity,0.4714818316536246,0.9030863292782512,0.7462331377223954,4.94735053046842
VKTR,DER,Solvency,0.951701387210595,0.6264716507498356,1.0355878721360954,0.0483776916389277
VKTR,Debt Ratio,Solvency,0.130893915748852,0.0878132384637357,0.1826983120422497,0.030184732311971
VKTR,GPM,Profitability,-0.0734824896302082,0.1672845704660633,0.1798679898798465,0.2009602001013314
VKTR,Interest Coverage Ratio,Solvency,-38.22361578464362,7.022172949002218,11.964388109250038,4.389834859245315
VKTR,NPM,Profitability,-0.3868454928539207,0.0307872163114824,0.0463025029641593,0.0051117753531061
VKTR,Operating Margin,Profitability,-0.3436967069722408,0.051292886400914,0.0740227610094012,0.048315129461267
VKTR,Quick Ratio,Liquidity,0.2532839814125646,0.4339208316757051,0.5356532597996192,4.265382626680455
VKTR,ROE,Profitability,-1.699453816037508,0.193688227720296,0.2721690218136918,0.0052144425071208
VKTR,ROI,Profitability,-0.8729222786350038,0.1214730127747085,0.1355418970290427,0.0050468985934141
VTNY,Cash Ratio,Liquidity,0.0,0.030274546435527,0.0004411803002239,0.0039353643114225
VTNY,Current Ratio,Liquidity,0.0,1.0734144749399122,2.002682174600082,1.3744183296740629
VTNY,DER,Solvency,0.0,6.096218239259766,0.8524718385999395,1.3473157453843876
VTNY,Debt Ratio,Solvency,0.0,0.832270562072814,0.4505517352729297,0.5510845279703188
VTNY,GPM,Profitability,0.0,0.5065408346633069,0.4378656466941838,0.3741677053944355
VTNY,NPM,Profitability,0.0,0.0089024558355764,0.010228684265879,0.0088931744822108
VTNY,Operating Margin,Profitability,0.0,0.0844517549373772,0.0716493248827811,0.0547391001786024
VTNY,ROE,Profitability,0.0,0.0107986860002489,0.0019242170646545,0.0041250737126899
VTNY,ROI,Profitability,0.0,0.0015715372741695,0.0010477933283048,0.0017619388762417
WEGE,Cash Ratio,Liquidity,0.2081857716834123,0.1830017051675773,0.2028032054080455,0.1410311544537139
WEGE,Current Ratio,Liquidity,1.4862991307351647,1.4549813819543098,1.982261469255751,1.9319506881575124
WEGE,DER,Solvency,0.2383121534666539,0.2300953578356699,0.2368252606518207,0.0874140912520914
WEGE,Debt Ratio,Solvency,0.0847130826646029,0.0903631895305299,0.1108010028842827,0.0401870431092306
WEGE,GPM,Profitability,0.0754674746607436,0.0853737793193414,0.0963770813063633,0.0761911540915884
WEGE,NPM,Profitability,0.0545467800964173,0.0675085130322743,0.0972225043399633,0.0117350522782083
WEGE,Operating Margin,Profitability,0.052944010447403,0.0669805403692005,0.0706282427757235,0.0576790147719583
WEGE,Quick Ratio,Liquidity,1.1636992322329205,1.173803985973538,1.4923089783593528,1.4910814957865548
WEGE,ROE,Profitability,0.0708999677433034,0.0911637071021541,0.0906482769233438,0.0182657607249175
WEGE,ROI,Profitability,0.0572553273783342,0.0741110894545241,0.0732910943907882,0.0167974287549333
WEHA,Cash Ratio,Liquidity,0.0,0.0335811909952507,0.7354393550958119,0.5800794916924578
WEHA,Current Ratio,Liquidity,0.3685071297660971,0.4227925087193572,1.5367187574256882,2.9040843167056933
WEHA,DER,Solvency,0.6670792400700228,0.6735775420560243,0.3533919440747624,0.4059463409004835
WEHA,Debt Ratio,Solvency,0.3275023253445674,0.3276631766365186,0.2380541971855562,0.2628877372258793
WEHA,GPM,Profitability,-0.0207273711685394,0.3349073648129595,0.4258137509084634,0.4032063595929321
WEHA,Interest Coverage Ratio,Solvency,-6.957212572444852,-0.6403157302907093,6.779264051850423,5.675289864800248
WEHA,NPM,Profitability,-0.4757494169527678,-0.1030179327444427,0.1086190200117184,0.11873671805102
WEHA,Operating Margin,Profitability,-0.564564790344222,-0.0468193903890848,0.1575798639570306,0.1726737998766797
WEHA,Quick Ratio,Liquidity,0.3285930976753987,0.3659824916930499,1.4446059522325274,2.8211541625742806
WEHA,ROE,Profitability,-0.2849671218940325,-0.0889410598923697,0.1014294421736063,0.1392353288553912
WEHA,ROI,Profitability,-0.1727257411248537,-0.0535686881901699,0.0754148179651625,0.0995802830902214
WIIM,Cash Ratio,Liquidity,0.9588227343565556,0.7958581121947709,0.7426064282871103,0.1134947968518175
WIIM,Current Ratio,Liquidity,3.663309568185384,2.932255300629209,2.835716833428616,3.083638146727665
WIIM,DER,Solvency,0.0228452931314738,0.0076624030906483,0.0050483606792535,0.0186116093905225
WIIM,Debt Ratio,Solvency,0.0167591376468384,0.0053349537989841,0.0034893786762595,0.0133331870212893
WIIM,GPM,Profitability,0.3136506373323864,0.2383329038806861,0.2129450259358835,0.2649681389820913
WIIM,Interest Coverage Ratio,Solvency,50.23287218015284,96.40805113863983,273.8107701919511,670.9249571679893
WIIM,NPM,Profitability,0.0863811897087725,0.0646261017419592,0.0673078072218796,0.1014019840513956
WIIM,Operating Margin,Profitability,0.1043684522831491,0.0753011607009405,0.0833409384777167,0.1267611555961337
WIIM,Quick Ratio,Liquidity,1.7629909522017508,1.3590993607539257,1.4491249796348251,0.840535474125117
WIIM,ROE,Profitability,0.1454392061578903,0.1341718223585671,0.166326516268592,0.2678841144417706
WIIM,ROI,Profitability,0.1436417524097772,0.1341718223585671,0.166326516268592,0.2632400461894056
WIKA,Cash Ratio,Liquidity,0.0661834012492779,0.042652839704041,0.0422301130567892,0.0200243669367013
WIKA,Current Ratio,Liquidity,1.0852341133713674,1.0058714291123627,1.102378008921881,0.8013481986152828
WIKA,DER,Solvency,1.9211324651933768,2.1794567287076907,2.5766222188178327,6.419479113097744
WIKA,Debt Ratio,Solvency,0.3858143557263465,0.4098180760632781,0.4449583526139187,0.5594200146183234
WIKA,GPM,Profitability,0.0922079273015743,0.0951486127444982,0.1025283291204464,0.082650553140506
WIKA,Interest Coverage Ratio,Solvency,1.198476718682714,0.9703625741071592,1.2495761373722372,-1.1826047115723988
WIKA,NPM,Profitability,0.0112337863297665,0.0066068947756662,-0.002774394276399,-0.3163848906932112
WIKA,Operating Margin,Profitability,0.0386884439998137,0.0528776457037935,0.0667690484634174,0.0395274561812485
WIKA,Quick Ratio,Liquidity,0.7720697759529361,0.5791634921147002,0.5918905336543182,0.4003351701120204
WIKA,ROE,Profitability,0.0135812545452938,0.0090186389838835,-0.0045971187739185,-1.239724342508724
WIKA,ROI,Profitability,0.0046680995736625,0.0028606105426008,-0.0012923508303963,-0.1676988852057159
WINE,Cash Ratio,Liquidity,0.1254948876462417,0.0,0.0,0.0
WINE,Current Ratio,Liquidity,1.4702445713534371,1.2803190864024192,1.481611113243114,0.0
WINE,DER,Solvency,0.7510905886970396,1.0178699960589532,0.8851380505932349,0.0
WINE,Debt Ratio,Solvency,0.3849306447195399,0.4705362928649039,0.432033539035116,0.0
WINE,GPM,Profitability,0.4028425833699356,0.4520419180007111,0.4797047960972991,0.0
WINE,Interest Coverage Ratio,Solvency,-1.1889087645526957,-0.8999274147928195,2.431514051888588,0.0
WINE,NPM,Profitability,-0.1055472647112965,-0.1061710164026557,0.1121273191189362,0.0
WINE,Operating Margin,Profitability,-0.0174944714419302,-0.0084684630294844,0.2187743238401562,0.0
WINE,Quick Ratio,Liquidity,0.608761827870387,0.3865971757160587,0.4990799011962942,0.0
WINE,ROE,Profitability,-0.0741833039401595,-0.070794259997849,0.1434235555793937,0.0
WINE,ROI,Profitability,-0.0426230974356213,-0.0375744541967819,0.0803335321043329,0.0
WINS,Cash Ratio,Liquidity,0.0080475347636221,0.4028312576996849,0.0,0.1826927259272125
WINS,Current Ratio,Liquidity,1.2592040312628547,2.2089201454978338,2.56001799303151,2.1411618000396366
WINS,DER,Solvency,0.5133114101249506,0.2388866381680733,0.1639722141628342,0.1238901261041515
WINS,Debt Ratio,Solvency,0.2885964942938783,0.1527923876312747,0.1108374273464777,0.0857189968840129
WINS,GPM,Profitability,0.0260294554881485,0.141689618220245,0.1842155685387293,0.2069911800897254
WINS,Interest Coverage Ratio,Solvency,-3.333521724623074,1.2044778258138868,1.532567332120626,6.209429172372074
WINS,NPM,Profitability,-0.2848063325460537,0.0043077281065869,0.0182015231834197,0.0919705552152832
WINS,Operating Margin,Profitability,-0.1181360344092745,0.003789967659438,0.0842999512267604,0.1098395754897499
WINS,ROE,Profitability,-0.0997233132112694,0.0014513115956945,0.0086704429530763,0.0495146772318697
WINS,ROI,Profitability,-0.0658974171106233,0.0011714644027807,0.0074490119674483,0.04405651058036
WIRG,Cash Ratio,Liquidity,0.0,0.0,0.3996761020905239,0.2481470424110521
WIRG,Current Ratio,Liquidity,1.5655623619145689,1.380175373372356,2.5098179664828497,1.7604995441250944
WIRG,DER,Solvency,0.0908811526906762,0.0544547387570349,0.0654939172936793,0.0885884540479251
WIRG,Debt Ratio,Solvency,0.0532719749796582,0.0290985724156284,0.0439789299534282,0.0522813999766077
WIRG,GPM,Profitability,0.1164899286860473,0.1243365472986095,0.1210624804995501,0.1204348089709146
WIRG,Interest Coverage Ratio,Solvency,11.814049482752528,26.228372853047425,37.22499282537861,30.295870111673995
WIRG,NPM,Profitability,0.0170978213708635,0.0365956512242666,0.0244220094956691,0.0277000183723151
WIRG,Operating Margin,Profitability,0.0274915835102724,0.0554647036399477,0.0378024198061491,0.0392183422324638
WIRG,Quick Ratio,Liquidity,1.5043888816407596,1.3324701009982778,2.5031346260430265,1.7528488291192017
WIRG,ROE,Profitability,0.0653577617744888,0.1593277726800726,0.0696236215552548,0.1037998680194641
WIRG,ROI,Profitability,0.0615959552643072,0.1540698351218113,0.0692868774887523,0.0997192724879686
WMPP,Cash Ratio,Liquidity,8.157972142046312e-05,0.0345433706419359,0.0335758557022388,0.0
WMPP,Current Ratio,Liquidity,1.0220184859525836,1.4649530726999918,0.8744533235436337,0.0
WMPP,DER,Solvency,1.834997237377058,0.790497848651088,1.6061287098218755,0.0
WMPP,Debt Ratio,Solvency,0.4169600648752569,0.2941631422243367,0.4758871895147291,0.0
WMPP,GPM,Profitability,0.1462288730821218,0.1335444000989195,0.0768620262412442,0.0
WMPP,Interest Coverage Ratio,Solvency,2.113667555979787,3.0074714458839096,0.1200905996607343,0.0
WMPP,NPM,Profitability,0.0240061175899288,0.0396727619879399,-0.0700703382980035,0.0
WMPP,Operating Margin,Profitability,0.0786190709908185,0.0907585216320161,-0.0234694007118613,0.0
WMPP,Quick Ratio,Liquidity,0.4349957877660091,0.8358391953999321,0.4859939172443638,0.0
WMPP,ROE,Profitability,0.0908207786124407,0.1175230831215733,-0.1710267663572845,0.0
WMPP,ROI,Profitability,0.0329913783318268,0.0665793762578123,-0.0664500002473905,0.0
WMUU,Current Ratio,Liquidity,1.0552533379628488,1.725545544548574,0.5643584518026715,0.0
WMUU,DER,Solvency,0.9311931342508764,0.7018193587271645,1.0654640576371273,0.0
WMUU,Debt Ratio,Solvency,0.441616026206291,0.3711054349510616,0.4689349705871824,0.0
WMUU,GPM,Profitability,0.1398160716980022,0.1567621094030427,0.0760942626263014,0.0
WMUU,Interest Coverage Ratio,Solvency,8.51161795399589,6.0234672760008126,0.8515619937887539,0.0
WMUU,NPM,Profitability,0.0634902219037678,-0.0678323963454411,-0.0036448728043709,0.0
WMUU,Operating Margin,Profitability,0.0843320980896645,0.1005787134968258,0.0255030169971457,0.0
WMUU,Quick Ratio,Liquidity,0.7877171493446374,1.3162733735536558,0.3218795757307494,0.0
WMUU,ROE,Profitability,0.1086210534620631,-0.1713520095505158,-0.0075086188621409,0.0
WMUU,ROI,Profitability,0.0585372811363874,-0.102599099672714,-0.0037039883661952,0.0
WOMF,DER,Solvency,3.1049837866189973,2.631258320084377,2.506459929559244,2.6697171214242164
WOMF,Debt Ratio,Solvency,0.719689950137283,0.687688965245547,0.6725495933035625,0.6823126068554782
WOMF,Free Cash Flow,Liquidity,2789432000000.0,179138000000.0,-46574000000.0,-569126000000.0
WOMF,NPM,Profitability,0.0428546781417838,0.093731104831883,0.1453220754560183,0.1471604904457449
WOMF,ROE,Profitability,0.0468778722684599,0.0818075664361757,0.1304282681817941,0.1393973307734671
WOMF,ROI,Profitability,0.0115519189074539,0.0227662682023308,0.0375242854969888,0.038238635665174
WOOD,Cash Ratio,Liquidity,0.0035429525062186,0.0238940918646738,0.0087694357620272,0.0426602720353554
WOOD,Current Ratio,Liquidity,1.353804182705186,2.068290233978068,2.4323282001938127,1.8616067042997135
WOOD,DER,Solvency,0.785470804123107,0.7338618201502495,0.7939311084303238,0.7277786120131192
WOOD,Debt Ratio,Solvency,0.3955914397513624,0.3919014592926262,0.4280380515271404,0.4014844345891656
WOOD,GPM,Profitability,0.3364532527279202,0.3539315996130125,0.3109694153525855,0.3381792542446549
WOOD,NPM,Profitability,0.107178871961658,0.0990724000678646,0.0392253941339576,0.044377111595626
WOOD,Operating Margin,Profitability,0.227208674337534,0.1791503277980297,0.1010092914575305,0.1696224767073397
WOOD,Quick Ratio,Liquidity,0.5405698345610367,0.8190486128571115,1.0549341468806408,0.7482878221060947
WOOD,ROE,Profitability,0.1064408996393144,0.1477475686815118,0.0473443649759512,0.0229483859653338
WOOD,ROI,Profitability,0.0602220609914318,0.0859399982105224,0.0265555766393042,0.0133240221327305
WSBP,Cash Ratio,Liquidity,0.00381063800026,0.0,0.003880938126737,0.0076768718586321
WSBP,Current Ratio,Liquidity,0.5476258821521347,0.4350070845941652,0.3425213338098563,0.6341820086780784
WSBP,DER,Solvency,-6.514392204083887,-2.116055360717632,-1.926519945730856,-4.719413165838739
WSBP,Debt Ratio,Solvency,0.6629682004833942,0.8543236412274806,0.6794274850882478,0.701077577224571
WSBP,GPM,Profitability,-0.0240090983041283,0.2224151585023979,0.1475264400372965,0.1539412596910486
WSBP,NPM,Profitability,-1.9387202212617085,-1.4081608625337538,0.3276981680586245,0.0042352347310175
WSBP,Operating Margin,Profitability,-1.0471021426274507,-0.5014135545964857,-0.3828246343747227,-0.4875412975025191
WSBP,Quick Ratio,Liquidity,0.4179195890150099,0.3731805042745738,0.2894444711270342,0.5395455076182968
WSBP,ROE,Profitability,4.904811546904065,0.6994213099570366,-0.3213041777246864,-0.0094813240464877
WSBP,ROI,Profitability,-0.8954497559290701,-0.6301691651539549,0.348566652485104,0.0025590848847227
WSKT,Cash Ratio,Liquidity,0.000700093055234,0.255738986365354,0.0435235664560379,0.0256346557044572
WSKT,Current Ratio,Liquidity,0.5920990829129834,1.565667764002521,1.5819984369668505,0.994898658004306
WSKT,DER,Solvency,20.345829316360607,6.740069530367549,7.107103006050802,12.30905271858136
WSKT,Debt Ratio,Solvency,0.645381317424458,0.655115026013135,0.6583371462037434,0.6800893410782737
WSKT,GPM,Profitability,0.0651268142849702,0.1553064624698448,0.0947101937983748,0.0777501604219003
WSKT,NPM,Profitability,-0.4545690144212205,-0.0896760915473431,-0.1241477509295695,-0.3441809294095204
WSKT,Operating Margin,Profitability,-0.2091964529172173,0.0064058092391234,-0.0224536570119764,-0.0767957251986446
WSKT,Quick Ratio,Liquidity,0.5133647421129295,1.4055619845872285,1.3792949351795727,0.8113281437532699
WSKT,ROE,Profitability,-2.302484987937335,-0.1088616406459329,-0.208786144532547,-0.71384911314942
WSKT,ROI,Profitability,-0.1080100763431634,-0.014076518500127,-0.0257669001755464,-0.0536576836660987
WTON,Cash Ratio,Liquidity,0.1130322681171338,0.1230271556015864,0.1223299668497949,0.0426887746515642
WTON,Current Ratio,Liquidity,1.1150693385864556,1.117567937274094,1.1236378778171665,1.176306951346048
WTON,DER,Solvency,0.2734360826558076,0.4218683161072956,0.4058097578279603,0.1087752374560183
WTON,Debt Ratio,Solvency,0.1068392131718167,0.1588714015640513,0.1515632944433594,0.0503295525897109
WTON,GPM,Profitability,0.0644388491768006,0.0531668610232346,0.0861386126997121,0.0768276579884767
WTON,Interest Coverage Ratio,Solvency,1.6289993620687222,1.3620715795544358,4.671359975913141,3.038900617777069
WTON,NPM,Profitability,0.0266589452187741,0.0185934603060413,0.0271355450732322,0.0081192141254892
WTON,Operating Margin,Profitability,0.0297610685807911,0.0205913665060462,0.0648913391623155,0.0396006208626291
WTON,Quick Ratio,Liquidity,0.9464251917022646,0.9179751786113922,0.9275812635945532,0.9186853857846274
WTON,ROE,Profitability,0.0385153431328185,0.024239393923322,0.0461715154461185,0.0096644772233699
WTON,ROI,Profitability,0.0305694471480852,0.0172772850188921,0.033123063803901,0.0087340017018691
YPAS,Current Ratio,Liquidity,1.7493624557423453,1.7595857488151097,1.440237278152435,1.722002927376193
YPAS,DER,Solvency,0.5735411069086903,0.4909807105509864,0.7746044425460114,0.5468444274725686
YPAS,Debt Ratio,Solvency,0.2730557086232914,0.2320479365221222,0.3216870740903054,0.2547666725760425
YPAS,GPM,Profitability,0.124156714788562,0.0573616787766138,0.0729820463075739,0.1107024771596966
YPAS,Interest Coverage Ratio,Solvency,0.0,0.0,0.0325268555150751,2.4748030580956013
YPAS,NPM,Profitability,0.0274893058960921,-0.0279751587438625,-0.0037436506703924,0.0237432264498306
YPAS,Operating Margin,Profitability,0.0571775207648742,-0.0049696508982273,0.0005750402603695,0.036242362935758
YPAS,Quick Ratio,Liquidity,1.0918931369976026,1.0234261890981475,0.8790906530837246,1.030965689015042
YPAS,ROE,Profitability,0.0634812291257672,-0.0777348490315434,-0.0117013433688955,0.0640673080107085
YPAS,ROI,Profitability,0.0403828101252445,-0.0521777311393471,-0.0065960916109945,0.0414642130068077
YULE,Cash Ratio,Liquidity,4.934265867261082,7.542326309713766,0.0,0.0
YULE,Current Ratio,Liquidity,23.565382257013628,19.120079337083062,36.3012463290735,13.912114893176216
YULE,DER,Solvency,0.0,0.0,0.0049433746406588,0.0023748135025286
YULE,Debt Ratio,Solvency,0.0,0.0,0.004787087924928,0.0022050518052415
YULE,GPM,Profitability,0.9560535526408704,0.7240585634054272,0.6972552709875288,0.5038043133801504
YULE,Interest Coverage Ratio,Solvency,-871.1422831071892,5494.350114860804,0.0,0.0
YULE,NPM,Profitability,-0.1680732704483846,0.7793733158015066,0.7503293275967401,0.5435748142082708
YULE,Operating Margin,Profitability,-0.2562558194355288,0.7240585634054272,0.6972552709875288,0.5038043133801504
YULE,ROE,Profitability,-0.0207892533487307,0.1887460389174483,0.1139423658134918,0.0516140214922243
YULE,ROI,Profitability,-0.0207892533487307,0.1887460389174483,0.1139423658134918,0.0516140214922243
ZBRA,Current Ratio,Liquidity,0.0820180206764546,1.502870123989483,1.4152611818220835,0.0
ZBRA,DER,Solvency,-0.3116961219917735,0.8391140619687211,0.8898846331323376,0.0
ZBRA,Debt Ratio,Solvency,0.4990465610744854,0.3600519507852984,0.3519407983230579,0.0
ZBRA,GPM,Profitability,0.1714091397388078,0.1392093383032432,0.118600032491612,0.0
ZBRA,Interest Coverage Ratio,Solvency,-1146.2455344832122,1.2816404200508222,0.1227800370275594,0.0
ZBRA,NPM,Profitability,-0.1111490739924513,0.0083005000551029,-0.0394194390167761,0.0
ZBRA,Operating Margin,Profitability,-0.1563915183799023,0.0417143713687956,0.0071228022671639,0.0
ZBRA,Quick Ratio,Liquidity,0.0797379616804908,0.9060847945603996,0.8955480217464062,0.0
ZBRA,ROE,Profitability,0.1525992280119808,0.0213156156045857,-0.0934225921891238,0.0
ZBRA,ROI,Profitability,0.2217032809019812,0.0117628216888112,-0.0504681713482658,0.0
ZINC,Cash Ratio,Liquidity,0.1605957008166186,0.0,0.0,0.0
ZINC,Current Ratio,Liquidity,1.173594017143657,2.81003509085547,0.9572940896524568,1.2923945037026698
ZINC,DER,Solvency,0.3190206985938219,1.2018266167557796,1.9958593694361813,2.1126865317278054
ZINC,Debt Ratio,Solvency,0.1807362737583165,0.5067747234523077,0.617094591645684,0.6028631217182464
ZINC,GPM,Profitability,0.2660005476371393,0.3336515444399548,0.2473448549809514,0.1752861825788608
ZINC,Interest Coverage Ratio,Solvency,1.6900968590360657,2.104758293821652,0.4657993573429717,-0.04541188550203
ZINC,NPM,Profitability,0.0508983294527049,0.0955621049171615,-0.1434767465469027,-0.0439116075642044
ZINC,Operating Margin,Profitability,0.1305325749226112,0.1721987422799209,0.0769687063646245,-0.0073825994593632
ZINC,Quick Ratio,Liquidity,0.9331432362208922,2.1462227869529857,0.728686783059427,0.8698791446747445
ZINC,ROE,Profitability,0.0392912996132444,0.0923473742406353,-0.134444531662362,-0.027862684681008
ZINC,ROI,Profitability,0.030319313334144,0.0423108758228011,-0.0450010780304286,-0.0089584657040899
